ISO-10303-21;
HEADER;
FILE_DESCRIPTION (( 'STEP AP214' ),
    '1' );
FILE_NAME ('MP1584EN-LF-P.STEP',
    '2026-04-28T15:19:05',
    ( 'LENOVO' ),
    ( '' ),
    'SwSTEP 2.0',
    'SolidWorks 2021',
    '' );
FILE_SCHEMA (( 'AUTOMOTIVE_DESIGN' ));
ENDSEC;

DATA;
#1 = EDGE_CURVE ( 'NONE', #775, #1019, #367, .T. ) ;
#2 = ORIENTED_EDGE ( 'NONE', *, *, #1853, .F. ) ;
#3 = CARTESIAN_POINT ( 'NONE',  ( 2.984653575776291756, 6.428775942946129489E-16, 0.8450000000000000844 ) ) ;
#4 = AXIS2_PLACEMENT_3D ( 'NONE', #2256, #2625, #2723 ) ;
#5 = LINE ( 'NONE', #3852, #1858 ) ;
#6 = ADVANCED_FACE ( 'NONE', ( #516 ), #1928, .F. ) ;
#7 = CARTESIAN_POINT ( 'NONE',  ( 1.800968516274153108, 1.035016686030104438, 2.449997654931399094 ) ) ;
#8 = VERTEX_POINT ( 'NONE', #4731 ) ;
#9 = FACE_OUTER_BOUND ( 'NONE', #2799, .T. ) ;
#10 = DIRECTION ( 'NONE',  ( 0.000000000000000000, 0.000000000000000000, -1.000000000000000000 ) ) ;
#11 = ORIENTED_EDGE ( 'NONE', *, *, #1555, .T. ) ;
#12 = VECTOR ( 'NONE', #1570, 1000.000000000000114 ) ;
#13 = EDGE_CURVE ( 'NONE', #1115, #931, #3917, .T. ) ;
#14 = COLOUR_RGB ( '',0.8000000000000000444, 0.8196078431372548767, 0.9333333333333333481 ) ;
#15 = DIRECTION ( 'NONE',  ( -0.000000000000000000, -0.000000000000000000, -1.000000000000000000 ) ) ;
#16 = EDGE_CURVE ( 'NONE', #782, #207, #4003, .T. ) ;
#17 = EDGE_LOOP ( 'NONE', ( #1418, #776, #2653, #4760 ) ) ;
#18 = CARTESIAN_POINT ( 'NONE',  ( -1.950000000000000400, 1.034999999999999698, -0.4250000000000000444 ) ) ;
#19 = CARTESIAN_POINT ( 'NONE',  ( -1.950000000000000844, 0.8149999999999995026, -2.449999999999996625 ) ) ;
#20 = DIRECTION ( 'NONE',  ( 0.000000000000000000, 1.000000000000000000, 0.000000000000000000 ) ) ;
#21 = PLANE ( 'NONE',  #1745 ) ;
#22 = ORIENTED_EDGE ( 'NONE', *, *, #2864, .T. ) ;
#23 = CARTESIAN_POINT ( 'NONE',  ( -1.949997654931401980, 0.8149833139698950957, -2.300968516274151110 ) ) ;
#24 = VECTOR ( 'NONE', #2280, 1000.000000000000000 ) ;
#25 = SURFACE_STYLE_FILL_AREA ( #1132 ) ;
#26 = CARTESIAN_POINT ( 'NONE',  ( 1.950000000000000400, 0.8149999999999995026, -1.695000000000000062 ) ) ;
#27 = ORIENTED_EDGE ( 'NONE', *, *, #4329, .T. ) ;
#28 = AXIS2_PLACEMENT_3D ( 'NONE', #785, #2110, #3877 ) ;
#29 = CARTESIAN_POINT ( 'NONE',  ( 2.032604911331567621, 0.7819045920933291871, -2.115000000000000213 ) ) ;
#30 = ADVANCED_FACE ( 'NONE', ( #2184 ), #1727, .F. ) ;
#31 = DIRECTION ( 'NONE',  ( -0.1736481776669290544, 0.9848077530122083534, 0.000000000000000000 ) ) ;
#32 = DIRECTION ( 'NONE',  ( -1.000000000000000000, 0.000000000000000000, -3.599011360947732101E-16 ) ) ;
#33 = ORIENTED_EDGE ( 'NONE', *, *, #443, .T. ) ;
#34 = VECTOR ( 'NONE', #1882, 1000.000000000000000 ) ;
#35 = DIRECTION ( 'NONE',  ( 0.06975647374412569102, -0.9975640502598241977, 0.000000000000000000 ) ) ;
#36 = LINE ( 'NONE', #5008, #146 ) ;
#37 = ORIENTED_EDGE ( 'NONE', *, *, #2023, .F. ) ;
#38 = CIRCLE ( 'NONE', #684, 0.1499999999999999667 ) ;
#39 = CARTESIAN_POINT ( 'NONE',  ( 2.406941701005582690, 0.2609347672024824316, 1.694999999999999840 ) ) ;
#40 = ORIENTED_EDGE ( 'NONE', *, *, #211, .F. ) ;
#41 = LINE ( 'NONE', #19, #72 ) ;
#42 = LINE ( 'NONE', #4458, #90 ) ;
#43 = DIRECTION ( 'NONE',  ( 1.000000000000000000, 0.000000000000000000, 0.000000000000000000 ) ) ;
#44 = ORIENTED_EDGE ( 'NONE', *, *, #4417, .T. ) ;
#45 = FACE_OUTER_BOUND ( 'NONE', #3044, .T. ) ;
#46 = CARTESIAN_POINT ( 'NONE',  ( 2.159999999999999698, 0.2499999999999997224, 0.8450000000000000844 ) ) ;
#47 = ORIENTED_EDGE ( 'NONE', *, *, #144, .F. ) ;
#48 = FACE_OUTER_BOUND ( 'NONE', #17, .T. ) ;
#49 = EDGE_CURVE ( 'NONE', #552, #2009, #3985, .T. ) ;
#50 = PRESENTATION_STYLE_ASSIGNMENT (( #3510 ) ) ;
#51 = CARTESIAN_POINT ( 'NONE',  ( 2.409250319958275544, 0.2939495563588615523, -1.695000000000000062 ) ) ;
#52 = CARTESIAN_POINT ( 'NONE',  ( -1.204999999999998961, 0.2500000000000006106, 1.650000000000000355 ) ) ;
#53 = EDGE_LOOP ( 'NONE', ( #3025, #318, #1150, #2958 ) ) ;
#54 = PLANE ( 'NONE',  #614 ) ;
#55 = DIRECTION ( 'NONE',  ( 1.000000000000000000, 0.000000000000000000, 0.000000000000000000 ) ) ;
#56 = CARTESIAN_POINT ( 'NONE',  ( 2.999999999999999556, 0.2194640910571620529, -1.695000000000000062 ) ) ;
#57 = DIRECTION ( 'NONE',  ( -0.000000000000000000, 0.000000000000000000, -1.000000000000000000 ) ) ;
#58 = DIRECTION ( 'NONE',  ( 0.06975647374412569102, -0.9975640502598241977, 0.000000000000000000 ) ) ;
#59 =( NAMED_UNIT ( * ) SI_UNIT ( $, .STERADIAN. ) SOLID_ANGLE_UNIT ( ) );
#60 = PRODUCT ( 'MP1584EN-LF-P', 'MP1584EN-LF-P', '', ( #3288 ) ) ;
#61 = EDGE_LOOP ( 'NONE', ( #2348, #4217, #1363, #346 ) ) ;
#62 = DIRECTION ( 'NONE',  ( 0.000000000000000000, -0.9902680687415703620, -0.1391731009600657432 ) ) ;
#63 = LINE ( 'NONE', #853, #5155 ) ;
#64 =( BOUNDED_CURVE ( )  B_SPLINE_CURVE ( 3, ( #262, #939, #2944, #3353 ),
 .UNSPECIFIED., .F., .F. ) 
 B_SPLINE_CURVE_WITH_KNOTS ( ( 4, 4 ),
 ( 3.131907471921324237, 3.141592653589793116 ),
 .UNSPECIFIED. ) 
 CURVE ( )  GEOMETRIC_REPRESENTATION_ITEM ( )  RATIONAL_B_SPLINE_CURVE ( ( 1.000000000000000000, 0.9999921831199466427, 0.9999921831199466427, 1.000000000000000000 ) ) 
 REPRESENTATION_ITEM ( '' )  );
#65 = VECTOR ( 'NONE', #4944, 1000.000000000000000 ) ;
#66 = EDGE_CURVE ( 'NONE', #2137, #1583, #3922, .T. ) ;
#67 = ORIENTED_EDGE ( 'NONE', *, *, #1898, .F. ) ;
#68 = DIRECTION ( 'NONE',  ( 0.000000000000000000, 1.000000000000000000, 0.000000000000000000 ) ) ;
#69 = AXIS2_PLACEMENT_3D ( 'NONE', #4399, #332, #5178 ) ;
#70 = DIRECTION ( 'NONE',  ( -2.891205793294679017E-15, 0.000000000000000000, -1.000000000000000000 ) ) ;
#71 = ORIENTED_EDGE ( 'NONE', *, *, #1613, .F. ) ;
#72 = VECTOR ( 'NONE', #4666, 1000.000000000000000 ) ;
#73 = VECTOR ( 'NONE', #940, 1000.000000000000000 ) ;
#74 = VERTEX_POINT ( 'NONE', #918 ) ;
#75 = LINE ( 'NONE', #1635, #3609 ) ;
#76 = EDGE_CURVE ( 'NONE', #2481, #4792, #2264, .T. ) ;
#77 = DIRECTION ( 'NONE',  ( 0.000000000000000000, -0.000000000000000000, -1.000000000000000000 ) ) ;
#78 = ORIENTED_EDGE ( 'NONE', *, *, #5151, .T. ) ;
#79 = CARTESIAN_POINT ( 'NONE',  ( -1.950000000000000400, 1.034999999999999698, 0.8450000000000000844 ) ) ;
#80 = CIRCLE ( 'NONE', #4282, 0.03309540790667059307 ) ;
#81 = LINE ( 'NONE', #2888, #1740 ) ;
#82 = VERTEX_POINT ( 'NONE', #952 ) ;
#83 = VECTOR ( 'NONE', #1932, 1000.000000000000000 ) ;
#84 = CARTESIAN_POINT ( 'NONE',  ( 2.376657705662685416, 0.2882025990867243537, -2.115000000000000213 ) ) ;
#85 = EDGE_CURVE ( 'NONE', #3724, #1651, #2281, .T. ) ;
#86 = ORIENTED_EDGE ( 'NONE', *, *, #1118, .F. ) ;
#87 = CARTESIAN_POINT ( 'NONE',  ( 2.065197525627158637, 0.7876515493654663302, -2.115000000000000213 ) ) ;
#88 = LINE ( 'NONE', #4890, #3562 ) ;
#89 = DIRECTION ( 'NONE',  ( 0.000000000000000000, -0.000000000000000000, -1.000000000000000000 ) ) ;
#90 = VECTOR ( 'NONE', #4873, 1000.000000000000000 ) ;
#91 = ORIENTED_EDGE ( 'NONE', *, *, #2607, .F. ) ;
#92 = FACE_OUTER_BOUND ( 'NONE', #430, .T. ) ;
#93 = CARTESIAN_POINT ( 'NONE',  ( 2.376657705662685416, 0.2882025990867243537, -0.4250000000000000444 ) ) ;
#94 = CARTESIAN_POINT ( 'NONE',  ( -1.950000000000000400, 0.8149999999999995026, 2.299999999999998934 ) ) ;
#95 = DIRECTION ( 'NONE',  ( 1.000000000000000000, 0.000000000000000000, -0.000000000000000000 ) ) ;
#96 = DIRECTION ( 'NONE',  ( -1.000000000000000000, 0.000000000000000000, 0.000000000000000000 ) ) ;
#97 = DIRECTION ( 'NONE',  ( 0.06975647374412569102, 0.9975640502598241977, 0.000000000000000000 ) ) ;
#98 = DIRECTION ( 'NONE',  ( 1.000000000000000000, 0.000000000000000000, 0.000000000000000000 ) ) ;
#99 = ORIENTED_EDGE ( 'NONE', *, *, #4321, .T. ) ;
#100 = PLANE ( 'NONE',  #1031 ) ;
#101 = LINE ( 'NONE', #866, #12 ) ;
#102 = LINE ( 'NONE', #5163, #1781 ) ;
#103 = AXIS2_PLACEMENT_3D ( 'NONE', #667, #1843, #5052 ) ;
#104 = VERTEX_POINT ( 'NONE', #3269 ) ;
#105 = LINE ( 'NONE', #5119, #1842 ) ;
#106 = DIRECTION ( 'NONE',  ( -1.000000000000000000, 0.000000000000000000, 0.000000000000000000 ) ) ;
#107 = ORIENTED_EDGE ( 'NONE', *, *, #1863, .T. ) ;
#108 = FACE_OUTER_BOUND ( 'NONE', #2039, .T. ) ;
#109 = CARTESIAN_POINT ( 'NONE',  ( -1.887973030627473126, 0.8089873279774171255, 2.449154974055154366 ) ) ;
#110 = EDGE_CURVE ( 'NONE', #2009, #2181, #352, .T. ) ;
#111 = VECTOR ( 'NONE', #4132, 1000.000000000000000 ) ;
#112 = ORIENTED_EDGE ( 'NONE', *, *, #975, .T. ) ;
#113 = FACE_OUTER_BOUND ( 'NONE', #1280, .T. ) ;
#114 = CARTESIAN_POINT ( 'NONE',  ( -2.281855231289845243, 0.8258541484521909615, -0.8450000000000000844 ) ) ;
#115 = ORIENTED_EDGE ( 'NONE', *, *, #286, .F. ) ;
#116 = CARTESIAN_POINT ( 'NONE',  ( -2.281855231289845243, 0.8258541484521909615, -0.4250000000000000444 ) ) ;
#117 = FACE_OUTER_BOUND ( 'NONE', #2403, .T. ) ;
#118 = DIRECTION ( 'NONE',  ( -0.06975647374412569102, -0.9975640502598241977, 0.000000000000000000 ) ) ;
#119 = LINE ( 'NONE', #2554, #156 ) ;
#120 = DIRECTION ( 'NONE',  ( 0.000000000000000000, 0.000000000000000000, 1.000000000000000000 ) ) ;
#121 = EDGE_CURVE ( 'NONE', #4982, #5075, #446, .T. ) ;
#122 = CARTESIAN_POINT ( 'NONE',  ( 1.952822429843475982, 1.014917368148172239, 2.304282219532239662 ) ) ;
#123 = ORIENTED_EDGE ( 'NONE', *, *, #2884, .T. ) ;
#124 = CARTESIAN_POINT ( 'NONE',  ( 1.887973030627470683, 0.8089873279774172365, -2.449154974055152589 ) ) ;
#125 = AXIS2_PLACEMENT_3D ( 'NONE', #2100, #2032, #2414 ) ;
#126 = ADVANCED_FACE ( 'NONE', ( #463 ), #360, .F. ) ;
#127 = DIRECTION ( 'NONE',  ( -0.000000000000000000, -0.000000000000000000, -1.000000000000000000 ) ) ;
#128 = EDGE_LOOP ( 'NONE', ( #2322, #3082, #4629, #2096 ) ) ;
#129 = DIRECTION ( 'NONE',  ( 0.000000000000000000, 1.000000000000000000, 0.000000000000000000 ) ) ;
#130 = LINE ( 'NONE', #4035, #1828 ) ;
#131 = ORIENTED_EDGE ( 'NONE', *, *, #4777, .T. ) ;
#132 = DIRECTION ( 'NONE',  ( 1.000000000000000000, 0.000000000000000000, 0.000000000000000000 ) ) ;
#133 = DIRECTION ( 'NONE',  ( 0.000000000000000000, 0.000000000000000000, 1.000000000000000000 ) ) ;
#134 = EDGE_CURVE ( 'NONE', #2481, #198, #472, .T. ) ;
#135 = ORIENTED_EDGE ( 'NONE', *, *, #3217, .F. ) ;
#136 = CARTESIAN_POINT ( 'NONE',  ( -2.391595276781875334, 0.04147067614532114893, -1.695000000000000062 ) ) ;
#137 = ADVANCED_FACE ( 'NONE', ( #2173 ), #2974, .F. ) ;
#138 = LINE ( 'NONE', #371, #3552 ) ;
#139 = AXIS2_PLACEMENT_3D ( 'NONE', #2336, #2698, #348 ) ;
#140 = LINE ( 'NONE', #549, #1875 ) ;
#141 = ORIENTED_EDGE ( 'NONE', *, *, #3965, .F. ) ;
#142 = DIRECTION ( 'NONE',  ( 0.000000000000000000, 1.000000000000000000, 0.000000000000000000 ) ) ;
#143 = VERTEX_POINT ( 'NONE', #3387 ) ;
#144 = EDGE_CURVE ( 'NONE', #1747, #3392, #559, .T. ) ;
#145 = DIRECTION ( 'NONE',  ( 0.06975647374412462243, -0.9975640502598243087, 0.000000000000000000 ) ) ;
#146 = VECTOR ( 'NONE', #153, 1000.000000000000000 ) ;
#147 = AXIS2_PLACEMENT_3D ( 'NONE', #178, #2120, #32 ) ;
#148 = VERTEX_POINT ( 'NONE', #4569 ) ;
#149 = VECTOR ( 'NONE', #3252, 1000.000000000000000 ) ;
#150 = DIRECTION ( 'NONE',  ( -0.000000000000000000, -0.000000000000000000, -1.000000000000000000 ) ) ;
#151 = DIRECTION ( 'NONE',  ( -1.000000000000000000, 0.000000000000000000, 0.000000000000000000 ) ) ;
#152 = ORIENTED_EDGE ( 'NONE', *, *, #504, .F. ) ;
#153 = DIRECTION ( 'NONE',  ( -0.000000000000000000, -0.000000000000000000, -1.000000000000000000 ) ) ;
#154 = VECTOR ( 'NONE', #1905, 1000.000000000000000 ) ;
#155 = EDGE_CURVE ( 'NONE', #2254, #562, #2192, .T. ) ;
#156 = VECTOR ( 'NONE', #3000, 1000.000000000000000 ) ;
#157 = PLANE ( 'NONE',  #3928 ) ;
#158 = ORIENTED_EDGE ( 'NONE', *, *, #355, .F. ) ;
#159 = CARTESIAN_POINT ( 'NONE',  ( 2.032604911331567621, 1.035000000000000364, -0.4250000000000000444 ) ) ;
#160 = EDGE_CURVE ( 'NONE', #3227, #3175, #2272, .T. ) ;
#161 = ORIENTED_EDGE ( 'NONE', *, *, #1525, .T. ) ;
#162 = CARTESIAN_POINT ( 'NONE',  ( -2.159999999999999698, 0.2499999999999997224, -1.695000000000000062 ) ) ;
#163 = ORIENTED_EDGE ( 'NONE', *, *, #819, .T. ) ;
#164 = CARTESIAN_POINT ( 'NONE',  ( 1.950000000000000400, 1.034999999999999698, 2.114999999999999769 ) ) ;
#165 = ORIENTED_EDGE ( 'NONE', *, *, #4211, .T. ) ;
#166 = CYLINDRICAL_SURFACE ( 'NONE', #2001, 0.1499999999999999667 ) ;
#167 =( LENGTH_UNIT ( ) NAMED_UNIT ( * ) SI_UNIT ( .MILLI., .METRE. ) );
#168 = CARTESIAN_POINT ( 'NONE',  ( 2.032604911331567621, 0.7819045920933291871, -0.8450000000000000844 ) ) ;
#169 = AXIS2_PLACEMENT_3D ( 'NONE', #1446, #312, #2191 ) ;
#170 = DIRECTION ( 'NONE',  ( 1.000000000000000000, 0.000000000000000000, -0.000000000000000000 ) ) ;
#171 = VERTEX_POINT ( 'NONE', #162 ) ;
#172 = DIRECTION ( 'NONE',  ( 0.000000000000000000, 0.000000000000000000, 1.000000000000000000 ) ) ;
#173 = ORIENTED_EDGE ( 'NONE', *, *, #1118, .T. ) ;
#174 = ORIENTED_EDGE ( 'NONE', *, *, #2864, .F. ) ;
#175 = LINE ( 'NONE', #4361, #83 ) ;
#176 = EDGE_CURVE ( 'NONE', #4199, #1710, #4044, .T. ) ;
#177 = DIRECTION ( 'NONE',  ( 0.000000000000000000, -0.000000000000000000, -1.000000000000000000 ) ) ;
#178 = CARTESIAN_POINT ( 'NONE',  ( 1.205000000000001181, 4.336330872555478777, -1.649999999999999467 ) ) ;
#179 = ORIENTED_EDGE ( 'NONE', *, *, #370, .F. ) ;
#180 = ORIENTED_EDGE ( 'NONE', *, *, #1768, .F. ) ;
#181 = DIRECTION ( 'NONE',  ( 0.1378445374916288935, -0.9808148484639890308, -0.1378445374916289490 ) ) ;
#182 = EDGE_CURVE ( 'NONE', #4794, #273, #564, .T. ) ;
#183 = ORIENTED_EDGE ( 'NONE', *, *, #3812, .F. ) ;
#184 = VECTOR ( 'NONE', #4058, 1000.000000000000000 ) ;
#185 = CARTESIAN_POINT ( 'NONE',  ( -1.950000000000000400, 0.8149999999999995026, 2.114999999999999769 ) ) ;
#186 = CLOSED_SHELL ( 'NONE', ( #1480, #4854, #3103, #710, #4154, #5159 ) ) ;
#187 = ORIENTED_EDGE ( 'NONE', *, *, #2578, .T. ) ;
#188 = PRESENTATION_LAYER_ASSIGNMENT (  '', '', ( #2298 ) ) ;
#189 = DIRECTION ( 'NONE',  ( -1.000000000000000000, 0.000000000000000000, 0.000000000000000000 ) ) ;
#190 = CARTESIAN_POINT ( 'NONE',  ( -1.909243157936306501, 1.325000000000000178, 2.348061214508623706 ) ) ;
#191 = EDGE_CURVE ( 'NONE', #1608, #3534, #2900, .T. ) ;
#192 = VERTEX_POINT ( 'NONE', #4081 ) ;
#193 = CARTESIAN_POINT ( 'NONE',  ( -1.585698903907842183, 1.648544254028464495, 2.363771978411982388 ) ) ;
#194 = PLANE ( 'NONE',  #4004 ) ;
#196 = EDGE_LOOP ( 'NONE', ( #40, #1167, #1771, #1912 ) ) ;
#195 = CARTESIAN_POINT ( 'NONE',  ( -1.204999999999998961, 0.000000000000000000, -1.650000000000000355 ) ) ;
#197 = CARTESIAN_POINT ( 'NONE',  ( -0.8500000000000007550, 1.600000000000000089, -1.649999999999997469 ) ) ;
#198 = VERTEX_POINT ( 'NONE', #4884 ) ;
#199 = VERTEX_POINT ( 'NONE', #2105 ) ;
#200 = LINE ( 'NONE', #3731, #2058 ) ;
#201 =( NAMED_UNIT ( * ) SI_UNIT ( $, .STERADIAN. ) SOLID_ANGLE_UNIT ( ) );
#202 = EDGE_CURVE ( 'NONE', #554, #2349, #574, .T. ) ;
#203 = CARTESIAN_POINT ( 'NONE',  ( 2.065197525627158193, 0.7876515493654663302, 2.114999999999999769 ) ) ;
#204 = DIRECTION ( 'NONE',  ( -1.000000000000000000, 0.000000000000000000, 0.000000000000000000 ) ) ;
#205 = AXIS2_PLACEMENT_3D ( 'NONE', #4506, #3385, #2726 ) ;
#206 = CARTESIAN_POINT ( 'NONE',  ( -2.409250319958275544, 0.2939495563588615523, 1.694999999999999840 ) ) ;
#207 = VERTEX_POINT ( 'NONE', #884 ) ;
#208 = ORIENTED_EDGE ( 'NONE', *, *, #3693, .T. ) ;
#209 = ORIENTED_EDGE ( 'NONE', *, *, #4014, .F. ) ;
#210 = FACE_OUTER_BOUND ( 'NONE', #1190, .T. ) ;
#211 = EDGE_CURVE ( 'NONE', #2544, #531, #2229, .T. ) ;
#212 = DIRECTION ( 'NONE',  ( 1.000000000000000000, 0.000000000000000000, 0.000000000000000000 ) ) ;
#213 = ADVANCED_FACE ( 'NONE', ( #2238 ), #5050, .F. ) ;
#214 = DIRECTION ( 'NONE',  ( 0.9975640502598243087, -0.06975647374412462243, 0.000000000000000000 ) ) ;
#215 = EDGE_CURVE ( 'NONE', #3999, #3679, #3977, .T. ) ;
#216 = ORIENTED_EDGE ( 'NONE', *, *, #2013, .F. ) ;
#217 = VERTEX_POINT ( 'NONE', #5147 ) ;
#218 = DIRECTION ( 'NONE',  ( 0.000000000000000000, -1.000000000000000000, 0.000000000000000000 ) ) ;
#219 = DIRECTION ( 'NONE',  ( -0.000000000000000000, -1.000000000000000000, -0.000000000000000000 ) ) ;
#220 = ORIENTED_EDGE ( 'NONE', *, *, #2327, .T. ) ;
#221 = LINE ( 'NONE', #2328, #1986 ) ;
#222 = CARTESIAN_POINT ( 'NONE',  ( 1.949997654931399538, 0.8149833139698946516, -2.300968516274151110 ) ) ;
#223 = EDGE_CURVE ( 'NONE', #275, #4529, #347, .T. ) ;
#224 = CARTESIAN_POINT ( 'NONE',  ( -2.406941701005582690, 0.2609347672024824316, 0.8450000000000000844 ) ) ;
#225 = EDGE_LOOP ( 'NONE', ( #11, #3480, #174, #2675 ) ) ;
#226 = CARTESIAN_POINT ( 'NONE',  ( 2.032604911331567621, 0.7819045920933291871, 2.114999999999999769 ) ) ;
#227 = ADVANCED_FACE ( 'NONE', ( #2083 ), #2097, .T. ) ;
#228 = VERTEX_POINT ( 'NONE', #307 ) ;
#229 = CARTESIAN_POINT ( 'NONE',  ( 2.281855231289845243, 0.8258541484521909615, 1.694999999999999840 ) ) ;
#230 =( BOUNDED_CURVE ( )  B_SPLINE_CURVE ( 3, ( #807, #380, #773, #3196 ),
 .UNSPECIFIED., .F., .F. ) 
 B_SPLINE_CURVE_WITH_KNOTS ( ( 4, 4 ),
 ( 2.365879671860809719, 3.917305635318772072 ),
 .UNSPECIFIED. ) 
 CURVE ( )  GEOMETRIC_REPRESENTATION_ITEM ( )  RATIONAL_B_SPLINE_CURVE ( ( 1.000000000000000000, 0.8092813118237087711, 0.8092813118237087711, 1.000000000000000000 ) ) 
 REPRESENTATION_ITEM ( '' )  );
#231 = CARTESIAN_POINT ( 'NONE',  ( -2.065197525627158193, 0.7876515493654663302, -2.115000000000000213 ) ) ;
#232 = VERTEX_POINT ( 'NONE', #366 ) ;
#233 = LINE ( 'NONE', #195, #2093 ) ;
#234 =( NAMED_UNIT ( * ) SI_UNIT ( $, .STERADIAN. ) SOLID_ANGLE_UNIT ( ) );
#235 = CARTESIAN_POINT ( 'NONE',  ( -2.391595276781875334, 0.04147067614532114893, 0.8450000000000000844 ) ) ;
#237 = EDGE_LOOP ( 'NONE', ( #3148, #2252, #500, #1138 ) ) ;
#236 = DIRECTION ( 'NONE',  ( -0.000000000000000000, -0.000000000000000000, -1.000000000000000000 ) ) ;
#238 = ORIENTED_EDGE ( 'NONE', *, *, #4404, .F. ) ;
#239 = EDGE_CURVE ( 'NONE', #4917, #3149, #496, .T. ) ;
#240 =( BOUNDED_CURVE ( )  B_SPLINE_CURVE ( 3, ( #3342, #470, #7, #4136 ),
 .UNSPECIFIED., .F., .F. ) 
 B_SPLINE_CURVE_WITH_KNOTS ( ( 4, 4 ),
 ( 0.000000000000000000, 0.009685181668464652727 ),
 .UNSPECIFIED. ) 
 CURVE ( )  GEOMETRIC_REPRESENTATION_ITEM ( )  RATIONAL_B_SPLINE_CURVE ( ( 1.000000000000000000, 0.9999921831199466427, 0.9999921831199466427, 1.000000000000000000 ) ) 
 REPRESENTATION_ITEM ( '' )  );
#241 = AXIS2_PLACEMENT_3D ( 'NONE', #2108, #4637, #3042 ) ;
#242 = ORIENTED_EDGE ( 'NONE', *, *, #3357, .T. ) ;
#243 = LINE ( 'NONE', #2566, #2179 ) ;
#244 = CARTESIAN_POINT ( 'NONE',  ( 2.032604911331567621, 0.8149999999999995026, 0.8450000000000000844 ) ) ;
#245 =( BOUNDED_CURVE ( )  B_SPLINE_CURVE ( 3, ( #4246, #4643, #665, #1049 ),
 .UNSPECIFIED., .F., .F. ) 
 B_SPLINE_CURVE_WITH_KNOTS ( ( 4, 4 ),
 ( 2.365879671860822597, 3.917305635318772072 ),
 .UNSPECIFIED. ) 
 CURVE ( )  GEOMETRIC_REPRESENTATION_ITEM ( )  RATIONAL_B_SPLINE_CURVE ( ( 1.000000000000000000, 0.8092813118237118797, 0.8092813118237118797, 1.000000000000000000 ) ) 
 REPRESENTATION_ITEM ( '' )  );
#246 = CARTESIAN_POINT ( 'NONE',  ( -2.065197525627158193, 0.7876515493654663302, 0.8450000000000000844 ) ) ;
#247 = DIRECTION ( 'NONE',  ( 8.850629979473513407E-17, 0.000000000000000000, 1.000000000000000000 ) ) ;
#248 = CARTESIAN_POINT ( 'NONE',  ( -1.726147334250476062, 0.3000000000000007661, 2.226147334250474952 ) ) ;
#249 = DIRECTION ( 'NONE',  ( 0.000000000000000000, -0.000000000000000000, -1.000000000000000000 ) ) ;
#250 = ORIENTED_EDGE ( 'NONE', *, *, #3286, .F. ) ;
#251 = ORIENTED_EDGE ( 'NONE', *, *, #697, .F. ) ;
#252 = VERTEX_POINT ( 'NONE', #2220 ) ;
#253 = CIRCLE ( 'NONE', #4596, 0.1499999999999999667 ) ;
#254 = AXIS2_PLACEMENT_3D ( 'NONE', #2525, #127, #1725 ) ;
#255 = EDGE_CURVE ( 'NONE', #3149, #1178, #1393, .T. ) ;
#256 = EDGE_LOOP ( 'NONE', ( #2934, #4288, #599, #3289 ) ) ;
#257 = ORIENTED_EDGE ( 'NONE', *, *, #3403, .F. ) ;
#258 = CARTESIAN_POINT ( 'NONE',  ( 1.726147334250474952, 0.3000000000000005440, 2.226147334250474064 ) ) ;
#259 = EDGE_LOOP ( 'NONE', ( #285, #4526, #4970, #5130 ) ) ;
#260 = VECTOR ( 'NONE', #1753, 1000.000000000000000 ) ;
#261 = ADVANCED_FACE ( 'NONE', ( #3995 ), #2290, .T. ) ;
#262 = CARTESIAN_POINT ( 'NONE',  ( -1.801452754537962386, 0.8149499423009832766, -2.449992964849193378 ) ) ;
#263 = EDGE_CURVE ( 'NONE', #171, #3015, #2248, .T. ) ;
#264 = VERTEX_POINT ( 'NONE', #3145 ) ;
#265 = DIRECTION ( 'NONE',  ( -1.000000000000000000, 0.000000000000000000, 0.000000000000000000 ) ) ;
#266 = ORIENTED_EDGE ( 'NONE', *, *, #4808, .T. ) ;
#267 = AXIS2_PLACEMENT_3D ( 'NONE', #258, #1032, #2203 ) ;
#268 = CARTESIAN_POINT ( 'NONE',  ( 2.281855231289845243, 0.8258541484521909615, 1.694999999999999840 ) ) ;
#269 = DIRECTION ( 'NONE',  ( 0.06975647374412446977, 0.9975640502598243087, 0.000000000000000000 ) ) ;
#270 = ORIENTED_EDGE ( 'NONE', *, *, #1194, .T. ) ;
#271 = FACE_OUTER_BOUND ( 'NONE', #1816, .T. ) ;
#272 = CARTESIAN_POINT ( 'NONE',  ( -1.800000000000000711, 1.034999999999999698, -2.449999999999996625 ) ) ;
#273 = VERTEX_POINT ( 'NONE', #662 ) ;
#274 = ADVANCED_FACE ( 'NONE', ( #533 ), #2654, .T. ) ;
#275 = VERTEX_POINT ( 'NONE', #755 ) ;
#276 = EDGE_CURVE ( 'NONE', #4020, #554, #2258, .T. ) ;
#277 = MECHANICAL_DESIGN_GEOMETRIC_PRESENTATION_REPRESENTATION (  '', ( #4515 ), #4642 ) ;
#278 = ORIENTED_EDGE ( 'NONE', *, *, #176, .T. ) ;
#279 = CYLINDRICAL_SURFACE ( 'NONE', #778, 0.2530954079066711770 ) ;
#280 = CARTESIAN_POINT ( 'NONE',  ( -1.950000000000000400, 1.034999999999999698, -0.4250000000000000444 ) ) ;
#281 = DIRECTION ( 'NONE',  ( -0.9848077530122080203, 0.1736481776669306643, 0.000000000000000000 ) ) ;
#282 = CARTESIAN_POINT ( 'NONE',  ( 0.000000000000000000, 1.700000000000000178, 0.000000000000000000 ) ) ;
#283 = CARTESIAN_POINT ( 'NONE',  ( -1.950000000000000400, 1.034999999999999698, -1.695000000000000062 ) ) ;
#284 = ORIENTED_EDGE ( 'NONE', *, *, #2231, .F. ) ;
#285 = ORIENTED_EDGE ( 'NONE', *, *, #1307, .T. ) ;
#286 = EDGE_CURVE ( 'NONE', #577, #2664, #3850, .T. ) ;
#287 = CARTESIAN_POINT ( 'NONE',  ( 1.949992964849195376, 1.035050057699016257, -2.301452754537959944 ) ) ;
#288 = ORIENTED_EDGE ( 'NONE', *, *, #202, .T. ) ;
#289 = EDGE_CURVE ( 'NONE', #3048, #809, #2114, .T. ) ;
#290 = DIRECTION ( 'NONE',  ( 0.000000000000000000, -0.000000000000000000, -1.000000000000000000 ) ) ;
#291 = CARTESIAN_POINT ( 'NONE',  ( 2.065197525627158637, 0.7876515493654663302, 0.8450000000000000844 ) ) ;
#292 = EDGE_LOOP ( 'NONE', ( #4766, #115, #2913, #313 ) ) ;
#293 = CLOSED_SHELL ( 'NONE', ( #1472, #3978, #907, #137 ) ) ;
#294 = CARTESIAN_POINT ( 'NONE',  ( -1.950000000000000400, 1.034999999999999698, 0.4250000000000000444 ) ) ;
#295 = ORIENTED_EDGE ( 'NONE', *, *, #2875, .T. ) ;
#296 = VECTOR ( 'NONE', #4344, 1000.000000000000000 ) ;
#297 = EDGE_CURVE ( 'NONE', #5013, #2664, #439, .T. ) ;
#298 = VERTEX_POINT ( 'NONE', #3570 ) ;
#299 = ORIENTED_EDGE ( 'NONE', *, *, #2155, .F. ) ;
#300 = DIRECTION ( 'NONE',  ( -0.1736481776669290544, 0.9848077530122083534, 0.000000000000000000 ) ) ;
#301 = CARTESIAN_POINT ( 'NONE',  ( -2.032604911331567621, 0.7819045920933291871, -1.695000000000000062 ) ) ;
#302 = CARTESIAN_POINT ( 'NONE',  ( -2.032604911331567621, 0.7819045920933291871, -2.115000000000000213 ) ) ;
#303 = EDGE_LOOP ( 'NONE', ( #1298, #4568, #3702, #1080 ) ) ;
#304 = DIRECTION ( 'NONE',  ( 0.000000000000000000, 1.000000000000000000, 0.000000000000000000 ) ) ;
#305 = EDGE_CURVE ( 'NONE', #1909, #2157, #4153, .T. ) ;
#306 = ORIENTED_EDGE ( 'NONE', *, *, #1127, .T. ) ;
#307 = CARTESIAN_POINT ( 'NONE',  ( 1.799999999999998268, 0.8149999999999995026, -2.449999999999997513 ) ) ;
#308 = EDGE_LOOP ( 'NONE', ( #2761, #5080, #2029, #4536 ) ) ;
#309 = ORIENTED_EDGE ( 'NONE', *, *, #603, .T. ) ;
#310 = FACE_OUTER_BOUND ( 'NONE', #3450, .T. ) ;
#311 = DIRECTION ( 'NONE',  ( -0.000000000000000000, -0.000000000000000000, -1.000000000000000000 ) ) ;
#312 = DIRECTION ( 'NONE',  ( -0.000000000000000000, -0.000000000000000000, -1.000000000000000000 ) ) ;
#313 = ORIENTED_EDGE ( 'NONE', *, *, #4464, .T. ) ;
#314 = ADVANCED_FACE ( 'NONE', ( #683 ), #2342, .F. ) ;
#315 = ORIENTED_EDGE ( 'NONE', *, *, #1330, .F. ) ;
#316 = AXIS2_PLACEMENT_3D ( 'NONE', #4352, #805, #1092 ) ;
#317 = CARTESIAN_POINT ( 'NONE',  ( 2.032604911331567621, 0.7819045920933291871, -1.695000000000000062 ) ) ;
#318 = ORIENTED_EDGE ( 'NONE', *, *, #2531, .F. ) ;
#319 = LINE ( 'NONE', #400, #3738 ) ;
#320 =( NAMED_UNIT ( * ) PLANE_ANGLE_UNIT ( ) SI_UNIT ( $, .RADIAN. ) );
#321 = VERTEX_POINT ( 'NONE', #511 ) ;
#322 = EDGE_LOOP ( 'NONE', ( #3354, #4088, #2469, #1140, #4328, #3278, #3363, #1075 ) ) ;
#323 = PLANE ( 'NONE',  #932 ) ;
#324 = ORIENTED_EDGE ( 'NONE', *, *, #2389, .F. ) ;
#325 = LINE ( 'NONE', #2805, #3794 ) ;
#326 = EDGE_CURVE ( 'NONE', #713, #4020, #4180, .T. ) ;
#327 = CARTESIAN_POINT ( 'NONE',  ( 1.949999999999998179, 0.8149999999999995026, -2.300484260976131790 ) ) ;
#328 = ORIENTED_EDGE ( 'NONE', *, *, #4994, .T. ) ;
#329 = PLANE ( 'NONE',  #4806 ) ;
#330 = EDGE_LOOP ( 'NONE', ( #2953, #131 ) ) ;
#331 = PLANE ( 'NONE',  #3471 ) ;
#332 = DIRECTION ( 'NONE',  ( 0.1378445374916289490, -0.9808148484639891418, 0.1378445374916288935 ) ) ;
#333 = ORIENTED_EDGE ( 'NONE', *, *, #3649, .F. ) ;
#334 = LINE ( 'NONE', #1796, #260 ) ;
#335 = DIRECTION ( 'NONE',  ( 0.000000000000000000, 1.000000000000000000, 0.000000000000000000 ) ) ;
#336 = EDGE_CURVE ( 'NONE', #2181, #252, #4103, .T. ) ;
#337 = AXIS2_PLACEMENT_3D ( 'NONE', #4469, #3310, #4213 ) ;
#338 = VERTEX_POINT ( 'NONE', #911 ) ;
#339 = CARTESIAN_POINT ( 'NONE',  ( -1.950000000000000844, 1.034999999999999698, -2.449999999999996625 ) ) ;
#340 = ORIENTED_EDGE ( 'NONE', *, *, #2365, .F. ) ;
#341 = DIRECTION ( 'NONE',  ( -0.1736481776669290544, -0.9848077530122082424, 0.000000000000000000 ) ) ;
#342 = VECTOR ( 'NONE', #3412, 1000.000000000000000 ) ;
#343 = DIRECTION ( 'NONE',  ( -0.9975640502598243087, -0.06975647374412446977, 0.000000000000000000 ) ) ;
#344 = EDGE_CURVE ( 'NONE', #696, #1703, #2362, .T. ) ;
#345 = FILL_AREA_STYLE ('',( #2441 ) ) ;
#346 = ORIENTED_EDGE ( 'NONE', *, *, #4583, .T. ) ;
#347 = LINE ( 'NONE', #1502, #485 ) ;
#348 = DIRECTION ( 'NONE',  ( 0.1391731009600657432, -0.9902680687415703620, 0.000000000000000000 ) ) ;
#349 = MANIFOLD_SOLID_BREP ( 'Mirror1', #3991 ) ;
#350 = DIRECTION ( 'NONE',  ( 0.000000000000000000, -1.000000000000000000, -0.000000000000000000 ) ) ;
#351 = ORIENTED_EDGE ( 'NONE', *, *, #3986, .F. ) ;
#352 = LINE ( 'NONE', #1329, #3960 ) ;
#353 = DIRECTION ( 'NONE',  ( 1.000000000000000000, 0.000000000000000000, -2.224004456380521903E-16 ) ) ;
#354 = CARTESIAN_POINT ( 'NONE',  ( -2.159999999999999698, 0.2499999999999997224, 0.8450000000000000844 ) ) ;
#355 = EDGE_CURVE ( 'NONE', #3828, #3392, #652, .T. ) ;
#356 = FACE_OUTER_BOUND ( 'NONE', #2180, .T. ) ;
#357 = AXIS2_PLACEMENT_3D ( 'NONE', #4260, #3502, #1822 ) ;
#358 = ORIENTED_EDGE ( 'NONE', *, *, #4988, .T. ) ;
#359 = DIRECTION ( 'NONE',  ( 1.000000000000000000, 0.000000000000000000, 0.000000000000000000 ) ) ;
#360 = CYLINDRICAL_SURFACE ( 'NONE', #3729, 0.2999999999999999334 ) ;
#361 = CARTESIAN_POINT ( 'NONE',  ( -2.406941701005582690, 0.2609347672024824316, -0.8450000000000000844 ) ) ;
#362 = CARTESIAN_POINT ( 'NONE',  ( -1.950000000000000400, 1.034999999999999698, -1.695000000000000062 ) ) ;
#363 = CARTESIAN_POINT ( 'NONE',  ( 1.950000000000000400, 0.8149999999999995026, -1.695000000000000062 ) ) ;
#364 = CARTESIAN_POINT ( 'NONE',  ( 2.032604911331567621, 0.7819045920933291871, 1.694999999999999840 ) ) ;
#365 = VERTEX_POINT ( 'NONE', #4075 ) ;
#366 = CARTESIAN_POINT ( 'NONE',  ( 1.950000000000000400, 0.8149999999999995026, 0.8450000000000000844 ) ) ;
#367 = CIRCLE ( 'NONE', #3275, 0.2530954079066711770 ) ;
#368 = CARTESIAN_POINT ( 'NONE',  ( 1.726147334250474952, 0.3000000000000005440, 2.226147334250474064 ) ) ;
#369 = SPHERICAL_SURFACE ( 'NONE', #2471, 0.1499999999999999944 ) ;
#370 = EDGE_CURVE ( 'NONE', #1474, #74, #4228, .T. ) ;
#371 = CARTESIAN_POINT ( 'NONE',  ( 2.281855231289845243, 0.8258541484521909615, -0.4250000000000000444 ) ) ;
#372 = AXIS2_PLACEMENT_3D ( 'NONE', #437, #3718, #1653 ) ;
#373 = CARTESIAN_POINT ( 'NONE',  ( -1.950000000000000844, 1.034999999999999698, -2.449999999999996625 ) ) ;
#374 = EDGE_CURVE ( 'NONE', #4625, #3907, #732, .T. ) ;
#375 = VERTEX_POINT ( 'NONE', #4875 ) ;
#376 = VECTOR ( 'NONE', #4748, 1000.000000000000000 ) ;
#377 = AXIS2_PLACEMENT_3D ( 'NONE', #743, #3535, #4356 ) ;
#378 = CARTESIAN_POINT ( 'NONE',  ( -2.376657705662685416, 0.2882025990867243537, 0.8450000000000000844 ) ) ;
#379 = PLANE ( 'NONE',  #1303 ) ;
#380 = CARTESIAN_POINT ( 'NONE',  ( -1.887973030627473126, 1.041012672022580299, -2.449154974055151257 ) ) ;
#381 = ORIENTED_EDGE ( 'NONE', *, *, #3394, .T. ) ;
#382 = AXIS2_PLACEMENT_3D ( 'NONE', #3525, #2632, #4651 ) ;
#383 = LINE ( 'NONE', #4302, #2121 ) ;
#384 = DIRECTION ( 'NONE',  ( 0.000000000000000000, -0.000000000000000000, -1.000000000000000000 ) ) ;
#385 =( BOUNDED_CURVE ( )  B_SPLINE_CURVE ( 3, ( #5011, #3663, #445, #414 ),
 .UNSPECIFIED., .F., .F. ) 
 B_SPLINE_CURVE_WITH_KNOTS ( ( 4, 4 ),
 ( 3.141592653589793116, 3.151277835258271320 ),
 .UNSPECIFIED. ) 
 CURVE ( )  GEOMETRIC_REPRESENTATION_ITEM ( )  RATIONAL_B_SPLINE_CURVE ( ( 1.000000000000000000, 0.9999921831199466427, 0.9999921831199466427, 1.000000000000000000 ) ) 
 REPRESENTATION_ITEM ( '' )  );
#386 = ORIENTED_EDGE ( 'NONE', *, *, #4669, .F. ) ;
#387 = CARTESIAN_POINT ( 'NONE',  ( 1.950000000000000400, 1.034999999999999698, -0.4250000000000000444 ) ) ;
#388 = ADVANCED_FACE ( 'NONE', ( #2324 ), #3961, .F. ) ;
#389 = CARTESIAN_POINT ( 'NONE',  ( 1.949992964849196486, 0.8149499423009833876, 2.301452754537960832 ) ) ;
#390 = EDGE_CURVE ( 'NONE', #461, #1318, #4168, .T. ) ;
#391 = CARTESIAN_POINT ( 'NONE',  ( 2.409250319958275544, 0.2939495563588615523, -1.695000000000000062 ) ) ;
#392 = CARTESIAN_POINT ( 'NONE',  ( -2.406941701005582690, 0.2609347672024824316, 2.114999999999999769 ) ) ;
#393 = LINE ( 'NONE', #3006, #2429 ) ;
#394 = DIRECTION ( 'NONE',  ( 1.000000000000000000, 0.000000000000000000, 0.000000000000000000 ) ) ;
#395 = AXIS2_PLACEMENT_3D ( 'NONE', #301, #5044, #3482 ) ;
#396 = DIRECTION ( 'NONE',  ( 0.000000000000000000, 0.000000000000000000, 1.000000000000000000 ) ) ;
#397 = ORIENTED_EDGE ( 'NONE', *, *, #5028, .F. ) ;
#398 = DIRECTION ( 'NONE',  ( -0.000000000000000000, -0.000000000000000000, -1.000000000000000000 ) ) ;
#399 = EDGE_CURVE ( 'NONE', #82, #4448, #2480, .T. ) ;
#400 = CARTESIAN_POINT ( 'NONE',  ( -2.065197525627158637, 0.7876515493654663302, -2.115000000000000213 ) ) ;
#401 = PLANE ( 'NONE',  #4444 ) ;
#402 = ORIENTED_EDGE ( 'NONE', *, *, #4831, .F. ) ;
#403 = CARTESIAN_POINT ( 'NONE',  ( 2.032604911331567621, 0.8149999999999995026, -0.8450000000000000844 ) ) ;
#404 = DIRECTION ( 'NONE',  ( 0.000000000000000000, -0.000000000000000000, -1.000000000000000000 ) ) ;
#405 = ORIENTED_EDGE ( 'NONE', *, *, #1598, .F. ) ;
#406 = STYLED_ITEM ( 'NONE', ( #1548 ), #1714 ) ;
#407 = ADVANCED_FACE ( 'NONE', ( #660 ), #744, .T. ) ;
#408 = ORIENTED_EDGE ( 'NONE', *, *, #2034, .F. ) ;
#409 = DIRECTION ( 'NONE',  ( 1.000000000000000000, 0.000000000000000000, 0.000000000000000000 ) ) ;
#410 = ORIENTED_EDGE ( 'NONE', *, *, #2827, .T. ) ;
#411 = DIRECTION ( 'NONE',  ( -0.9848077530122080203, 0.1736481776669306643, 0.000000000000000000 ) ) ;
#412 = AXIS2_PLACEMENT_3D ( 'NONE', #3283, #4783, #1264 ) ;
#413 = CARTESIAN_POINT ( 'NONE',  ( -1.726147334250476062, 0.1500000000000006051, 2.226147334250474952 ) ) ;
#414 = CARTESIAN_POINT ( 'NONE',  ( 1.949992964849196486, 0.8149499423009833876, 2.301452754537960832 ) ) ;
#415 = CARTESIAN_POINT ( 'NONE',  ( -2.406941701005582690, 0.2609347672024824316, -1.695000000000000062 ) ) ;
#416 = CARTESIAN_POINT ( 'NONE',  ( -2.984653575776291756, 6.428775942946129489E-16, 2.114999999999999769 ) ) ;
#417 = EDGE_CURVE ( 'NONE', #4800, #3206, #230, .T. ) ;
#418 = CARTESIAN_POINT ( 'NONE',  ( -2.032604911331567621, 0.8149999999999995026, -1.695000000000000062 ) ) ;
#419 = DIRECTION ( 'NONE',  ( 1.000000000000000000, -0.000000000000000000, -0.000000000000000000 ) ) ;
#420 = ORIENTED_EDGE ( 'NONE', *, *, #2355, .T. ) ;
#421 = VERTEX_POINT ( 'NONE', #1040 ) ;
#422 = ADVANCED_FACE ( 'NONE', ( #2433 ), #4222, .T. ) ;
#423 = DIRECTION ( 'NONE',  ( 0.000000000000000000, -0.000000000000000000, -1.000000000000000000 ) ) ;
#424 = CARTESIAN_POINT ( 'NONE',  ( -2.376657705662685416, 0.2882025990867243537, -2.115000000000000213 ) ) ;
#425 = AXIS2_PLACEMENT_3D ( 'NONE', #4150, #565, #4991 ) ;
#426 = DIRECTION ( 'NONE',  ( -0.000000000000000000, -0.000000000000000000, -1.000000000000000000 ) ) ;
#427 = EDGE_CURVE ( 'NONE', #1258, #1444, #2352, .T. ) ;
#428 = DIRECTION ( 'NONE',  ( -0.000000000000000000, 1.000000000000000000, -0.000000000000000000 ) ) ;
#429 = AXIS2_PLACEMENT_3D ( 'NONE', #936, #2240, #5004 ) ;
#430 = EDGE_LOOP ( 'NONE', ( #2430, #3742, #2207, #4157 ) ) ;
#431 = ORIENTED_EDGE ( 'NONE', *, *, #4503, .F. ) ;
#432 = CARTESIAN_POINT ( 'NONE',  ( -1.950000000000000400, 1.034999999999999698, 0.4250000000000000444 ) ) ;
#433 = EDGE_CURVE ( 'NONE', #478, #3745, #761, .T. ) ;
#434 = DIRECTION ( 'NONE',  ( 0.9975640502598243087, 0.06975647374412446977, -0.000000000000000000 ) ) ;
#435 = AXIS2_PLACEMENT_3D ( 'NONE', #3280, #2832, #1664 ) ;
#436 = ORIENTED_EDGE ( 'NONE', *, *, #2194, .T. ) ;
#437 = CARTESIAN_POINT ( 'NONE',  ( 2.409250319958275544, 0.2939495563588615523, -2.115000000000000213 ) ) ;
#438 = CARTESIAN_POINT ( 'NONE',  ( -1.950000000000000400, 0.8149999999999995026, -1.695000000000000062 ) ) ;
#439 = LINE ( 'NONE', #2063, #2407 ) ;
#440 = CARTESIAN_POINT ( 'NONE',  ( -1.950000000000000400, 1.034999999999999698, -0.4250000000000000444 ) ) ;
#441 = VERTEX_POINT ( 'NONE', #1797 ) ;
#442 = EDGE_LOOP ( 'NONE', ( #2977, #1220, #2929, #4758 ) ) ;
#443 = EDGE_CURVE ( 'NONE', #1021, #4314, #2398, .T. ) ;
#444 = CARTESIAN_POINT ( 'NONE',  ( 2.159999999999999698, 0.2499999999999997224, 0.8450000000000000844 ) ) ;
#445 = CARTESIAN_POINT ( 'NONE',  ( 1.949997654931400648, 0.8149833139698953177, 2.300968516274152886 ) ) ;
#446 = LINE ( 'NONE', #2862, #2168 ) ;
#447 = PLANE ( 'NONE',  #1283 ) ;
#448 = CARTESIAN_POINT ( 'NONE',  ( -1.534243157936306723, 1.700000000000000400, -2.304578913876335733 ) ) ;
#449 = CARTESIAN_POINT ( 'NONE',  ( 1.949999999999999512, 1.034999999999999698, 2.449999999999998401 ) ) ;
#450 = ADVANCED_FACE ( 'NONE', ( #2315 ), #2472, .T. ) ;
#451 = ORIENTED_EDGE ( 'NONE', *, *, #2194, .F. ) ;
#452 = EDGE_CURVE ( 'NONE', #3694, #4516, #4214, .T. ) ;
#453 = EDGE_LOOP ( 'NONE', ( #2545, #937, #3555, #1106, #4840, #4338, #1841 ) ) ;
#454 = VECTOR ( 'NONE', #3012, 1000.000000000000114 ) ;
#455 = FACE_OUTER_BOUND ( 'NONE', #510, .T. ) ;
#456 = FACE_OUTER_BOUND ( 'NONE', #2825, .T. ) ;
#457 = CARTESIAN_POINT ( 'NONE',  ( 2.999999999999999556, 0.2194640910571620529, 0.8450000000000000844 ) ) ;
#458 = DIRECTION ( 'NONE',  ( -0.06975647374412569102, -0.9975640502598241977, 0.000000000000000000 ) ) ;
#459 = ORIENTED_EDGE ( 'NONE', *, *, #4200, .T. ) ;
#460 = CARTESIAN_POINT ( 'NONE',  ( -1.874687544561711494, 0.2791240348559906881, 2.208000134611672216 ) ) ;
#461 = VERTEX_POINT ( 'NONE', #4237 ) ;
#462 = DIRECTION ( 'NONE',  ( -0.000000000000000000, 1.000000000000000000, -0.000000000000000000 ) ) ;
#463 = FACE_OUTER_BOUND ( 'NONE', #871, .T. ) ;
#464 = EDGE_CURVE ( 'NONE', #4625, #228, #2485, .T. ) ;
#465 = CYLINDRICAL_SURFACE ( 'NONE', #1146, 0.2530954079066702889 ) ;
#466 = LINE ( 'NONE', #917, #2321 ) ;
#467 = DIRECTION ( 'NONE',  ( 0.000000000000000000, 1.000000000000000000, 0.000000000000000000 ) ) ;
#468 = EDGE_LOOP ( 'NONE', ( #1617, #3773, #3413, #5171 ) ) ;
#469 = CLOSED_SHELL ( 'NONE', ( #3060, #4549, #720, #642, #2701, #2211, #5073, #2513, #546, #4983, #1389, #2378, #3270, #958 ) ) ;
#470 = CARTESIAN_POINT ( 'NONE',  ( 1.800484260976133788, 1.034999999999999476, 2.449999999999998401 ) ) ;
#471 = CARTESIAN_POINT ( 'NONE',  ( -2.406941701005582690, 0.2609347672024824316, 0.4250000000000000444 ) ) ;
#472 = LINE ( 'NONE', #2567, #3967 ) ;
#473 = DIRECTION ( 'NONE',  ( 1.000000000000000000, 0.000000000000000000, 0.000000000000000000 ) ) ;
#474 = VECTOR ( 'NONE', #68, 1000.000000000000000 ) ;
#475 = LINE ( 'NONE', #224, #2221 ) ;
#476 = DIRECTION ( 'NONE',  ( -0.1736481776669306365, 0.9848077530122080203, 0.000000000000000000 ) ) ;
#477 = STYLED_ITEM ( 'NONE', ( #3166 ), #1386 ) ;
#478 = VERTEX_POINT ( 'NONE', #268 ) ;
#479 = ORIENTED_EDGE ( 'NONE', *, *, #543, .F. ) ;
#480 = EDGE_CURVE ( 'NONE', #232, #2395, #602, .T. ) ;
#481 = ORIENTED_EDGE ( 'NONE', *, *, #948, .T. ) ;
#482 = DIRECTION ( 'NONE',  ( 0.9975640502598243087, -0.06975647374412462243, 0.000000000000000000 ) ) ;
#483 = AXIS2_PLACEMENT_3D ( 'NONE', #3665, #4439, #394 ) ;
#484 = CARTESIAN_POINT ( 'NONE',  ( 2.406941701005582690, 0.2609347672024824316, -0.4250000000000000444 ) ) ;
#485 = VECTOR ( 'NONE', #2762, 1000.000000000000000 ) ;
#486 = DIRECTION ( 'NONE',  ( 1.000000000000000000, -0.000000000000000000, 3.599011360947732101E-16 ) ) ;
#487 = CARTESIAN_POINT ( 'NONE',  ( 2.999999999999999556, 0.2194640910571620529, 2.114999999999999769 ) ) ;
#488 = CARTESIAN_POINT ( 'NONE',  ( 2.065197525627158637, 0.7876515493654663302, -0.4250000000000000444 ) ) ;
#489 = ADVANCED_FACE ( 'NONE', ( #610 ), #3445, .F. ) ;
#490 = VECTOR ( 'NONE', #4885, 1000.000000000000000 ) ;
#491 = CARTESIAN_POINT ( 'NONE',  ( 2.032604911331567621, 0.7819045920933291871, 2.114999999999999769 ) ) ;
#492 = ORIENTED_EDGE ( 'NONE', *, *, #1235, .T. ) ;
#493 = VERTEX_POINT ( 'NONE', #3377 ) ;
#494 = ORIENTED_EDGE ( 'NONE', *, *, #3853, .F. ) ;
#495 = EDGE_CURVE ( 'NONE', #714, #782, #4082, .T. ) ;
#496 = LINE ( 'NONE', #3591, #526 ) ;
#497 = AXIS2_PLACEMENT_3D ( 'NONE', #1396, #515, #4463 ) ;
#498 = LINE ( 'NONE', #1304, #632 ) ;
#499 = ADVANCED_FACE ( 'NONE', ( #2335 ), #637, .F. ) ;
#500 = ORIENTED_EDGE ( 'NONE', *, *, #4669, .T. ) ;
#501 = VERTEX_POINT ( 'NONE', #974 ) ;
#502 = CARTESIAN_POINT ( 'NONE',  ( -1.949154974055155254, 0.8089873279774171255, 2.387973030627472237 ) ) ;
#503 = ORIENTED_EDGE ( 'NONE', *, *, #3601, .F. ) ;
#504 = EDGE_CURVE ( 'NONE', #3358, #5036, #2593, .T. ) ;
#505 = CARTESIAN_POINT ( 'NONE',  ( 2.032604911331567621, 1.035000000000000364, -0.4250000000000000444 ) ) ;
#506 = VECTOR ( 'NONE', #4537, 1000.000000000000114 ) ;
#507 = FACE_OUTER_BOUND ( 'NONE', #3836, .T. ) ;
#508 = DIRECTION ( 'NONE',  ( -0.000000000000000000, -1.000000000000000000, -0.000000000000000000 ) ) ;
#509 = DIRECTION ( 'NONE',  ( 0.000000000000000000, 1.000000000000000000, -0.000000000000000000 ) ) ;
#510 = EDGE_LOOP ( 'NONE', ( #1890, #1810, #1228, #2952 ) ) ;
#511 = CARTESIAN_POINT ( 'NONE',  ( 1.726147334250474952, 0.2791240348559905771, 2.374687544561709274 ) ) ;
#512 = ORIENTED_EDGE ( 'NONE', *, *, #4296, .F. ) ;
#513 = DIRECTION ( 'NONE',  ( -0.1378445374916289212, 0.9808148484639890308, 0.1378445374916289490 ) ) ;
#514 = DIRECTION ( 'NONE',  ( 2.224004456380520917E-16, 0.000000000000000000, 1.000000000000000000 ) ) ;
#515 = DIRECTION ( 'NONE',  ( -0.06975647374412446977, 0.9975640502598243087, 0.000000000000000000 ) ) ;
#516 = FACE_OUTER_BOUND ( 'NONE', #5009, .T. ) ;
#517 = EDGE_CURVE ( 'NONE', #4800, #834, #2507, .T. ) ;
#518 = CARTESIAN_POINT ( 'NONE',  ( -1.950000000000000400, 0.8149999999999995026, -1.695000000000000062 ) ) ;
#519 = EDGE_CURVE ( 'NONE', #2713, #2349, #795, .T. ) ;
#520 = CARTESIAN_POINT ( 'NONE',  ( -2.065197525627158637, 0.7876515493654663302, 2.114999999999999769 ) ) ;
#521 = ORIENTED_EDGE ( 'NONE', *, *, #3509, .T. ) ;
#522 = ORIENTED_EDGE ( 'NONE', *, *, #4027, .T. ) ;
#523 = CARTESIAN_POINT ( 'NONE',  ( 2.281855231289845243, 0.8258541484521909615, 0.8450000000000000844 ) ) ;
#524 = ORIENTED_EDGE ( 'NONE', *, *, #336, .T. ) ;
#525 = DIRECTION ( 'NONE',  ( -1.000000000000000000, 0.000000000000000000, 0.000000000000000000 ) ) ;
#526 = VECTOR ( 'NONE', #3980, 1000.000000000000114 ) ;
#527 = CARTESIAN_POINT ( 'NONE',  ( -1.950000000000000400, 1.034999999999999698, -0.8450000000000000844 ) ) ;
#528 = DIRECTION ( 'NONE',  ( -1.000000000000000000, 0.000000000000000000, 0.000000000000000000 ) ) ;
#529 = VECTOR ( 'NONE', #5090, 1000.000000000000114 ) ;
#530 = ORIENTED_EDGE ( 'NONE', *, *, #753, .T. ) ;
#531 = VERTEX_POINT ( 'NONE', #2650 ) ;
#532 = AXIS2_PLACEMENT_3D ( 'NONE', #1983, #5188, #1663 ) ;
#533 = FACE_OUTER_BOUND ( 'NONE', #1029, .T. ) ;
#534 = DIRECTION ( 'NONE',  ( -0.000000000000000000, -0.000000000000000000, -1.000000000000000000 ) ) ;
#535 = ADVANCED_FACE ( 'NONE', ( #4340 ), #3796, .F. ) ;
#536 = CARTESIAN_POINT ( 'NONE',  ( 2.984653575776291756, 6.428775942946129489E-16, -1.695000000000000062 ) ) ;
#537 = FACE_OUTER_BOUND ( 'NONE', #1524, .T. ) ;
#538 = CARTESIAN_POINT ( 'NONE',  ( -2.032604911331567621, 0.7819045920933291871, 0.8450000000000000844 ) ) ;
#539 = ORIENTED_EDGE ( 'NONE', *, *, #5165, .T. ) ;
#540 = EDGE_LOOP ( 'NONE', ( #1104, #2582, #4869, #1347 ) ) ;
#541 = DIRECTION ( 'NONE',  ( 0.000000000000000000, -0.000000000000000000, -1.000000000000000000 ) ) ;
#542 = DIRECTION ( 'NONE',  ( 0.9975640502598243087, 0.06975647374412462243, 0.000000000000000000 ) ) ;
#543 = EDGE_CURVE ( 'NONE', #4663, #955, #2495, .T. ) ;
#544 = VERTEX_POINT ( 'NONE', #4981 ) ;
#545 = AXIS2_PLACEMENT_3D ( 'NONE', #843, #1654, #3735 ) ;
#546 = ADVANCED_FACE ( 'NONE', ( #2549 ), #4298, .T. ) ;
#547 = VECTOR ( 'NONE', #1016, 1000.000000000000114 ) ;
#548 = VECTOR ( 'NONE', #4846, 1000.000000000000000 ) ;
#549 = CARTESIAN_POINT ( 'NONE',  ( 1.950000000000000400, 0.8149999999999995026, 0.8450000000000000844 ) ) ;
#550 = ADVANCED_FACE ( 'NONE', ( #4379 ), #4323, .T. ) ;
#551 = ORIENTED_EDGE ( 'NONE', *, *, #3047, .F. ) ;
#552 = VERTEX_POINT ( 'NONE', #2930 ) ;
#553 = DIRECTION ( 'NONE',  ( 0.9975640502598243087, -0.06975647374412462243, 0.000000000000000000 ) ) ;
#554 = VERTEX_POINT ( 'NONE', #4948 ) ;
#555 = EDGE_CURVE ( 'NONE', #1504, #1608, #385, .T. ) ;
#556 = DIRECTION ( 'NONE',  ( 0.9902680687415703620, -0.1391731009600657432, -2.629348877075843813E-16 ) ) ;
#557 = CARTESIAN_POINT ( 'NONE',  ( -1.950000000000000400, 0.8149999999999995026, 2.114999999999999769 ) ) ;
#558 = MECHANICAL_DESIGN_GEOMETRIC_PRESENTATION_REPRESENTATION (  '', ( #2298 ), #2161 ) ;
#559 = LINE ( 'NONE', #3425, #583 ) ;
#560 = DIRECTION ( 'NONE',  ( -1.000000000000000000, -0.000000000000000000, 2.224004456380522396E-16 ) ) ;
#561 = ORIENTED_EDGE ( 'NONE', *, *, #2753, .F. ) ;
#562 = VERTEX_POINT ( 'NONE', #820 ) ;
#563 = ORIENTED_EDGE ( 'NONE', *, *, #5153, .F. ) ;
#564 = LINE ( 'NONE', #1402, #3938 ) ;
#565 = DIRECTION ( 'NONE',  ( -0.000000000000000000, -0.000000000000000000, -1.000000000000000000 ) ) ;
#566 = DIRECTION ( 'NONE',  ( 0.000000000000000000, 0.000000000000000000, 1.000000000000000000 ) ) ;
#567 = FACE_OUTER_BOUND ( 'NONE', #4886, .T. ) ;
#568 = DIRECTION ( 'NONE',  ( -0.000000000000000000, -0.000000000000000000, -1.000000000000000000 ) ) ;
#569 =( BOUNDED_CURVE ( )  B_SPLINE_CURVE ( 3, ( #2283, #2681, #2621, #1045 ),
 .UNSPECIFIED., .F., .F. ) 
 B_SPLINE_CURVE_WITH_KNOTS ( ( 4, 4 ),
 ( 3.131907471921324237, 3.141592653589793116 ),
 .UNSPECIFIED. ) 
 CURVE ( )  GEOMETRIC_REPRESENTATION_ITEM ( )  RATIONAL_B_SPLINE_CURVE ( ( 1.000000000000000000, 0.9999921831199466427, 0.9999921831199466427, 1.000000000000000000 ) ) 
 REPRESENTATION_ITEM ( '' )  );
#570 = ORIENTED_EDGE ( 'NONE', *, *, #753, .F. ) ;
#571 = VERTEX_POINT ( 'NONE', #1558 ) ;
#572 = AXIS2_PLACEMENT_3D ( 'NONE', #5109, #556, #2618 ) ;
#573 = VERTEX_POINT ( 'NONE', #4778 ) ;
#574 = LINE ( 'NONE', #87, #3822 ) ;
#575 = CARTESIAN_POINT ( 'NONE',  ( 2.406941701005582690, 0.2609347672024824316, -2.115000000000000213 ) ) ;
#576 = VECTOR ( 'NONE', #423, 1000.000000000000000 ) ;
#577 = VERTEX_POINT ( 'NONE', #362 ) ;
#578 = EDGE_CURVE ( 'NONE', #1377, #199, #894, .T. ) ;
#579 = EDGE_LOOP ( 'NONE', ( #2897, #2339, #5093, #4359 ) ) ;
#580 = CARTESIAN_POINT ( 'NONE',  ( 2.281855231289845243, 0.8258541484521909615, -1.695000000000000062 ) ) ;
#581 = ORIENTED_EDGE ( 'NONE', *, *, #4494, .T. ) ;
#582 = AXIS2_PLACEMENT_3D ( 'NONE', #3171, #4009, #3583 ) ;
#583 = VECTOR ( 'NONE', #3692, 1000.000000000000000 ) ;
#584 = ADVANCED_FACE ( 'NONE', ( #2666 ), #2529, .T. ) ;
#585 = LINE ( 'NONE', #2692, #3931 ) ;
#586 = DIRECTION ( 'NONE',  ( 0.000000000000000000, -0.000000000000000000, -1.000000000000000000 ) ) ;
#587 = DIRECTION ( 'NONE',  ( 0.000000000000000000, -0.000000000000000000, -1.000000000000000000 ) ) ;
#588 = ORIENTED_EDGE ( 'NONE', *, *, #3209, .T. ) ;
#589 = EDGE_LOOP ( 'NONE', ( #3111, #4280, #1387, #1859 ) ) ;
#590 = EDGE_CURVE ( 'NONE', #4653, #3158, #865, .T. ) ;
#591 = DIRECTION ( 'NONE',  ( 0.000000000000000000, -0.000000000000000000, -1.000000000000000000 ) ) ;
#592 = VERTEX_POINT ( 'NONE', #2317 ) ;
#593 = DIRECTION ( 'NONE',  ( -0.000000000000000000, -0.000000000000000000, -1.000000000000000000 ) ) ;
#594 = EDGE_CURVE ( 'NONE', #2829, #1975, #2602, .T. ) ;
#595 = LINE ( 'NONE', #4955, #2329 ) ;
#596 = CARTESIAN_POINT ( 'NONE',  ( -2.376657705662685416, 0.2882025990867243537, -0.4250000000000000444 ) ) ;
#597 = CARTESIAN_POINT ( 'NONE',  ( -2.999999999999999556, 0.2194640910571620529, 0.8450000000000000844 ) ) ;
#598 = ORIENTED_EDGE ( 'NONE', *, *, #286, .T. ) ;
#599 = ORIENTED_EDGE ( 'NONE', *, *, #3901, .F. ) ;
#600 = EDGE_LOOP ( 'NONE', ( #4443, #2596, #657, #5047, #1171, #705 ) ) ;
#601 = DIRECTION ( 'NONE',  ( -0.000000000000000000, -0.000000000000000000, -1.000000000000000000 ) ) ;
#602 = LINE ( 'NONE', #2558, #4073 ) ;
#603 = EDGE_CURVE ( 'NONE', #2197, #2313, #4388, .T. ) ;
#604 = DIRECTION ( 'NONE',  ( -1.000000000000000000, 0.000000000000000000, 0.000000000000000000 ) ) ;
#605 = AXIS2_PLACEMENT_3D ( 'NONE', #4090, #4117, #1259 ) ;
#606 = DIRECTION ( 'NONE',  ( 0.000000000000000000, -0.000000000000000000, 1.000000000000000000 ) ) ;
#607 = LINE ( 'NONE', #1984, #529 ) ;
#608 = ORIENTED_EDGE ( 'NONE', *, *, #4693, .F. ) ;
#609 = EDGE_LOOP ( 'NONE', ( #1930, #4470, #340, #436 ) ) ;
#610 = FACE_OUTER_BOUND ( 'NONE', #3267, .T. ) ;
#611 = CARTESIAN_POINT ( 'NONE',  ( 2.391595276781875334, 0.04147067614532087831, 2.114999999999999769 ) ) ;
#612 = CARTESIAN_POINT ( 'NONE',  ( -1.800000000000000488, 0.8149999999999995026, 2.449999999999998845 ) ) ;
#613 = EDGE_CURVE ( 'NONE', #4516, #3828, #3077, .T. ) ;
#614 = AXIS2_PLACEMENT_3D ( 'NONE', #4396, #3660, #4810 ) ;
#615 = ORIENTED_EDGE ( 'NONE', *, *, #3831, .F. ) ;
#616 = VERTEX_POINT ( 'NONE', #4334 ) ;
#617 = DIRECTION ( 'NONE',  ( -1.000000000000000000, 0.000000000000000000, 0.000000000000000000 ) ) ;
#618 = VECTOR ( 'NONE', #591, 1000.000000000000000 ) ;
#619 = CARTESIAN_POINT ( 'NONE',  ( -2.406941701005582690, 0.2609347672024824316, -0.4250000000000000444 ) ) ;
#620 = PLANE ( 'NONE',  #3383 ) ;
#621 = DIRECTION ( 'NONE',  ( -0.06975647374412462243, -0.9975640502598243087, 0.000000000000000000 ) ) ;
#622 = ORIENTED_EDGE ( 'NONE', *, *, #4797, .T. ) ;
#623 = ORIENTED_EDGE ( 'NONE', *, *, #2823, .F. ) ;
#624 = AXIS2_PLACEMENT_3D ( 'NONE', #3239, #3658, #1253 ) ;
#625 = DIRECTION ( 'NONE',  ( -0.1378445374916289212, -0.9808148484639890308, 0.1378445374916289490 ) ) ;
#626 = SURFACE_STYLE_USAGE ( .BOTH. , #4564 ) ;
#627 = EDGE_CURVE ( 'NONE', #5148, #2893, #789, .T. ) ;
#628 =( LENGTH_UNIT ( ) NAMED_UNIT ( * ) SI_UNIT ( .MILLI., .METRE. ) );
#629 = CARTESIAN_POINT ( 'NONE',  ( -0.8500000000000007550, 0.7514718625761431792, -1.949999999999997291 ) ) ;
#630 = VECTOR ( 'NONE', #943, 1000.000000000000000 ) ;
#631 = ADVANCED_FACE ( 'NONE', ( #934 ), #4740, .F. ) ;
#632 = VECTOR ( 'NONE', #3327, 1000.000000000000000 ) ;
#633 = ORIENTED_EDGE ( 'NONE', *, *, #4797, .F. ) ;
#634 = ORIENTED_EDGE ( 'NONE', *, *, #4380, .F. ) ;
#635 = CARTESIAN_POINT ( 'NONE',  ( -2.032604911331567621, 0.7819045920933291871, 2.114999999999999769 ) ) ;
#636 = EDGE_CURVE ( 'NONE', #1209, #3581, #872, .T. ) ;
#637 = CYLINDRICAL_SURFACE ( 'NONE', #395, 0.03309540790667059307 ) ;
#638 = DIRECTION ( 'NONE',  ( 0.000000000000000000, -1.000000000000000000, 0.000000000000000000 ) ) ;
#639 = AXIS2_PLACEMENT_3D ( 'NONE', #1380, #1783, #3256 ) ;
#640 = DIRECTION ( 'NONE',  ( 1.000000000000000000, 0.000000000000000000, 0.000000000000000000 ) ) ;
#641 = FACE_OUTER_BOUND ( 'NONE', #1270, .T. ) ;
#642 = ADVANCED_FACE ( 'NONE', ( #883 ), #3139, .F. ) ;
#643 = ORIENTED_EDGE ( 'NONE', *, *, #3810, .F. ) ;
#644 = EDGE_LOOP ( 'NONE', ( #1328, #3134, #2640, #1765 ) ) ;
#645 = EDGE_CURVE ( 'NONE', #1425, #192, #2612, .T. ) ;
#646 = APPLICATION_PROTOCOL_DEFINITION ( 'draft international standard', 'automotive_design', 1998, #3705 ) ;
#647 = AXIS2_PLACEMENT_3D ( 'NONE', #1756, #1832, #2966 ) ;
#648 = LINE ( 'NONE', #2559, #2366 ) ;
#649 = VERTEX_POINT ( 'NONE', #2424 ) ;
#650 = VERTEX_POINT ( 'NONE', #2678 ) ;
#651 = CARTESIAN_POINT ( 'NONE',  ( 1.804282219532239218, 1.014917368148172017, -2.452822429843473984 ) ) ;
#652 = LINE ( 'NONE', #1718, #2451 ) ;
#653 = LINE ( 'NONE', #3881, #670 ) ;
#654 = DIRECTION ( 'NONE',  ( -0.9902680687415703620, -0.1391731009600659930, 0.000000000000000000 ) ) ;
#655 = DIRECTION ( 'NONE',  ( -0.000000000000000000, -0.000000000000000000, -1.000000000000000000 ) ) ;
#656 = CLOSED_SHELL ( 'NONE', ( #2555, #677, #3230, #4418, #1931, #1666, #4898, #4466, #2019, #3755, #4355, #3655, #2797, #2835 ) ) ;
#657 = ORIENTED_EDGE ( 'NONE', *, *, #4342, .T. ) ;
#658 = DIRECTION ( 'NONE',  ( -0.000000000000000000, -0.000000000000000000, -1.000000000000000000 ) ) ;
#659 = DIRECTION ( 'NONE',  ( 0.9975640502598243087, 0.06975647374412462243, 0.000000000000000000 ) ) ;
#660 = FACE_OUTER_BOUND ( 'NONE', #4581, .T. ) ;
#661 = DIRECTION ( 'NONE',  ( 0.1736481776669290544, 0.9848077530122083534, 0.000000000000000000 ) ) ;
#662 = CARTESIAN_POINT ( 'NONE',  ( -2.999999999999999556, 0.2194640910571620529, -0.8450000000000000844 ) ) ;
#663 = VERTEX_POINT ( 'NONE', #3107 ) ;
#664 = VERTEX_POINT ( 'NONE', #3513 ) ;
#665 = CARTESIAN_POINT ( 'NONE',  ( 1.887973030627470683, 1.041012672022580299, -2.449154974055151701 ) ) ;
#666 = PRESENTATION_LAYER_ASSIGNMENT (  '', '', ( #2782 ) ) ;
#667 = CARTESIAN_POINT ( 'NONE',  ( 1.950000000000000400, 1.034999999999999698, -0.4250000000000000444 ) ) ;
#668 = ADVANCED_FACE ( 'NONE', ( #804 ), #331, .T. ) ;
#669 = DIRECTION ( 'NONE',  ( -0.1736481776669290544, -0.9848077530122082424, 0.000000000000000000 ) ) ;
#670 = VECTOR ( 'NONE', #3109, 1000.000000000000000 ) ;
#671 = ORIENTED_EDGE ( 'NONE', *, *, #3923, .F. ) ;
#672 = ORIENTED_EDGE ( 'NONE', *, *, #2454, .F. ) ;
#673 = CARTESIAN_POINT ( 'NONE',  ( 1.726147334250475174, 0.1500000000000006051, 2.208000134611669996 ) ) ;
#674 = AXIS2_PLACEMENT_3D ( 'NONE', #2041, #2866, #3582 ) ;
#675 = CARTESIAN_POINT ( 'NONE',  ( -2.984653575776291756, 6.428775942946129489E-16, -0.4250000000000000444 ) ) ;
#676 = EDGE_CURVE ( 'NONE', #252, #1239, #2522, .T. ) ;
#677 = ADVANCED_FACE ( 'NONE', ( #4354 ), #1295, .F. ) ;
#678 = ORIENTED_EDGE ( 'NONE', *, *, #1790, .T. ) ;
#679 = VERTEX_POINT ( 'NONE', #484 ) ;
#680 = CARTESIAN_POINT ( 'NONE',  ( -1.950000000000000400, 0.8149999999999995026, -1.695000000000000062 ) ) ;
#681 = PLANE ( 'NONE',  #377 ) ;
#682 = EDGE_CURVE ( 'NONE', #4248, #3301, #2540, .T. ) ;
#683 = FACE_OUTER_BOUND ( 'NONE', #2103, .T. ) ;
#684 = AXIS2_PLACEMENT_3D ( 'NONE', #1659, #2075, #2462 ) ;
#685 = EDGE_CURVE ( 'NONE', #207, #4608, #901, .T. ) ;
#686 = VECTOR ( 'NONE', #1103, 1000.000000000000000 ) ;
#687 = DIRECTION ( 'NONE',  ( 1.000000000000000000, -0.000000000000000000, 3.599011360947732101E-16 ) ) ;
#688 = CARTESIAN_POINT ( 'NONE',  ( -2.032604911331567621, 0.7819045920933291871, 2.114999999999999769 ) ) ;
#689 = VERTEX_POINT ( 'NONE', #4889 ) ;
#690 = ORIENTED_EDGE ( 'NONE', *, *, #2690, .T. ) ;
#691 = STYLED_ITEM ( 'NONE', ( #2639 ), #3415 ) ;
#692 = CARTESIAN_POINT ( 'NONE',  ( 2.032604911331567621, 0.7819045920933291871, -0.4250000000000000444 ) ) ;
#693 = DIRECTION ( 'NONE',  ( 0.000000000000000000, -0.000000000000000000, -1.000000000000000000 ) ) ;
#694 = PRESENTATION_STYLE_ASSIGNMENT (( #1323 ) ) ;
#695 = FACE_OUTER_BOUND ( 'NONE', #2865, .T. ) ;
#696 = VERTEX_POINT ( 'NONE', #94 ) ;
#697 = EDGE_CURVE ( 'NONE', #870, #1751, #2656, .T. ) ;
#698 = VERTEX_POINT ( 'NONE', #1661 ) ;
#699 = AXIS2_PLACEMENT_3D ( 'NONE', #1952, #1117, #3709 ) ;
#700 = CARTESIAN_POINT ( 'NONE',  ( 1.950000000000000400, 0.8149999999999995026, 2.114999999999999769 ) ) ;
#701 = DIRECTION ( 'NONE',  ( -1.000000000000000000, 0.000000000000000000, 0.000000000000000000 ) ) ;
#702 = CARTESIAN_POINT ( 'NONE',  ( -1.950000000000000400, 1.034999999999999698, 1.694999999999999840 ) ) ;
#703 = VECTOR ( 'NONE', #1530, 1000.000000000000000 ) ;
#704 = EDGE_LOOP ( 'NONE', ( #3438, #1248, #4664, #1288 ) ) ;
#705 = ORIENTED_EDGE ( 'NONE', *, *, #1353, .T. ) ;
#706 = EDGE_CURVE ( 'NONE', #5112, #4579, #2627, .T. ) ;
#707 = DIRECTION ( 'NONE',  ( -0.000000000000000000, 0.000000000000000000, -1.000000000000000000 ) ) ;
#708 = EDGE_CURVE ( 'NONE', #3051, #2218, #4394, .T. ) ;
#709 = CARTESIAN_POINT ( 'NONE',  ( -2.391595276781875334, 0.04147067614532087831, -0.4250000000000000444 ) ) ;
#710 = ADVANCED_FACE ( 'NONE', ( #4276 ), #4024, .T. ) ;
#711 = MANIFOLD_SOLID_BREP ( 'Boss-Extrude4', #3634 ) ;
#712 = LINE ( 'NONE', #4205, #2373 ) ;
#713 = VERTEX_POINT ( 'NONE', #1310 ) ;
#714 = VERTEX_POINT ( 'NONE', #2512 ) ;
#715 = CARTESIAN_POINT ( 'NONE',  ( 1.726147334250474952, 0.1500000000000006051, 2.226147334250474064 ) ) ;
#716 = EDGE_CURVE ( 'NONE', #5121, #3907, #856, .T. ) ;
#717 = VECTOR ( 'NONE', #4839, 1000.000000000000000 ) ;
#718 = CIRCLE ( 'NONE', #813, 0.2530954079066702889 ) ;
#719 = CARTESIAN_POINT ( 'NONE',  ( 1.950000000000000400, 1.034999999999999698, 0.8450000000000000844 ) ) ;
#720 = ADVANCED_FACE ( 'NONE', ( #1107 ), #4423, .T. ) ;
#721 = ORIENTED_EDGE ( 'NONE', *, *, #110, .F. ) ;
#722 = EDGE_LOOP ( 'NONE', ( #351, #3741, #3966, #3711 ) ) ;
#723 = CARTESIAN_POINT ( 'NONE',  ( 1.949999999999998179, 1.034999999999999698, -2.449999999999997513 ) ) ;
#724 = CARTESIAN_POINT ( 'NONE',  ( -1.801452754537962386, 0.8149499423009832766, -2.449992964849193378 ) ) ;
#725 = CARTESIAN_POINT ( 'NONE',  ( -2.032604911331567621, 0.8149999999999995026, 1.694999999999999840 ) ) ;
#726 = EDGE_CURVE ( 'NONE', #4917, #3512, #4455, .T. ) ;
#727 = DIRECTION ( 'NONE',  ( -0.9902680687415703620, 0.1391731009600657432, 8.764496256919481019E-17 ) ) ;
#728 = AXIS2_PLACEMENT_3D ( 'NONE', #248, #3023, #2693 ) ;
#729 = ORIENTED_EDGE ( 'NONE', *, *, #676, .T. ) ;
#730 = VERTEX_POINT ( 'NONE', #3747 ) ;
#731 = DIRECTION ( 'NONE',  ( -1.000000000000000000, 0.000000000000000000, 0.000000000000000000 ) ) ;
#732 = LINE ( 'NONE', #1579, #2423 ) ;
#733 = DIRECTION ( 'NONE',  ( 0.1736481776669290544, -0.9848077530122082424, 0.000000000000000000 ) ) ;
#734 = LINE ( 'NONE', #363, #2393 ) ;
#735 = ORIENTED_EDGE ( 'NONE', *, *, #4843, .F. ) ;
#736 = ORIENTED_EDGE ( 'NONE', *, *, #3476, .F. ) ;
#737 = AXIS2_PLACEMENT_3D ( 'NONE', #3542, #3930, #265 ) ;
#738 = DIRECTION ( 'NONE',  ( 0.1736481776669290544, -0.9848077530122082424, 0.000000000000000000 ) ) ;
#739 = EDGE_CURVE ( 'NONE', #1724, #4792, #2860, .T. ) ;
#740 = AXIS2_PLACEMENT_3D ( 'NONE', #3075, #3141, #659 ) ;
#741 = VERTEX_POINT ( 'NONE', #2166 ) ;
#742 = ORIENTED_EDGE ( 'NONE', *, *, #4753, .T. ) ;
#743 = CARTESIAN_POINT ( 'NONE',  ( -1.909243157936306723, 1.324999999999999956, -2.449999999999997513 ) ) ;
#744 = CYLINDRICAL_SURFACE ( 'NONE', #3848, 0.2530954079066711770 ) ;
#745 = AXIS2_PLACEMENT_3D ( 'NONE', #1206, #2705, #4324 ) ;
#746 = FACE_OUTER_BOUND ( 'NONE', #4190, .T. ) ;
#747 = ORIENTED_EDGE ( 'NONE', *, *, #4181, .F. ) ;
#748 = VERTEX_POINT ( 'NONE', #3364 ) ;
#749 = DIRECTION ( 'NONE',  ( -1.000000000000000000, 0.000000000000000000, 0.000000000000000000 ) ) ;
#750 = CARTESIAN_POINT ( 'NONE',  ( -1.950000000000000844, 0.8149999999999995026, -2.449999999999996625 ) ) ;
#751 = DIRECTION ( 'NONE',  ( -1.000000000000000000, 0.000000000000000000, 0.000000000000000000 ) ) ;
#752 = VECTOR ( 'NONE', #625, 1000.000000000000114 ) ;
#753 = EDGE_CURVE ( 'NONE', #730, #3175, #4415, .T. ) ;
#754 = SURFACE_STYLE_FILL_AREA ( #1907 ) ;
#755 = CARTESIAN_POINT ( 'NONE',  ( 1.205000000000001181, 0.1500000000000006051, 1.650000000000000355 ) ) ;
#756 = ORIENTED_EDGE ( 'NONE', *, *, #49, .T. ) ;
#757 = ORIENTED_EDGE ( 'NONE', *, *, #716, .F. ) ;
#758 = DIRECTION ( 'NONE',  ( -0.06975647374412569102, 0.9975640502598241977, 0.000000000000000000 ) ) ;
#759 = CARTESIAN_POINT ( 'NONE',  ( 2.032604911331567621, 0.7819045920933291871, -0.4250000000000000444 ) ) ;
#760 = DIRECTION ( 'NONE',  ( -1.000000000000000000, 0.000000000000000000, 0.000000000000000000 ) ) ;
#761 = LINE ( 'NONE', #229, #2463 ) ;
#762 = PLANE ( 'NONE',  #4540 ) ;
#763 = EDGE_CURVE ( 'NONE', #4457, #2082, #2739, .T. ) ;
#764 = SURFACE_STYLE_USAGE ( .BOTH. , #3293 ) ;
#765 = VECTOR ( 'NONE', #3867, 1000.000000000000000 ) ;
#766 = EDGE_CURVE ( 'NONE', #3056, #4141, #4539, .T. ) ;
#767 = ORIENTED_EDGE ( 'NONE', *, *, #1013, .T. ) ;
#768 = ORIENTED_EDGE ( 'NONE', *, *, #4524, .T. ) ;
#769 = CARTESIAN_POINT ( 'NONE',  ( 1.804282219532240328, 0.8559585969958369844, 2.304282219532239662 ) ) ;
#770 = VECTOR ( 'NONE', #458, 1000.000000000000114 ) ;
#771 = CARTESIAN_POINT ( 'NONE',  ( -0.8500000000000007550, 1.700000000000000178, -1.949999999999997291 ) ) ;
#772 = FACE_OUTER_BOUND ( 'NONE', #453, .T. ) ;
#773 = CARTESIAN_POINT ( 'NONE',  ( -1.949154974055155476, 1.041012672022580299, -2.387973030627469573 ) ) ;
#774 = DIRECTION ( 'NONE',  ( 0.000000000000000000, -0.000000000000000000, -1.000000000000000000 ) ) ;
#775 = VERTEX_POINT ( 'NONE', #1742 ) ;
#776 = ORIENTED_EDGE ( 'NONE', *, *, #13, .F. ) ;
#777 = SURFACE_SIDE_STYLE ('',( #4548 ) ) ;
#778 = AXIS2_PLACEMENT_3D ( 'NONE', #3915, #426, #4375 ) ;
#779 = VECTOR ( 'NONE', #1627, 1000.000000000000114 ) ;
#780 = CARTESIAN_POINT ( 'NONE',  ( 1.804282219532239218, 0.9940414030041621052, -2.304282219532238773 ) ) ;
#781 = ORIENTED_EDGE ( 'NONE', *, *, #1043, .T. ) ;
#782 = VERTEX_POINT ( 'NONE', #4826 ) ;
#783 = CARTESIAN_POINT ( 'NONE',  ( -2.281855231289845243, 0.8258541484521909615, -0.4250000000000000444 ) ) ;
#784 = DIRECTION ( 'NONE',  ( -0.000000000000000000, -0.000000000000000000, -1.000000000000000000 ) ) ;
#785 = CARTESIAN_POINT ( 'NONE',  ( -1.950000000000000400, 0.8149999999999995026, 0.8450000000000000844 ) ) ;
#786 = DIRECTION ( 'NONE',  ( 0.000000000000000000, 0.000000000000000000, 1.000000000000000000 ) ) ;
#787 = DIRECTION ( 'NONE',  ( -0.1736481776669306365, 0.9848077530122080203, 0.000000000000000000 ) ) ;
#788 = AXIS2_PLACEMENT_3D ( 'NONE', #4646, #2542, #900 ) ;
#789 = LINE ( 'NONE', #4436, #4309 ) ;
#790 = DIRECTION ( 'NONE',  ( 1.000000000000000000, 0.000000000000000000, -0.000000000000000000 ) ) ;
#791 = ADVANCED_FACE ( 'NONE', ( #997 ), #966, .F. ) ;
#792 = ORIENTED_EDGE ( 'NONE', *, *, #336, .F. ) ;
#793 = EDGE_LOOP ( 'NONE', ( #2016, #2564, #3957, #3920 ) ) ;
#794 = DIRECTION ( 'NONE',  ( 1.000000000000000000, 0.000000000000000000, 0.000000000000000000 ) ) ;
#795 = LINE ( 'NONE', #3756, #2644 ) ;
#796 = CARTESIAN_POINT ( 'NONE',  ( 2.032604911331567621, 0.7819045920933291871, 0.8450000000000000844 ) ) ;
#797 = CARTESIAN_POINT ( 'NONE',  ( -1.534243157936306279, 1.570875965144010067, 2.374687544561709718 ) ) ;
#798 = EDGE_CURVE ( 'NONE', #4792, #3056, #965, .T. ) ;
#799 = FACE_OUTER_BOUND ( 'NONE', #2027, .T. ) ;
#800 = ADVANCED_FACE ( 'NONE', ( #2804 ), #4519, .T. ) ;
#801 = ORIENTED_EDGE ( 'NONE', *, *, #819, .F. ) ;
#802 = ORIENTED_EDGE ( 'NONE', *, *, #1142, .T. ) ;
#803 = DIRECTION ( 'NONE',  ( 0.1378445374916289490, 0.9808148484639891418, 0.1378445374916288935 ) ) ;
#804 = FACE_OUTER_BOUND ( 'NONE', #1901, .T. ) ;
#805 = DIRECTION ( 'NONE',  ( -0.06975647374412446977, 0.9975640502598243087, 0.000000000000000000 ) ) ;
#806 = CIRCLE ( 'NONE', #4823, 0.1499999999999999667 ) ;
#807 = CARTESIAN_POINT ( 'NONE',  ( -1.801452754537961720, 1.035050057699015813, -2.449992964849193378 ) ) ;
#808 = DIRECTION ( 'NONE',  ( -0.1736481776669290544, 0.9848077530122083534, 0.000000000000000000 ) ) ;
#809 = VERTEX_POINT ( 'NONE', #1895 ) ;
#810 = EDGE_CURVE ( 'NONE', #748, #217, #950, .T. ) ;
#811 = ORIENTED_EDGE ( 'NONE', *, *, #326, .T. ) ;
#812 = CARTESIAN_POINT ( 'NONE',  ( -2.032604911331567621, 0.8149999999999995026, 0.8450000000000000844 ) ) ;
#813 = AXIS2_PLACEMENT_3D ( 'NONE', #4366, #2426, #822 ) ;
#814 = PRESENTATION_STYLE_ASSIGNMENT (( #1348 ) ) ;
#815 = PLANE ( 'NONE',  #4695 ) ;
#816 = ORIENTED_EDGE ( 'NONE', *, *, #1013, .F. ) ;
#817 = ORIENTED_EDGE ( 'NONE', *, *, #3422, .F. ) ;
#818 = DIRECTION ( 'NONE',  ( -1.000000000000000000, 0.000000000000000000, 0.000000000000000000 ) ) ;
#819 = EDGE_CURVE ( 'NONE', #741, #2903, #4434, .T. ) ;
#820 = CARTESIAN_POINT ( 'NONE',  ( -2.406941701005582690, 0.2609347672024824316, -2.115000000000000213 ) ) ;
#821 = CARTESIAN_POINT ( 'NONE',  ( -2.984653575776291756, 6.428775942946129489E-16, -0.8450000000000000844 ) ) ;
#822 = DIRECTION ( 'NONE',  ( -1.000000000000000000, 0.000000000000000000, 0.000000000000000000 ) ) ;
#823 = DIRECTION ( 'NONE',  ( 0.000000000000000000, -1.000000000000000000, 0.000000000000000000 ) ) ;
#824 = ADVANCED_FACE ( 'NONE', ( #1098 ), #4624, .F. ) ;
#825 = DIRECTION ( 'NONE',  ( -1.000000000000000000, 0.000000000000000000, 0.000000000000000000 ) ) ;
#826 = VERTEX_POINT ( 'NONE', #3029 ) ;
#827 = ORIENTED_EDGE ( 'NONE', *, *, #1319, .F. ) ;
#828 = CARTESIAN_POINT ( 'NONE',  ( 2.159999999999999698, 0.2499999999999997224, -0.4250000000000000444 ) ) ;
#829 = CARTESIAN_POINT ( 'NONE',  ( 1.950000000000000400, 0.8149999999999995026, 0.4250000000000000444 ) ) ;
#830 = EDGE_CURVE ( 'NONE', #4041, #3587, #4484, .T. ) ;
#831 = EDGE_CURVE ( 'NONE', #4000, #1943, #2747, .T. ) ;
#832 = DIRECTION ( 'NONE',  ( 0.000000000000000000, 1.000000000000000000, 0.000000000000000000 ) ) ;
#833 = CARTESIAN_POINT ( 'NONE',  ( -1.909243157936306723, 1.324999999999999956, 2.260702947625070180 ) ) ;
#834 = VERTEX_POINT ( 'NONE', #957 ) ;
#835 = ORIENTED_EDGE ( 'NONE', *, *, #2002, .F. ) ;
#836 = DIRECTION ( 'NONE',  ( 1.000000000000000000, 0.000000000000000000, 0.000000000000000000 ) ) ;
#837 = CARTESIAN_POINT ( 'NONE',  ( 1.950000000000000400, 1.034999999999999698, 0.4250000000000000444 ) ) ;
#838 = EDGE_CURVE ( 'NONE', #592, #1208, #2699, .T. ) ;
#839 = CARTESIAN_POINT ( 'NONE',  ( 1.950000000000000400, 0.8149999999999995026, 2.114999999999999769 ) ) ;
#840 = DIRECTION ( 'NONE',  ( 1.000000000000000000, 0.000000000000000000, 0.000000000000000000 ) ) ;
#841 = VERTEX_POINT ( 'NONE', #4545 ) ;
#842 = ORIENTED_EDGE ( 'NONE', *, *, #1319, .T. ) ;
#843 = CARTESIAN_POINT ( 'NONE',  ( -0.8500000000000007550, 1.600000000000000089, -1.649999999999997469 ) ) ;
#844 = CARTESIAN_POINT ( 'NONE',  ( 2.032604911331567621, 0.7819045920933291871, 0.4250000000000000444 ) ) ;
#845 = VECTOR ( 'NONE', #1392, 1000.000000000000000 ) ;
#846 = DIRECTION ( 'NONE',  ( 0.000000000000000000, 0.000000000000000000, 1.000000000000000000 ) ) ;
#847 = DIRECTION ( 'NONE',  ( 0.000000000000000000, 0.000000000000000000, 1.000000000000000000 ) ) ;
#848 = EDGE_LOOP ( 'NONE', ( #2404, #2368, #2877, #1082 ) ) ;
#849 = ORIENTED_EDGE ( 'NONE', *, *, #766, .T. ) ;
#850 = AXIS2_PLACEMENT_3D ( 'NONE', #4931, #3784, #3744 ) ;
#851 = CARTESIAN_POINT ( 'NONE',  ( -2.999999999999999556, 0.2194640910571620529, -0.4250000000000000444 ) ) ;
#852 = DIRECTION ( 'NONE',  ( 1.000000000000000000, 0.000000000000000000, -2.224004456380522889E-16 ) ) ;
#853 = CARTESIAN_POINT ( 'NONE',  ( 1.205000000000001181, 0.2500000000000006106, -1.649999999999999467 ) ) ;
#854 = EDGE_CURVE ( 'NONE', #1444, #1168, #4495, .T. ) ;
#855 = DIRECTION ( 'NONE',  ( -0.1736481776669290544, -0.9848077530122082424, 0.000000000000000000 ) ) ;
#856 = LINE ( 'NONE', #2843, #1005 ) ;
#857 = CARTESIAN_POINT ( 'NONE',  ( -1.950000000000000400, 0.8149999999999995026, 1.694999999999999840 ) ) ;
#858 = CIRCLE ( 'NONE', #1622, 0.2999999999999999334 ) ;
#859 = ORIENTED_EDGE ( 'NONE', *, *, #4920, .F. ) ;
#860 = ORIENTED_EDGE ( 'NONE', *, *, #255, .F. ) ;
#861 = AXIS2_PLACEMENT_3D ( 'NONE', #4219, #4578, #4613 ) ;
#862 = DIRECTION ( 'NONE',  ( 1.000000000000000000, 0.000000000000000000, 0.000000000000000000 ) ) ;
#863 = ADVANCED_FACE ( 'NONE', ( #4461 ), #3563, .T. ) ;
#864 = EDGE_CURVE ( 'NONE', #1003, #207, #1047, .T. ) ;
#865 = LINE ( 'NONE', #1175, #4362 ) ;
#866 = CARTESIAN_POINT ( 'NONE',  ( -1.952822429843477536, 1.014917368148172239, -2.304282219532237885 ) ) ;
#867 = MECHANICAL_DESIGN_GEOMETRIC_PRESENTATION_REPRESENTATION (  '', ( #2073 ), #2736 ) ;
#868 = CARTESIAN_POINT ( 'NONE',  ( 1.949999999999999512, 1.034999999999999698, 2.299999999999998046 ) ) ;
#869 = LINE ( 'NONE', #283, #942 ) ;
#870 = VERTEX_POINT ( 'NONE', #378 ) ;
#871 = EDGE_LOOP ( 'NONE', ( #2581, #2376, #5140, #2820 ) ) ;
#872 = LINE ( 'NONE', #3973, #2568 ) ;
#873 = EDGE_CURVE ( 'NONE', #870, #441, #2709, .T. ) ;
#874 = DIRECTION ( 'NONE',  ( 0.9975640502598243087, 0.06975647374412446977, -0.000000000000000000 ) ) ;
#875 = ADVANCED_FACE ( 'NONE', ( #4592 ), #4318, .F. ) ;
#876 = AXIS2_PLACEMENT_3D ( 'NONE', #51, #4487, #862 ) ;
#877 = COLOUR_RGB ( '',0.8000000000000000444, 0.8196078431372548767, 0.9333333333333333481 ) ;
#878 = DIRECTION ( 'NONE',  ( 0.000000000000000000, -0.000000000000000000, -1.000000000000000000 ) ) ;
#879 = CARTESIAN_POINT ( 'NONE',  ( 2.159999999999999698, 0.2499999999999997224, -0.4250000000000000444 ) ) ;
#880 = ORIENTED_EDGE ( 'NONE', *, *, #1353, .F. ) ;
#881 = CARTESIAN_POINT ( 'NONE',  ( -1.534243157936306723, 1.700000000000000178, 2.226147334250474508 ) ) ;
#882 = CARTESIAN_POINT ( 'NONE',  ( -1.949997654931401536, 1.035016686030104438, 2.300968516274153775 ) ) ;
#883 = FACE_OUTER_BOUND ( 'NONE', #2904, .T. ) ;
#884 = CARTESIAN_POINT ( 'NONE',  ( 2.391595276781875334, 0.04147067614532114893, 1.694999999999999840 ) ) ;
#885 = EDGE_CURVE ( 'NONE', #4738, #1208, #4501, .T. ) ;
#886 = VECTOR ( 'NONE', #2020, 1000.000000000000000 ) ;
#887 = DIRECTION ( 'NONE',  ( -8.850629979473515872E-17, 0.000000000000000000, -1.000000000000000000 ) ) ;
#888 = AXIS2_PLACEMENT_3D ( 'NONE', #4365, #3625, #1215 ) ;
#889 = ORIENTED_EDGE ( 'NONE', *, *, #519, .T. ) ;
#890 = DIRECTION ( 'NONE',  ( -1.000000000000000000, 0.000000000000000000, 0.000000000000000000 ) ) ;
#891 = DIRECTION ( 'NONE',  ( -0.000000000000000000, -0.000000000000000000, -1.000000000000000000 ) ) ;
#892 = DIRECTION ( 'NONE',  ( -0.000000000000000000, 1.000000000000000000, -0.000000000000000000 ) ) ;
#893 = CARTESIAN_POINT ( 'NONE',  ( -2.999999999999999556, 0.2194640910571620529, -1.695000000000000062 ) ) ;
#894 = LINE ( 'NONE', #3934, #2619 ) ;
#895 = DIRECTION ( 'NONE',  ( 1.000000000000000000, 0.000000000000000000, 0.000000000000000000 ) ) ;
#896 = VECTOR ( 'NONE', #4229, 1000.000000000000000 ) ;
#897 = ORIENTED_EDGE ( 'NONE', *, *, #4097, .F. ) ;
#898 = CARTESIAN_POINT ( 'NONE',  ( -2.065197525627158193, 0.7876515493654663302, 0.4250000000000000444 ) ) ;
#899 = CARTESIAN_POINT ( 'NONE',  ( 0.000000000000000000, 0.1500000000000006051, 0.000000000000000000 ) ) ;
#900 = DIRECTION ( 'NONE',  ( 1.000000000000000000, 0.000000000000000000, 0.000000000000000000 ) ) ;
#901 = CIRCLE ( 'NONE', #4383, 0.2530954079066702889 ) ;
#902 = SURFACE_SIDE_STYLE ('',( #4370 ) ) ;
#903 = DIRECTION ( 'NONE',  ( -8.850629979473513407E-17, 0.000000000000000000, -1.000000000000000000 ) ) ;
#904 = LINE ( 'NONE', #868, #886 ) ;
#905 = ORIENTED_EDGE ( 'NONE', *, *, #967, .F. ) ;
#906 = DIRECTION ( 'NONE',  ( 1.000000000000000000, -0.000000000000000000, -0.000000000000000000 ) ) ;
#907 = ADVANCED_FACE ( 'NONE', ( #1085 ), #4720, .T. ) ;
#908 = VECTOR ( 'NONE', #3039, 1000.000000000000114 ) ;
#909 = DIRECTION ( 'NONE',  ( -0.000000000000000000, -0.000000000000000000, -1.000000000000000000 ) ) ;
#910 = VECTOR ( 'NONE', #3153, 1000.000000000000000 ) ;
#911 = CARTESIAN_POINT ( 'NONE',  ( 2.391595276781875334, 0.04147067614532114893, 0.8450000000000000844 ) ) ;
#912 = DIRECTION ( 'NONE',  ( 0.000000000000000000, 0.000000000000000000, -1.000000000000000000 ) ) ;
#913 = ORIENTED_EDGE ( 'NONE', *, *, #519, .F. ) ;
#914 = DIRECTION ( 'NONE',  ( 1.000000000000000000, 0.000000000000000000, 0.000000000000000000 ) ) ;
#915 = CARTESIAN_POINT ( 'NONE',  ( 2.065197525627158637, 0.7876515493654663302, -0.4250000000000000444 ) ) ;
#916 = DIRECTION ( 'NONE',  ( 1.000000000000000000, -0.000000000000000000, -0.000000000000000000 ) ) ;
#917 = CARTESIAN_POINT ( 'NONE',  ( -2.406941701005582690, 0.2609347672024824316, 0.8450000000000000844 ) ) ;
#918 = CARTESIAN_POINT ( 'NONE',  ( -2.391595276781875334, 0.04147067614532114893, -0.8450000000000000844 ) ) ;
#919 = AXIS2_PLACEMENT_3D ( 'NONE', #2142, #3816, #933 ) ;
#920 = CARTESIAN_POINT ( 'NONE',  ( 1.950000000000000400, 1.034999999999999698, 0.8450000000000000844 ) ) ;
#921 = LINE ( 'NONE', #4759, #4286 ) ;
#922 = VERTEX_POINT ( 'NONE', #1451 ) ;
#923 = CARTESIAN_POINT ( 'NONE',  ( -2.409250319958275544, 0.2939495563588615523, 0.4250000000000000444 ) ) ;
#924 = DIRECTION ( 'NONE',  ( -0.000000000000000000, 1.000000000000000000, -0.000000000000000000 ) ) ;
#925 = CARTESIAN_POINT ( 'NONE',  ( -1.950000000000000844, 1.034999999999999698, -2.299999999999996270 ) ) ;
#926 =( NAMED_UNIT ( * ) PLANE_ANGLE_UNIT ( ) SI_UNIT ( $, .RADIAN. ) );
#927 = COLOUR_RGB ( '',0.8000000000000000444, 0.8196078431372548767, 0.9333333333333333481 ) ;
#928 = AXIS2_PLACEMENT_3D ( 'NONE', #5144, #4638, #1468 ) ;
#929 = VECTOR ( 'NONE', #5091, 1000.000000000000000 ) ;
#930 = EDGE_CURVE ( 'NONE', #4529, #544, #2833, .T. ) ;
#931 = VERTEX_POINT ( 'NONE', #3776 ) ;
#932 = AXIS2_PLACEMENT_3D ( 'NONE', #1164, #1997, #3201 ) ;
#933 = DIRECTION ( 'NONE',  ( 1.000000000000000000, 0.000000000000000000, 0.000000000000000000 ) ) ;
#934 = FACE_OUTER_BOUND ( 'NONE', #1034, .T. ) ;
#935 = CARTESIAN_POINT ( 'NONE',  ( 1.874687544561710384, 1.570875965144010067, 2.208000134611671328 ) ) ;
#936 = CARTESIAN_POINT ( 'NONE',  ( 1.726147334250473842, 0.3000000000000005440, -2.226147334250473175 ) ) ;
#937 = ORIENTED_EDGE ( 'NONE', *, *, #3416, .T. ) ;
#938 = EDGE_CURVE ( 'NONE', #1943, #5184, #2727, .T. ) ;
#939 = CARTESIAN_POINT ( 'NONE',  ( -1.800968516274154663, 0.8149833139698946516, -2.449997654931397317 ) ) ;
#940 = DIRECTION ( 'NONE',  ( -1.000000000000000000, 0.000000000000000000, 0.000000000000000000 ) ) ;
#941 = CARTESIAN_POINT ( 'NONE',  ( 1.205000000000001181, 0.2500000000000002220, -1.649999999999999467 ) ) ;
#942 = VECTOR ( 'NONE', #96, 1000.000000000000000 ) ;
#943 = DIRECTION ( 'NONE',  ( 0.000000000000000000, -1.000000000000000000, 0.000000000000000000 ) ) ;
#944 = DIRECTION ( 'NONE',  ( 0.000000000000000000, 0.000000000000000000, 1.000000000000000000 ) ) ;
#945 = ORIENTED_EDGE ( 'NONE', *, *, #390, .F. ) ;
#946 = CARTESIAN_POINT ( 'NONE',  ( -2.281855231289845243, 0.8258541484521909615, -0.4250000000000000444 ) ) ;
#947 = ORIENTED_EDGE ( 'NONE', *, *, #2770, .F. ) ;
#948 = EDGE_CURVE ( 'NONE', #4096, #4478, #1030, .T. ) ;
#949 = ADVANCED_FACE ( 'NONE', ( #2768 ), #2636, .T. ) ;
#950 = LINE ( 'NONE', #2271, #2680 ) ;
#951 = EDGE_CURVE ( 'NONE', #1608, #2437, #4509, .T. ) ;
#952 = CARTESIAN_POINT ( 'NONE',  ( 2.391595276781875334, 0.04147067614532114893, -0.4250000000000000444 ) ) ;
#953 = ORIENTED_EDGE ( 'NONE', *, *, #5153, .T. ) ;
#954 = DIRECTION ( 'NONE',  ( -1.000000000000000000, 0.000000000000000000, 0.000000000000000000 ) ) ;
#955 = VERTEX_POINT ( 'NONE', #2230 ) ;
#956 = PLANE ( 'NONE',  #1236 ) ;
#957 = CARTESIAN_POINT ( 'NONE',  ( -1.736413294332723734, 1.497829863603582945, -2.384953504643954503 ) ) ;
#958 = ADVANCED_FACE ( 'NONE', ( #4532 ), #3466, .F. ) ;
#959 = AXIS2_PLACEMENT_3D ( 'NONE', #4633, #972, #4979 ) ;
#960 = VERTEX_POINT ( 'NONE', #287 ) ;
#961 = ORIENTED_EDGE ( 'NONE', *, *, #930, .F. ) ;
#962 = CARTESIAN_POINT ( 'NONE',  ( 2.159999999999999698, 0.2499999999999997224, 2.114999999999999769 ) ) ;
#963 = PLANE ( 'NONE',  #3124 ) ;
#964 = DIRECTION ( 'NONE',  ( 0.000000000000000000, 1.000000000000000000, 0.000000000000000000 ) ) ;
#965 = CIRCLE ( 'NONE', #1054, 0.1499999999999998834 ) ;
#966 = PLANE ( 'NONE',  #639 ) ;
#967 = EDGE_CURVE ( 'NONE', #689, #3724, #4563, .T. ) ;
#968 = LINE ( 'NONE', #4262, #4350 ) ;
#969 = ORIENTED_EDGE ( 'NONE', *, *, #1708, .F. ) ;
#970 = ORIENTED_EDGE ( 'NONE', *, *, #2514, .T. ) ;
#971 = VECTOR ( 'NONE', #2583, 1000.000000000000114 ) ;
#972 = DIRECTION ( 'NONE',  ( 0.1378445374916289490, -0.9808148484639891418, 0.1378445374916288935 ) ) ;
#973 = FACE_OUTER_BOUND ( 'NONE', #3706, .T. ) ;
#974 = CARTESIAN_POINT ( 'NONE',  ( 1.950000000000000400, 0.8149999999999995026, -2.115000000000000213 ) ) ;
#975 = EDGE_CURVE ( 'NONE', #4930, #4625, #4398, .T. ) ;
#976 = DIRECTION ( 'NONE',  ( 1.000000000000000000, 0.000000000000000000, 0.000000000000000000 ) ) ;
#977 = EDGE_LOOP ( 'NONE', ( #3167, #1452, #3188, #420 ) ) ;
#978 = CARTESIAN_POINT ( 'NONE',  ( 2.409250319958275544, 0.2939495563588615523, -0.4250000000000000444 ) ) ;
#979 = AXIS2_PLACEMENT_3D ( 'NONE', #226, #5040, #3795 ) ;
#980 = ORIENTED_EDGE ( 'NONE', *, *, #3986, .T. ) ;
#981 = VECTOR ( 'NONE', #4761, 1000.000000000000000 ) ;
#982 = CARTESIAN_POINT ( 'NONE',  ( 2.999999999999999556, 0.2194640910571620529, -0.4250000000000000444 ) ) ;
#983 = CIRCLE ( 'NONE', #4621, 0.03309540790667016286 ) ;
#984 = ORIENTED_EDGE ( 'NONE', *, *, #3662, .F. ) ;
#985 = CARTESIAN_POINT ( 'NONE',  ( -2.409250319958275544, 0.2939495563588615523, -0.4250000000000000444 ) ) ;
#986 = ORIENTED_EDGE ( 'NONE', *, *, #4949, .F. ) ;
#987 = CARTESIAN_POINT ( 'NONE',  ( -2.159999999999999698, 0.2499999999999997224, -0.8450000000000000844 ) ) ;
#988 = CARTESIAN_POINT ( 'NONE',  ( 2.159999999999999698, 0.2499999999999997224, -1.695000000000000062 ) ) ;
#989 = VECTOR ( 'NONE', #4411, 1000.000000000000000 ) ;
#990 = EDGE_CURVE ( 'NONE', #1014, #1035, #2850, .T. ) ;
#991 = AXIS2_PLACEMENT_3D ( 'NONE', #2498, #2908, #3318 ) ;
#992 = LINE ( 'NONE', #1094, #4604 ) ;
#993 = VERTEX_POINT ( 'NONE', #3226 ) ;
#994 = ORIENTED_EDGE ( 'NONE', *, *, #4321, .F. ) ;
#995 = CARTESIAN_POINT ( 'NONE',  ( 1.708000134611671550, 1.700000000000000178, 2.226147334250473619 ) ) ;
#996 = CARTESIAN_POINT ( 'NONE',  ( -1.800484260976134454, 0.8149999999999999467, 2.449999999999998845 ) ) ;
#997 = FACE_OUTER_BOUND ( 'NONE', #4391, .T. ) ;
#998 = EDGE_CURVE ( 'NONE', #616, #3696, #1070, .T. ) ;
#999 = CARTESIAN_POINT ( 'NONE',  ( 2.065197525627158193, 0.7876515493654663302, 0.8450000000000000844 ) ) ;
#1000 = CARTESIAN_POINT ( 'NONE',  ( -1.949992964849197374, 0.8149499423009831656, 2.301452754537960388 ) ) ;
#1001 = VECTOR ( 'NONE', #4107, 1000.000000000000000 ) ;
#1002 = AXIS2_PLACEMENT_3D ( 'NONE', #692, #1358, #4171 ) ;
#1003 = VERTEX_POINT ( 'NONE', #1646 ) ;
#1004 = EDGE_LOOP ( 'NONE', ( #2695, #4734, #1696, #4606 ) ) ;
#1005 = VECTOR ( 'NONE', #428, 1000.000000000000000 ) ;
#1006 = DIRECTION ( 'NONE',  ( 0.1736481776669306643, -0.9848077530122080203, 0.000000000000000000 ) ) ;
#1007 = CARTESIAN_POINT ( 'NONE',  ( 2.281855231289845243, 0.8258541484521909615, -0.8450000000000000844 ) ) ;
#1008 = EDGE_CURVE ( 'NONE', #834, #1747, #1217, .T. ) ;
#1009 = LINE ( 'NONE', #3382, #4486 ) ;
#1010 =( NAMED_UNIT ( * ) PLANE_ANGLE_UNIT ( ) SI_UNIT ( $, .RADIAN. ) );
#1011 = ORIENTED_EDGE ( 'NONE', *, *, #2995, .T. ) ;
#1012 = DIRECTION ( 'NONE',  ( -8.850629979473515872E-17, -0.000000000000000000, -1.000000000000000000 ) ) ;
#1013 = EDGE_CURVE ( 'NONE', #1241, #478, #2821, .T. ) ;
#1014 = VERTEX_POINT ( 'NONE', #3192 ) ;
#1015 = VECTOR ( 'NONE', #4525, 1000.000000000000000 ) ;
#1016 = DIRECTION ( 'NONE',  ( 0.1736481776669306365, 0.9848077530122080203, -0.000000000000000000 ) ) ;
#1017 = CIRCLE ( 'NONE', #5190, 0.2530954079066702889 ) ;
#1018 = EDGE_CURVE ( 'NONE', #4977, #4623, #2712, .T. ) ;
#1019 = VERTEX_POINT ( 'NONE', #114 ) ;
#1020 = DIRECTION ( 'NONE',  ( -0.000000000000000000, -0.000000000000000000, -1.000000000000000000 ) ) ;
#1021 = VERTEX_POINT ( 'NONE', #505 ) ;
#1022 = EDGE_CURVE ( 'NONE', #4274, #2197, #4573, .T. ) ;
#1023 = CARTESIAN_POINT ( 'NONE',  ( 1.950000000000000400, 1.034999999999999698, 1.694999999999999840 ) ) ;
#1024 = AXIS2_PLACEMENT_3D ( 'NONE', #4713, #1637, #343 ) ;
#1025 = VECTOR ( 'NONE', #1093, 1000.000000000000114 ) ;
#1026 = DIRECTION ( 'NONE',  ( 0.06975647374412446977, 0.9975640502598243087, 0.000000000000000000 ) ) ;
#1027 = VECTOR ( 'NONE', #4566, 1000.000000000000000 ) ;
#1028 = ORIENTED_EDGE ( 'NONE', *, *, #134, .T. ) ;
#1029 = EDGE_LOOP ( 'NONE', ( #47, #3817, #4275, #3488, #270, #2854 ) ) ;
#1030 = CIRCLE ( 'NONE', #3792, 0.2530954079066711770 ) ;
#1031 = AXIS2_PLACEMENT_3D ( 'NONE', #449, #4442, #4894 ) ;
#1032 = DIRECTION ( 'NONE',  ( 1.000000000000000000, 0.000000000000000000, 0.000000000000000000 ) ) ;
#1033 = LINE ( 'NONE', #3572, #2824 ) ;
#1034 = EDGE_LOOP ( 'NONE', ( #4327, #4122, #4952, #3195 ) ) ;
#1035 = VERTEX_POINT ( 'NONE', #403 ) ;
#1036 = CARTESIAN_POINT ( 'NONE',  ( -0.8500000000000007550, 1.600000000000000089, -1.349999999999997424 ) ) ;
#1037 = ADVANCED_FACE ( 'NONE', ( #2673 ), #1988, .F. ) ;
#1038 = PLANE ( 'NONE',  #1537 ) ;
#1039 = AXIS2_PLACEMENT_3D ( 'NONE', #780, #1589, #2314 ) ;
#1040 = CARTESIAN_POINT ( 'NONE',  ( 2.984653575776291756, 6.428775942946129489E-16, -2.115000000000000213 ) ) ;
#1041 = CARTESIAN_POINT ( 'NONE',  ( 2.406941701005582690, 0.2609347672024824316, 1.694999999999999840 ) ) ;
#1042 = UNCERTAINTY_MEASURE_WITH_UNIT (LENGTH_MEASURE( 1.000000000000000082E-05 ), #4413, 'distance_accuracy_value', 'NONE');
#1043 = EDGE_CURVE ( 'NONE', #3690, #3301, #2886, .T. ) ;
#1044 = ORIENTED_EDGE ( 'NONE', *, *, #4524, .F. ) ;
#1045 = CARTESIAN_POINT ( 'NONE',  ( -1.950000000000000400, 0.8149999999999995026, 2.299999999999998934 ) ) ;
#1046 = ORIENTED_EDGE ( 'NONE', *, *, #2696, .F. ) ;
#1047 = LINE ( 'NONE', #1119, #2756 ) ;
#1048 = DIRECTION ( 'NONE',  ( 0.9848077530122083534, -0.1736481776669290544, 0.000000000000000000 ) ) ;
#1049 = CARTESIAN_POINT ( 'NONE',  ( 1.801452754537959722, 1.035050057699015591, -2.449992964849194266 ) ) ;
#1050 = LINE ( 'NONE', #2515, #2837 ) ;
#1051 = VERTEX_POINT ( 'NONE', #3990 ) ;
#1052 = ORIENTED_EDGE ( 'NONE', *, *, #1609, .T. ) ;
#1053 =( LENGTH_UNIT ( ) NAMED_UNIT ( * ) SI_UNIT ( .MILLI., .METRE. ) );
#1054 = AXIS2_PLACEMENT_3D ( 'NONE', #2440, #3677, #4064 ) ;
#1055 = VECTOR ( 'NONE', #1340, 1000.000000000000000 ) ;
#1056 = CARTESIAN_POINT ( 'NONE',  ( -1.800968516274154219, 1.035016686030104438, -2.449997654931397317 ) ) ;
#1057 = DIRECTION ( 'NONE',  ( 2.655188993842054392E-16, -0.000000000000000000, 1.000000000000000000 ) ) ;
#1058 = VECTOR ( 'NONE', #1616, 1000.000000000000000 ) ;
#1059 = ORIENTED_EDGE ( 'NONE', *, *, #2327, .F. ) ;
#1060 = ORIENTED_EDGE ( 'NONE', *, *, #1099, .F. ) ;
#1061 = EDGE_CURVE ( 'NONE', #4990, #2162, #4694, .T. ) ;
#1062 = DIRECTION ( 'NONE',  ( -0.000000000000000000, 0.000000000000000000, 1.000000000000000000 ) ) ;
#1063 = VECTOR ( 'NONE', #1057, 1000.000000000000000 ) ;
#1064 = STYLED_ITEM ( 'NONE', ( #814 ), #711 ) ;
#1065 = SPHERICAL_SURFACE ( 'NONE', #429, 0.1499999999999999944 ) ;
#1066 = ORIENTED_EDGE ( 'NONE', *, *, #2330, .F. ) ;
#1067 = ORIENTED_EDGE ( 'NONE', *, *, #5089, .T. ) ;
#1068 = ADVANCED_FACE ( 'NONE', ( #1131 ), #2916, .T. ) ;
#1069 = EDGE_CURVE ( 'NONE', #1035, #2544, #4661, .T. ) ;
#1070 = LINE ( 'NONE', #432, #2812 ) ;
#1071 = CARTESIAN_POINT ( 'NONE',  ( 1.730177865118742497, 0.3078027521612086703, -2.378718075429977485 ) ) ;
#1072 = CARTESIAN_POINT ( 'NONE',  ( 2.391595276781875334, 0.04147067614532087831, -1.695000000000000062 ) ) ;
#1073 = ORIENTED_EDGE ( 'NONE', *, *, #399, .F. ) ;
#1074 = DIRECTION ( 'NONE',  ( -1.000000000000000000, 0.000000000000000000, 0.000000000000000000 ) ) ;
#1075 = ORIENTED_EDGE ( 'NONE', *, *, #1194, .F. ) ;
#1076 = VECTOR ( 'NONE', #77, 1000.000000000000000 ) ;
#1077 = CARTESIAN_POINT ( 'NONE',  ( -2.065197525627158637, 0.7876515493654663302, -1.695000000000000062 ) ) ;
#1078 = EDGE_CURVE ( 'NONE', #2893, #2537, #4680, .T. ) ;
#1079 = LINE ( 'NONE', #354, #1058 ) ;
#1080 = ORIENTED_EDGE ( 'NONE', *, *, #2682, .T. ) ;
#1081 = AXIS2_PLACEMENT_3D ( 'NONE', #3970, #4363, #1293 ) ;
#1082 = ORIENTED_EDGE ( 'NONE', *, *, #191, .T. ) ;
#1083 = PRODUCT_DEFINITION_FORMATION_WITH_SPECIFIED_SOURCE ( 'ANY', '', #60, .NOT_KNOWN. ) ;
#1084 = DIRECTION ( 'NONE',  ( -0.1736481776669306643, -0.9848077530122080203, 0.000000000000000000 ) ) ;
#1085 = FACE_OUTER_BOUND ( 'NONE', #4522, .T. ) ;
#1086 = CARTESIAN_POINT ( 'NONE',  ( 2.032604911331567621, 0.7819045920933291871, -0.8450000000000000844 ) ) ;
#1087 = DIRECTION ( 'NONE',  ( 0.000000000000000000, -0.000000000000000000, -1.000000000000000000 ) ) ;
#1088 = EDGE_CURVE ( 'NONE', #2951, #3898, #4721, .T. ) ;
#1089 = ORIENTED_EDGE ( 'NONE', *, *, #4223, .F. ) ;
#1090 = AXIS2_PLACEMENT_3D ( 'NONE', #851, #2390, #3544 ) ;
#1091 = EDGE_LOOP ( 'NONE', ( #397, #3202, #3883, #622 ) ) ;
#1092 = DIRECTION ( 'NONE',  ( -0.9975640502598243087, -0.06975647374412446977, 0.000000000000000000 ) ) ;
#1093 = DIRECTION ( 'NONE',  ( -0.1736481776669306365, 0.9848077530122080203, 0.000000000000000000 ) ) ;
#1094 = CARTESIAN_POINT ( 'NONE',  ( 1.205000000000001181, 0.000000000000000000, -1.649999999999999467 ) ) ;
#1095 = VECTOR ( 'NONE', #2309, 1000.000000000000000 ) ;
#1096 = ORIENTED_EDGE ( 'NONE', *, *, #4877, .F. ) ;
#1097 = ORIENTED_EDGE ( 'NONE', *, *, #3261, .F. ) ;
#1098 = FACE_OUTER_BOUND ( 'NONE', #4108, .T. ) ;
#1099 = EDGE_CURVE ( 'NONE', #4313, #2137, #2981, .T. ) ;
#1100 = DIRECTION ( 'NONE',  ( -0.1378445374916289212, 0.9808148484639891418, -0.1378445374916288935 ) ) ;
#1101 = AXIS2_PLACEMENT_3D ( 'NONE', #4591, #1787, #3063 ) ;
#1102 = VECTOR ( 'NONE', #4901, 1000.000000000000114 ) ;
#1103 = DIRECTION ( 'NONE',  ( -2.655188993842053899E-16, -0.000000000000000000, -1.000000000000000000 ) ) ;
#1104 = ORIENTED_EDGE ( 'NONE', *, *, #2551, .F. ) ;
#1105 = DIRECTION ( 'NONE',  ( -0.000000000000000000, 0.000000000000000000, 1.000000000000000000 ) ) ;
#1106 = ORIENTED_EDGE ( 'NONE', *, *, #452, .T. ) ;
#1107 = FACE_OUTER_BOUND ( 'NONE', #1004, .T. ) ;
#1108 = CARTESIAN_POINT ( 'NONE',  ( -2.406941701005582690, 0.2609347672024824316, 1.694999999999999840 ) ) ;
#1109 = EDGE_CURVE ( 'NONE', #664, #5087, #4572, .T. ) ;
#1110 = PLANE ( 'NONE',  #1424 ) ;
#1111 = LINE ( 'NONE', #3132, #4567 ) ;
#1112 = AXIS2_PLACEMENT_3D ( 'NONE', #3379, #1394, #4602 ) ;
#1113 = EDGE_LOOP ( 'NONE', ( #690, #3291, #2737, #3284, #2287, #3956, #3214, #4109 ) ) ;
#1114 = CARTESIAN_POINT ( 'NONE',  ( -2.391595276781875334, 0.04147067614532114893, 2.114999999999999769 ) ) ;
#1115 = VERTEX_POINT ( 'NONE', #2070 ) ;
#1116 = CIRCLE ( 'NONE', #1873, 0.2530954079066711770 ) ;
#1117 = DIRECTION ( 'NONE',  ( 0.000000000000000000, 1.000000000000000000, -0.000000000000000000 ) ) ;
#1118 = EDGE_CURVE ( 'NONE', #3745, #2951, #1123, .T. ) ;
#1119 = CARTESIAN_POINT ( 'NONE',  ( 2.391595276781875334, 0.04147067614532114893, 2.114999999999999769 ) ) ;
#1120 = ORIENTED_EDGE ( 'NONE', *, *, #1255, .F. ) ;
#1121 = EDGE_CURVE ( 'NONE', #2299, #4663, #2936, .T. ) ;
#1122 = VERTEX_POINT ( 'NONE', #3927 ) ;
#1123 = CIRCLE ( 'NONE', #3176, 0.03309540790667016286 ) ;
#1124 = CARTESIAN_POINT ( 'NONE',  ( 2.065197525627158637, 0.7876515493654663302, 2.114999999999999769 ) ) ;
#1125 = CARTESIAN_POINT ( 'NONE',  ( 1.950000000000000400, 1.034999999999999698, -0.8450000000000000844 ) ) ;
#1126 = FACE_OUTER_BOUND ( 'NONE', #225, .T. ) ;
#1127 = EDGE_CURVE ( 'NONE', #104, #2749, #1116, .T. ) ;
#1128 = ORIENTED_EDGE ( 'NONE', *, *, #16, .F. ) ;
#1129 = CARTESIAN_POINT ( 'NONE',  ( 1.950000000000000400, 1.034999999999999698, -1.695000000000000062 ) ) ;
#1130 = ORIENTED_EDGE ( 'NONE', *, *, #4464, .F. ) ;
#1131 = FACE_OUTER_BOUND ( 'NONE', #848, .T. ) ;
#1132 = FILL_AREA_STYLE ('',( #2387 ) ) ;
#1133 = CARTESIAN_POINT ( 'NONE',  ( 2.391595276781875334, 0.04147067614532087831, -0.4250000000000000444 ) ) ;
#1134 = LINE ( 'NONE', #557, #2890 ) ;
#1135 = CARTESIAN_POINT ( 'NONE',  ( -4.950961591932672535E-16, 0.3000000000000005440, -2.226147334250472731 ) ) ;
#1136 = PLANE ( 'NONE',  #2506 ) ;
#1137 = ORIENTED_EDGE ( 'NONE', *, *, #2458, .F. ) ;
#1138 = ORIENTED_EDGE ( 'NONE', *, *, #1630, .T. ) ;
#1139 = DIRECTION ( 'NONE',  ( -0.06975647374412446977, 0.9975640502598243087, 0.000000000000000000 ) ) ;
#1140 = ORIENTED_EDGE ( 'NONE', *, *, #4424, .F. ) ;
#1141 = CARTESIAN_POINT ( 'NONE',  ( -2.032604911331567621, 1.035000000000000364, 2.114999999999999769 ) ) ;
#1142 = EDGE_CURVE ( 'NONE', #493, #3367, #3011, .T. ) ;
#1143 = AXIS2_PLACEMENT_3D ( 'NONE', #1245, #4174, #4138 ) ;
#1144 = DIRECTION ( 'NONE',  ( -1.000000000000000000, 0.000000000000000000, 0.000000000000000000 ) ) ;
#1145 = CARTESIAN_POINT ( 'NONE',  ( -2.281855231289845243, 0.8258541484521909615, -2.115000000000000213 ) ) ;
#1146 = AXIS2_PLACEMENT_3D ( 'NONE', #4407, #3180, #4446 ) ;
#1147 = LINE ( 'NONE', #3369, #4535 ) ;
#1148 = DIRECTION ( 'NONE',  ( -0.000000000000000000, -0.000000000000000000, -1.000000000000000000 ) ) ;
#1149 = ORIENTED_EDGE ( 'NONE', *, *, #176, .F. ) ;
#1150 = ORIENTED_EDGE ( 'NONE', *, *, #1449, .F. ) ;
#1151 = CARTESIAN_POINT ( 'NONE',  ( 2.281855231289845243, 0.8258541484521909615, -1.695000000000000062 ) ) ;
#1152 = ORIENTED_EDGE ( 'NONE', *, *, #1957, .F. ) ;
#1153 = CARTESIAN_POINT ( 'NONE',  ( -0.8500000000000007550, 0.7514718625761431792, -1.349999999999997424 ) ) ;
#1154 = DIRECTION ( 'NONE',  ( -1.000000000000000000, 0.000000000000000000, 0.000000000000000000 ) ) ;
#1155 = FACE_OUTER_BOUND ( 'NONE', #4698, .T. ) ;
#1156 = EDGE_CURVE ( 'NONE', #1482, #1241, #1321, .T. ) ;
#1157 = ORIENTED_EDGE ( 'NONE', *, *, #3079, .F. ) ;
#1158 = ORIENTED_EDGE ( 'NONE', *, *, #2023, .T. ) ;
#1159 = ORIENTED_EDGE ( 'NONE', *, *, #2956, .T. ) ;
#1160 = PLANE ( 'NONE',  #2935 ) ;
#1161 = FACE_OUTER_BOUND ( 'NONE', #2905, .T. ) ;
#1162 = ADVANCED_FACE ( 'NONE', ( #4626 ), #4730, .T. ) ;
#1163 = CARTESIAN_POINT ( 'NONE',  ( 1.726147334250474730, 1.550000000000000266, 2.226147334250474064 ) ) ;
#1164 = CARTESIAN_POINT ( 'NONE',  ( -2.032604911331567621, 0.7819045920933291871, 1.694999999999999840 ) ) ;
#1165 = CIRCLE ( 'NONE', #1878, 0.2530954079066711770 ) ;
#1166 = AXIS2_PLACEMENT_3D ( 'NONE', #4013, #3281, #98 ) ;
#1167 = ORIENTED_EDGE ( 'NONE', *, *, #4511, .F. ) ;
#1168 = VERTEX_POINT ( 'NONE', #3309 ) ;
#1169 = EDGE_CURVE ( 'NONE', #2384, #2313, #2899, .T. ) ;
#1170 = DIRECTION ( 'NONE',  ( 0.000000000000000000, -0.000000000000000000, -1.000000000000000000 ) ) ;
#1171 = ORIENTED_EDGE ( 'NONE', *, *, #3135, .F. ) ;
#1172 = VECTOR ( 'NONE', #384, 1000.000000000000000 ) ;
#1173 =( LENGTH_UNIT ( ) NAMED_UNIT ( * ) SI_UNIT ( .MILLI., .METRE. ) );
#1174 = CIRCLE ( 'NONE', #3323, 0.03309540790667059307 ) ;
#1175 = CARTESIAN_POINT ( 'NONE',  ( 2.281855231289845243, 0.8258541484521909615, 0.4250000000000000444 ) ) ;
#1176 = CARTESIAN_POINT ( 'NONE',  ( -1.950000000000000400, 0.8149999999999995026, -0.8450000000000000844 ) ) ;
#1177 = CARTESIAN_POINT ( 'NONE',  ( -1.585698903907842183, 1.648544254028464495, -2.363771978411979724 ) ) ;
#1178 = VERTEX_POINT ( 'NONE', #3723 ) ;
#1179 = ORIENTED_EDGE ( 'NONE', *, *, #2734, .T. ) ;
#1180 = DIRECTION ( 'NONE',  ( 0.000000000000000000, 1.000000000000000000, 0.000000000000000000 ) ) ;
#1181 = ORIENTED_EDGE ( 'NONE', *, *, #2995, .F. ) ;
#1182 = EDGE_CURVE ( 'NONE', #3015, #4101, #4635, .T. ) ;
#1183 = CARTESIAN_POINT ( 'NONE',  ( -1.950000000000000844, 0.8149999999999995026, -2.299999999999996270 ) ) ;
#1184 = COLOUR_RGB ( '',0.8000000000000000444, 0.8196078431372548767, 0.9333333333333333481 ) ;
#1185 = AXIS2_PLACEMENT_3D ( 'NONE', #4634, #658, #189 ) ;
#1186 = CARTESIAN_POINT ( 'NONE',  ( 2.409250319958275544, 0.2939495563588615523, 0.8450000000000000844 ) ) ;
#1187 = VECTOR ( 'NONE', #2250, 1000.000000000000000 ) ;
#1188 = DIRECTION ( 'NONE',  ( -1.000000000000000000, 0.000000000000000000, 0.000000000000000000 ) ) ;
#1189 = ORIENTED_EDGE ( 'NONE', *, *, #3334, .F. ) ;
#1190 = EDGE_LOOP ( 'NONE', ( #1543, #4061, #3761, #3936 ) ) ;
#1191 = DIRECTION ( 'NONE',  ( 0.000000000000000000, 0.000000000000000000, 1.000000000000000000 ) ) ;
#1192 = ORIENTED_EDGE ( 'NONE', *, *, #3603, .F. ) ;
#1193 = DIRECTION ( 'NONE',  ( 0.000000000000000000, -0.000000000000000000, -1.000000000000000000 ) ) ;
#1194 = EDGE_CURVE ( 'NONE', #1703, #3828, #3911, .T. ) ;
#1195 = CIRCLE ( 'NONE', #5175, 0.03309540790667059307 ) ;
#1196 = CARTESIAN_POINT ( 'NONE',  ( 2.406941701005582690, 0.2609347672024824316, -1.695000000000000062 ) ) ;
#1197 = DIRECTION ( 'NONE',  ( 0.9975640502598243087, -0.06975647374412462243, 0.000000000000000000 ) ) ;
#1198 = VECTOR ( 'NONE', #4781, 1000.000000000000000 ) ;
#1199 = ORIENTED_EDGE ( 'NONE', *, *, #2898, .F. ) ;
#1200 = ORIENTED_EDGE ( 'NONE', *, *, #1398, .T. ) ;
#1201 = ORIENTED_EDGE ( 'NONE', *, *, #191, .F. ) ;
#1202 = CARTESIAN_POINT ( 'NONE',  ( 2.391595276781875334, 0.04147067614532087831, 0.4250000000000000444 ) ) ;
#1203 = VECTOR ( 'NONE', #2047, 1000.000000000000000 ) ;
#1204 = EDGE_CURVE ( 'NONE', #4101, #1982, #4668, .T. ) ;
#1205 = DIRECTION ( 'NONE',  ( -1.000000000000000000, 0.000000000000000000, 0.000000000000000000 ) ) ;
#1206 = CARTESIAN_POINT ( 'NONE',  ( -1.950000000000000400, 1.034999999999999698, 2.114999999999999769 ) ) ;
#1207 = FACE_OUTER_BOUND ( 'NONE', #4345, .T. ) ;
#1208 = VERTEX_POINT ( 'NONE', #84 ) ;
#1209 = VERTEX_POINT ( 'NONE', #1141 ) ;
#1210 = ORIENTED_EDGE ( 'NONE', *, *, #2696, .T. ) ;
#1211 = VECTOR ( 'NONE', #419, 1000.000000000000000 ) ;
#1212 = DIRECTION ( 'NONE',  ( 1.000000000000000000, 0.000000000000000000, 0.000000000000000000 ) ) ;
#1213 = ADVANCED_FACE ( 'NONE', ( #2946 ), #100, .T. ) ;
#1214 = CYLINDRICAL_SURFACE ( 'NONE', #1166, 0.2530954079066711770 ) ;
#1215 = DIRECTION ( 'NONE',  ( 0.1736481776669290544, 0.9848077530122083534, 0.000000000000000000 ) ) ;
#1216 = CARTESIAN_POINT ( 'NONE',  ( -1.949992964849197374, 0.8149499423009831656, 2.301452754537960388 ) ) ;
#1217 =( BOUNDED_CURVE ( )  B_SPLINE_CURVE ( 3, ( #4069, #1276, #1712, #3606 ),
 .UNSPECIFIED., .F., .F. ) 
 B_SPLINE_CURVE_WITH_KNOTS ( ( 4, 4 ),
 ( 4.835261467218699316, 6.386687430676656341 ),
 .UNSPECIFIED. ) 
 CURVE ( )  GEOMETRIC_REPRESENTATION_ITEM ( )  RATIONAL_B_SPLINE_CURVE ( ( 1.000000000000000000, 0.8092813118237101033, 0.8092813118237101033, 1.000000000000000000 ) ) 
 REPRESENTATION_ITEM ( '' )  );
#1218 = CARTESIAN_POINT ( 'NONE',  ( -2.065197525627158637, 0.7876515493654663302, -0.4250000000000000444 ) ) ;
#1219 = ORIENTED_EDGE ( 'NONE', *, *, #873, .F. ) ;
#1220 = ORIENTED_EDGE ( 'NONE', *, *, #2171, .F. ) ;
#1221 = CARTESIAN_POINT ( 'NONE',  ( -2.032604911331567621, 0.7819045920933291871, -0.4250000000000000444 ) ) ;
#1222 = PRESENTATION_LAYER_ASSIGNMENT (  '', '', ( #3372 ) ) ;
#1223 = ORIENTED_EDGE ( 'NONE', *, *, #3286, .T. ) ;
#1224 = DIRECTION ( 'NONE',  ( 0.000000000000000000, -0.000000000000000000, -1.000000000000000000 ) ) ;
#1225 = LINE ( 'NONE', #2115, #2878 ) ;
#1226 = CARTESIAN_POINT ( 'NONE',  ( 1.799999999999998268, 1.034999999999999698, -2.299999999999997158 ) ) ;
#1227 = EDGE_LOOP ( 'NONE', ( #5135, #3326, #4632, #2447 ) ) ;
#1228 = ORIENTED_EDGE ( 'NONE', *, *, #3779, .F. ) ;
#1229 = CARTESIAN_POINT ( 'NONE',  ( 1.205000000000001181, 0.2500000000000006106, -1.649999999999999467 ) ) ;
#1230 = EDGE_CURVE ( 'NONE', #2903, #1956, #1195, .T. ) ;
#1231 = EDGE_LOOP ( 'NONE', ( #961, #4130, #3238, #1498 ) ) ;
#1232 = DIRECTION ( 'NONE',  ( -0.000000000000000000, -0.000000000000000000, -1.000000000000000000 ) ) ;
#1233 = VECTOR ( 'NONE', #2085, 1000.000000000000000 ) ;
#1234 = CARTESIAN_POINT ( 'NONE',  ( 1.950000000000000400, 0.8149999999999995026, 2.114999999999999769 ) ) ;
#1235 = EDGE_CURVE ( 'NONE', #4505, #4690, #3019, .T. ) ;
#1236 = AXIS2_PLACEMENT_3D ( 'NONE', #3020, #3432, #2158 ) ;
#1237 = CARTESIAN_POINT ( 'NONE',  ( 2.065197525627158637, 0.7876515493654663302, -1.695000000000000062 ) ) ;
#1238 = EDGE_LOOP ( 'NONE', ( #2614, #945, #827 ) ) ;
#1239 = VERTEX_POINT ( 'NONE', #1301 ) ;
#1240 = ADVANCED_FACE ( 'NONE', ( #1281 ), #1972, .T. ) ;
#1241 = VERTEX_POINT ( 'NONE', #2505 ) ;
#1242 = DIRECTION ( 'NONE',  ( -0.1378445374916289490, 0.9808148484639890308, -0.1378445374916288935 ) ) ;
#1243 = DIRECTION ( 'NONE',  ( -0.000000000000000000, 1.000000000000000000, -0.000000000000000000 ) ) ;
#1244 = DIRECTION ( 'NONE',  ( -0.000000000000000000, -0.000000000000000000, -1.000000000000000000 ) ) ;
#1245 = CARTESIAN_POINT ( 'NONE',  ( 2.409250319958275544, 0.2939495563588615523, -0.4250000000000000444 ) ) ;
#1246 = DIRECTION ( 'NONE',  ( -0.1736481776669290544, -0.9848077530122082424, 0.000000000000000000 ) ) ;
#1247 = LINE ( 'NONE', #1325, #4745 ) ;
#1248 = ORIENTED_EDGE ( 'NONE', *, *, #603, .F. ) ;
#1249 = ORIENTED_EDGE ( 'NONE', *, *, #495, .T. ) ;
#1250 = EDGE_LOOP ( 'NONE', ( #4588, #1960, #1624, #1731, #1779, #3802, #2780, #242, #4419, #288, #2809, #3645 ) ) ;
#1251 = ADVANCED_FACE ( 'NONE', ( #1252 ), #2759, .F. ) ;
#1252 = FACE_OUTER_BOUND ( 'NONE', #4384, .T. ) ;
#1253 = DIRECTION ( 'NONE',  ( -1.000000000000000000, 0.000000000000000000, 0.000000000000000000 ) ) ;
#1254 = DIRECTION ( 'NONE',  ( -0.000000000000000000, 1.000000000000000000, -0.000000000000000000 ) ) ;
#1255 = EDGE_CURVE ( 'NONE', #199, #775, #3045, .T. ) ;
#1256 = CYLINDRICAL_SURFACE ( 'NONE', #3578, 0.1499999999999998834 ) ;
#1257 = CARTESIAN_POINT ( 'NONE',  ( 1.874687544561709496, 1.570875965144010067, -2.226147334250474064 ) ) ;
#1258 = VERTEX_POINT ( 'NONE', #1668 ) ;
#1259 = DIRECTION ( 'NONE',  ( -2.224004456380520917E-16, 0.000000000000000000, -1.000000000000000000 ) ) ;
#1260 = ORIENTED_EDGE ( 'NONE', *, *, #4358, .F. ) ;
#1261 = CARTESIAN_POINT ( 'NONE',  ( 1.874687544561710384, 1.570875965144010067, 2.226147334250474064 ) ) ;
#1262 = AXIS2_PLACEMENT_3D ( 'NONE', #1911, #1436, #1840 ) ;
#1263 = ORIENTED_EDGE ( 'NONE', *, *, #4844, .T. ) ;
#1264 = DIRECTION ( 'NONE',  ( 0.000000000000000000, 0.000000000000000000, -1.000000000000000000 ) ) ;
#1265 = VECTOR ( 'NONE', #1197, 1000.000000000000114 ) ;
#1266 = DIRECTION ( 'NONE',  ( 0.000000000000000000, 0.000000000000000000, 1.000000000000000000 ) ) ;
#1267 = CYLINDRICAL_SURFACE ( 'NONE', #4251, 0.03309540790667059307 ) ;
#1268 = EDGE_CURVE ( 'NONE', #3057, #649, #1225, .T. ) ;
#1269 = ORIENTED_EDGE ( 'NONE', *, *, #1099, .T. ) ;
#1270 = EDGE_LOOP ( 'NONE', ( #4717, #1289, #1096, #2931, #4774, #1981, #2011, #3650, #2940, #2921, #1915, #1120 ) ) ;
#1271 = ORIENTED_EDGE ( 'NONE', *, *, #831, .F. ) ;
#1272 = EDGE_CURVE ( 'NONE', #4488, #2152, #2990, .T. ) ;
#1273 = CARTESIAN_POINT ( 'NONE',  ( 2.281855231289845243, 0.8258541484521909615, 0.8450000000000000844 ) ) ;
#1274 = DIRECTION ( 'NONE',  ( -0.9902680687415703620, -0.1391731009600656321, 0.000000000000000000 ) ) ;
#1275 = PLANE ( 'NONE',  #3010 ) ;
#1276 = CARTESIAN_POINT ( 'NONE',  ( -1.838056595621276879, 1.396186562315029578, -2.399238539048954788 ) ) ;
#1277 = LINE ( 'NONE', #1562, #3031 ) ;
#1278 = ORIENTED_EDGE ( 'NONE', *, *, #2570, .T. ) ;
#1279 = VERTEX_POINT ( 'NONE', #3178 ) ;
#1280 = EDGE_LOOP ( 'NONE', ( #3710, #633, #4868, #1179 ) ) ;
#1281 = FACE_OUTER_BOUND ( 'NONE', #2482, .T. ) ;
#1282 = FILL_AREA_STYLE ('',( #2781 ) ) ;
#1283 = AXIS2_PLACEMENT_3D ( 'NONE', #3211, #2831, #300 ) ;
#1284 = CARTESIAN_POINT ( 'NONE',  ( -1.800000000000000711, 1.034999999999999698, -2.299999999999996270 ) ) ;
#1285 = DIRECTION ( 'NONE',  ( 0.1736481776669290544, 0.9848077530122083534, 0.000000000000000000 ) ) ;
#1286 = STYLED_ITEM ( 'NONE', ( #3088 ), #2102 ) ;
#1287 = VECTOR ( 'NONE', #2101, 1000.000000000000114 ) ;
#1288 = ORIENTED_EDGE ( 'NONE', *, *, #2531, .T. ) ;
#1289 = ORIENTED_EDGE ( 'NONE', *, *, #1169, .F. ) ;
#1290 = ADVANCED_FACE ( 'NONE', ( #4711 ), #2926, .F. ) ;
#1291 = ORIENTED_EDGE ( 'NONE', *, *, #134, .F. ) ;
#1292 = CARTESIAN_POINT ( 'NONE',  ( 1.950000000000000400, 1.034999999999999698, -0.8450000000000000844 ) ) ;
#1293 = DIRECTION ( 'NONE',  ( -0.9975640502598243087, 0.06975647374412462243, 0.000000000000000000 ) ) ;
#1294 = LINE ( 'NONE', #3484, #3097 ) ;
#1295 = PLANE ( 'NONE',  #1332 ) ;
#1296 = DIRECTION ( 'NONE',  ( -0.000000000000000000, 0.000000000000000000, 1.000000000000000000 ) ) ;
#1297 = ORIENTED_EDGE ( 'NONE', *, *, #5029, .T. ) ;
#1298 = ORIENTED_EDGE ( 'NONE', *, *, #4414, .T. ) ;
#1299 = DIRECTION ( 'NONE',  ( 0.000000000000000000, -0.000000000000000000, -1.000000000000000000 ) ) ;
#1300 = ORIENTED_EDGE ( 'NONE', *, *, #85, .F. ) ;
#1301 = CARTESIAN_POINT ( 'NONE',  ( -2.065197525627158193, 0.7876515493654663302, 0.8450000000000000844 ) ) ;
#1302 = LINE ( 'NONE', #2757, #4754 ) ;
#1303 = AXIS2_PLACEMENT_3D ( 'NONE', #79, #2852, #3959 ) ;
#1304 = CARTESIAN_POINT ( 'NONE',  ( 2.999999999999999556, 0.2194640910571620529, 2.114999999999999769 ) ) ;
#1305 = ORIENTED_EDGE ( 'NONE', *, *, #2140, .F. ) ;
#1306 = DIRECTION ( 'NONE',  ( 0.000000000000000000, -1.000000000000000000, 0.000000000000000000 ) ) ;
#1307 = EDGE_CURVE ( 'NONE', #3984, #4248, #4779, .T. ) ;
#1308 = DIRECTION ( 'NONE',  ( -2.655188993842054392E-16, 0.000000000000000000, -1.000000000000000000 ) ) ;
#1309 = ORIENTED_EDGE ( 'NONE', *, *, #798, .F. ) ;
#1310 = CARTESIAN_POINT ( 'NONE',  ( 2.391595276781875334, 0.04147067614532114893, -1.695000000000000062 ) ) ;
#1311 = AXIS2_PLACEMENT_3D ( 'NONE', #2611, #4554, #4975 ) ;
#1312 = CIRCLE ( 'NONE', #2923, 0.03309540790667016286 ) ;
#1313 = CARTESIAN_POINT ( 'NONE',  ( 2.406941701005582690, 0.2609347672024824316, 0.8450000000000000844 ) ) ;
#1314 = UNCERTAINTY_MEASURE_WITH_UNIT (LENGTH_MEASURE( 1.000000000000000082E-05 ), #5136, 'distance_accuracy_value', 'NONE');
#1315 = DIRECTION ( 'NONE',  ( 0.1736481776669306643, -0.9848077530122080203, 0.000000000000000000 ) ) ;
#1316 = VECTOR ( 'NONE', #4337, 1000.000000000000114 ) ;
#1317 = ORIENTED_EDGE ( 'NONE', *, *, #3894, .F. ) ;
#1318 = VERTEX_POINT ( 'NONE', #1631 ) ;
#1319 = EDGE_CURVE ( 'NONE', #689, #461, #2999, .T. ) ;
#1320 = CARTESIAN_POINT ( 'NONE',  ( -2.984653575776291756, 6.428775942946129489E-16, -1.695000000000000062 ) ) ;
#1321 = LINE ( 'NONE', #1552, #4687 ) ;
#1322 = AXIS2_PLACEMENT_3D ( 'NONE', #759, #1978, #1188 ) ;
#1323 = SURFACE_STYLE_USAGE ( .BOTH. , #2743 ) ;
#1324 = DIRECTION ( 'NONE',  ( -0.000000000000000000, -0.000000000000000000, -1.000000000000000000 ) ) ;
#1325 = CARTESIAN_POINT ( 'NONE',  ( -2.281855231289845243, 0.8258541484521909615, -1.695000000000000062 ) ) ;
#1326 = VERTEX_POINT ( 'NONE', #136 ) ;
#1327 = CARTESIAN_POINT ( 'NONE',  ( -1.949992964849197374, 1.035050057699016257, 2.301452754537961720 ) ) ;
#1328 = ORIENTED_EDGE ( 'NONE', *, *, #838, .F. ) ;
#1329 = CARTESIAN_POINT ( 'NONE',  ( -2.391595276781875334, 0.04147067614532087831, 0.8450000000000000844 ) ) ;
#1330 = EDGE_CURVE ( 'NONE', #2685, #1482, #4609, .T. ) ;
#1331 = DIRECTION ( 'NONE',  ( -0.06975647374412462243, -0.9975640502598243087, 0.000000000000000000 ) ) ;
#1332 = AXIS2_PLACEMENT_3D ( 'NONE', #3277, #2465, #2109 ) ;
#1333 = DIRECTION ( 'NONE',  ( -0.000000000000000000, -0.000000000000000000, -1.000000000000000000 ) ) ;
#1334 = CYLINDRICAL_SURFACE ( 'NONE', #3835, 0.2999999999999999334 ) ;
#1335 = DIRECTION ( 'NONE',  ( 0.000000000000000000, 0.000000000000000000, 1.000000000000000000 ) ) ;
#1336 = ORIENTED_EDGE ( 'NONE', *, *, #3662, .T. ) ;
#1337 = CARTESIAN_POINT ( 'NONE',  ( 2.406941701005582690, 0.2609347672024824316, -1.695000000000000062 ) ) ;
#1338 = ADVANCED_FACE ( 'NONE', ( #4751 ), #4771, .T. ) ;
#1339 = EDGE_LOOP ( 'NONE', ( #408, #3879, #2323, #2277 ) ) ;
#1340 = DIRECTION ( 'NONE',  ( -0.000000000000000000, -0.000000000000000000, -1.000000000000000000 ) ) ;
#1341 = LINE ( 'NONE', #361, #3086 ) ;
#1342 = CYLINDRICAL_SURFACE ( 'NONE', #1368, 0.03309540790667016286 ) ;
#1343 = ADVANCED_FACE ( 'NONE', ( #1161 ), #4480, .T. ) ;
#1344 = ORIENTED_EDGE ( 'NONE', *, *, #1464, .F. ) ;
#1345 = CARTESIAN_POINT ( 'NONE',  ( 2.391595276781875334, 0.04147067614532114893, 0.4250000000000000444 ) ) ;
#1346 = CARTESIAN_POINT ( 'NONE',  ( -2.984653575776291756, 6.428775942946129489E-16, 0.4250000000000000444 ) ) ;
#1347 = ORIENTED_EDGE ( 'NONE', *, *, #2408, .T. ) ;
#1348 = SURFACE_STYLE_USAGE ( .BOTH. , #902 ) ;
#1349 = FACE_OUTER_BOUND ( 'NONE', #5118, .T. ) ;
#1350 = CARTESIAN_POINT ( 'NONE',  ( 2.406941701005582690, 0.2609347672024824316, -1.695000000000000062 ) ) ;
#1351 = CARTESIAN_POINT ( 'NONE',  ( -2.032604911331567621, 1.035000000000000364, 1.694999999999999840 ) ) ;
#1352 = LINE ( 'NONE', #2178, #2985 ) ;
#1353 = EDGE_CURVE ( 'NONE', #375, #1178, #3777, .T. ) ;
#1354 = ORIENTED_EDGE ( 'NONE', *, *, #2090, .F. ) ;
#1355 = ORIENTED_EDGE ( 'NONE', *, *, #4245, .T. ) ;
#1356 = DIRECTION ( 'NONE',  ( 0.000000000000000000, -0.000000000000000000, -1.000000000000000000 ) ) ;
#1357 = VECTOR ( 'NONE', #4610, 1000.000000000000000 ) ;
#1358 = DIRECTION ( 'NONE',  ( -0.000000000000000000, -0.000000000000000000, -1.000000000000000000 ) ) ;
#1359 = CARTESIAN_POINT ( 'NONE',  ( -2.376657705662685416, 0.2882025990867243537, -0.8450000000000000844 ) ) ;
#1360 = CARTESIAN_POINT ( 'NONE',  ( -1.726147334250476062, 0.3000000000000005440, 2.226147334250474952 ) ) ;
#1361 = CARTESIAN_POINT ( 'NONE',  ( -2.409250319958275544, 0.2939495563588615523, -1.695000000000000062 ) ) ;
#1362 = CIRCLE ( 'NONE', #2370, 0.03309540790667016286 ) ;
#1363 = ORIENTED_EDGE ( 'NONE', *, *, #4858, .T. ) ;
#1364 = ORIENTED_EDGE ( 'NONE', *, *, #3121, .T. ) ;
#1365 = DIRECTION ( 'NONE',  ( -0.000000000000000000, -0.000000000000000000, -1.000000000000000000 ) ) ;
#1366 = CIRCLE ( 'NONE', #2284, 0.2530954079066702889 ) ;
#1367 =( NAMED_UNIT ( * ) PLANE_ANGLE_UNIT ( ) SI_UNIT ( $, .RADIAN. ) );
#1368 = AXIS2_PLACEMENT_3D ( 'NONE', #3043, #693, #3110 ) ;
#1369 = LINE ( 'NONE', #2428, #3112 ) ;
#1370 = ORIENTED_EDGE ( 'NONE', *, *, #1687, .F. ) ;
#1371 = DIRECTION ( 'NONE',  ( 0.000000000000000000, -0.000000000000000000, -1.000000000000000000 ) ) ;
#1372 = ORIENTED_EDGE ( 'NONE', *, *, #4245, .F. ) ;
#1373 = AXIS2_PLACEMENT_3D ( 'NONE', #1284, #2066, #912 ) ;
#1374 = EDGE_CURVE ( 'NONE', #1014, #3604, #4645, .T. ) ;
#1375 = FACE_OUTER_BOUND ( 'NONE', #4830, .T. ) ;
#1376 = AXIS2_PLACEMENT_3D ( 'NONE', #2920, #145, #542 ) ;
#1377 = VERTEX_POINT ( 'NONE', #280 ) ;
#1378 = CARTESIAN_POINT ( 'NONE',  ( 1.949999999999999512, 0.8149999999999995026, 2.299999999999998046 ) ) ;
#1379 = ORIENTED_EDGE ( 'NONE', *, *, #5000, .T. ) ;
#1380 = CARTESIAN_POINT ( 'NONE',  ( -2.065197525627158637, 0.7876515493654663302, -0.4250000000000000444 ) ) ;
#1381 = PLANE ( 'NONE',  #1376 ) ;
#1382 = EDGE_CURVE ( 'NONE', #2122, #1909, #1312, .T. ) ;
#1383 = VECTOR ( 'NONE', #3198, 1000.000000000000000 ) ;
#1384 = ORIENTED_EDGE ( 'NONE', *, *, #3903, .F. ) ;
#1385 = AXIS2_PLACEMENT_3D ( 'NONE', #4052, #2755, #786 ) ;
#1386 = MANIFOLD_SOLID_BREP ( 'Boss-Extrude7', #186 ) ;
#1387 = ORIENTED_EDGE ( 'NONE', *, *, #4417, .F. ) ;
#1388 = CARTESIAN_POINT ( 'NONE',  ( -2.391595276781875334, 0.04147067614532087831, -1.695000000000000062 ) ) ;
#1389 = ADVANCED_FACE ( 'NONE', ( #4929 ), #1473, .F. ) ;
#1390 = CARTESIAN_POINT ( 'NONE',  ( 2.999999999999999556, 0.2194640910571620529, -2.115000000000000213 ) ) ;
#1391 = CIRCLE ( 'NONE', #788, 0.03309540790667059307 ) ;
#1392 = DIRECTION ( 'NONE',  ( 1.000000000000000000, 0.000000000000000000, 0.000000000000000000 ) ) ;
#1393 =( BOUNDED_CURVE ( )  B_SPLINE_CURVE ( 3, ( #3453, #5083, #4785, #3909 ),
 .UNSPECIFIED., .F., .F. ) 
 B_SPLINE_CURVE_WITH_KNOTS ( ( 4, 4 ),
 ( 5.507472325450605055, 7.058898288908559415 ),
 .UNSPECIFIED. ) 
 CURVE ( )  GEOMETRIC_REPRESENTATION_ITEM ( )  RATIONAL_B_SPLINE_CURVE ( ( 1.000000000000000000, 0.8092813118237107695, 0.8092813118237107695, 1.000000000000000000 ) ) 
 REPRESENTATION_ITEM ( '' )  );
#1394 = DIRECTION ( 'NONE',  ( -8.758857983683588431E-15, 0.000000000000000000, 1.000000000000000000 ) ) ;
#1395 = CARTESIAN_POINT ( 'NONE',  ( -4.950961591932671549E-16, 1.550000000000000266, -2.226147334250472287 ) ) ;
#1396 = CARTESIAN_POINT ( 'NONE',  ( -2.391595276781875334, 0.04147067614532087831, -0.4250000000000000444 ) ) ;
#1397 = LINE ( 'NONE', #3757, #4973 ) ;
#1398 = EDGE_CURVE ( 'NONE', #3945, #1999, #3204, .T. ) ;
#1399 = ORIENTED_EDGE ( 'NONE', *, *, #854, .F. ) ;
#1400 = ORIENTED_EDGE ( 'NONE', *, *, #2069, .F. ) ;
#1401 = EDGE_CURVE ( 'NONE', #1529, #5148, #1481, .T. ) ;
#1402 = CARTESIAN_POINT ( 'NONE',  ( -2.999999999999999556, 0.2194640910571620529, -0.4250000000000000444 ) ) ;
#1403 =( BOUNDED_CURVE ( )  B_SPLINE_CURVE ( 3, ( #1488, #3799, #124, #3008 ),
 .UNSPECIFIED., .F., .F. ) 
 B_SPLINE_CURVE_WITH_KNOTS ( ( 4, 4 ),
 ( 5.507472325450606832, 7.058898288908570962 ),
 .UNSPECIFIED. ) 
 CURVE ( )  GEOMETRIC_REPRESENTATION_ITEM ( )  RATIONAL_B_SPLINE_CURVE ( ( 1.000000000000000000, 0.8092813118237085490, 0.8092813118237085490, 1.000000000000000000 ) ) 
 REPRESENTATION_ITEM ( '' )  );
#1404 = SURFACE_STYLE_FILL_AREA ( #2667 ) ;
#1405 = SURFACE_STYLE_USAGE ( .BOTH. , #4510 ) ;
#1406 = LINE ( 'NONE', #1023, #4883 ) ;
#1407 = DIRECTION ( 'NONE',  ( 0.1736481776669290544, -0.9848077530122082424, 0.000000000000000000 ) ) ;
#1408 = ORIENTED_EDGE ( 'NONE', *, *, #854, .T. ) ;
#1409 = DIRECTION ( 'NONE',  ( 1.000000000000000000, 0.000000000000000000, 0.000000000000000000 ) ) ;
#1410 =( NAMED_UNIT ( * ) PLANE_ANGLE_UNIT ( ) SI_UNIT ( $, .RADIAN. ) );
#1411 = ORIENTED_EDGE ( 'NONE', *, *, #2707, .F. ) ;
#1412 = SHAPE_DEFINITION_REPRESENTATION ( #3362, #2102 ) ;
#1413 = LINE ( 'NONE', #4502, #4906 ) ;
#1414 =( NAMED_UNIT ( * ) PLANE_ANGLE_UNIT ( ) SI_UNIT ( $, .RADIAN. ) );
#1415 = ORIENTED_EDGE ( 'NONE', *, *, #1374, .F. ) ;
#1416 = CARTESIAN_POINT ( 'NONE',  ( -1.800968516274153775, 0.8149833139698949847, 2.449997654931399982 ) ) ;
#1417 = CARTESIAN_POINT ( 'NONE',  ( -2.032604911331567621, 0.8149999999999995026, -2.115000000000000213 ) ) ;
#1418 = ORIENTED_EDGE ( 'NONE', *, *, #2442, .F. ) ;
#1419 = LINE ( 'NONE', #18, #4919 ) ;
#1420 = EDGE_CURVE ( 'NONE', #1982, #577, #3118, .T. ) ;
#1421 = AXIS2_PLACEMENT_3D ( 'NONE', #2486, #3720, #2895 ) ;
#1422 = VECTOR ( 'NONE', #1857, 1000.000000000000000 ) ;
#1423 = CIRCLE ( 'NONE', #3002, 0.2530954079066711770 ) ;
#1424 = AXIS2_PLACEMENT_3D ( 'NONE', #1534, #2801, #758 ) ;
#1425 = VERTEX_POINT ( 'NONE', #5019 ) ;
#1426 = ORIENTED_EDGE ( 'NONE', *, *, #4332, .T. ) ;
#1427 = CARTESIAN_POINT ( 'NONE',  ( -1.800968516274154219, 1.035016686030104438, 2.449997654931399982 ) ) ;
#1428 = VECTOR ( 'NONE', #3016, 1000.000000000000000 ) ;
#1429 = DIRECTION ( 'NONE',  ( -0.000000000000000000, -0.000000000000000000, -1.000000000000000000 ) ) ;
#1430 = CARTESIAN_POINT ( 'NONE',  ( -2.065197525627158193, 0.7876515493654663302, -1.695000000000000062 ) ) ;
#1431 =( NAMED_UNIT ( * ) PLANE_ANGLE_UNIT ( ) SI_UNIT ( $, .RADIAN. ) );
#1432 = PLANE ( 'NONE',  #740 ) ;
#1433 = CIRCLE ( 'NONE', #2420, 0.2530954079066711770 ) ;
#1434 = ORIENTED_EDGE ( 'NONE', *, *, #590, .T. ) ;
#1435 = VERTEX_POINT ( 'NONE', #244 ) ;
#1436 = DIRECTION ( 'NONE',  ( -1.000000000000000000, 0.000000000000000000, 2.224004456380522396E-16 ) ) ;
#1437 = ADVANCED_FACE ( 'NONE', ( #4833 ), #4959, .F. ) ;
#1438 = PRESENTATION_LAYER_ASSIGNMENT (  '', '', ( #3129 ) ) ;
#1439 = SURFACE_STYLE_FILL_AREA ( #2259 ) ;
#1440 = ORIENTED_EDGE ( 'NONE', *, *, #1272, .F. ) ;
#1441 = LINE ( 'NONE', #962, #4835 ) ;
#1442 = DIRECTION ( 'NONE',  ( -1.000000000000000000, 0.000000000000000000, 0.000000000000000000 ) ) ;
#1443 = CARTESIAN_POINT ( 'NONE',  ( 2.281855231289845243, 0.8258541484521909615, 0.8450000000000000844 ) ) ;
#1444 = VERTEX_POINT ( 'NONE', #4247 ) ;
#1445 = CARTESIAN_POINT ( 'NONE',  ( -0.8500000000000007550, 1.600000000000000089, -1.649999999999997469 ) ) ;
#1446 = CARTESIAN_POINT ( 'NONE',  ( -2.409250319958275544, 0.2939495563588615523, 2.114999999999999769 ) ) ;
#1447 = CARTESIAN_POINT ( 'NONE',  ( 2.065197525627158193, 0.7876515493654663302, -0.4250000000000000444 ) ) ;
#1448 = ORIENTED_EDGE ( 'NONE', *, *, #3027, .F. ) ;
#1449 = EDGE_CURVE ( 'NONE', #748, #4274, #1391, .T. ) ;
#1450 = AXIS2_PLACEMENT_3D ( 'NONE', #1361, #593, #2151 ) ;
#1451 = CARTESIAN_POINT ( 'NONE',  ( -2.032604911331567621, 1.035000000000000364, -2.115000000000000213 ) ) ;
#1452 = ORIENTED_EDGE ( 'NONE', *, *, #2800, .F. ) ;
#1453 = CIRCLE ( 'NONE', #372, 0.03309540790667016286 ) ;
#1454 = DIRECTION ( 'NONE',  ( -0.000000000000000000, -0.000000000000000000, -1.000000000000000000 ) ) ;
#1455 = VERTEX_POINT ( 'NONE', #1741 ) ;
#1456 = EDGE_CURVE ( 'NONE', #3164, #421, #1457, .T. ) ;
#1457 = LINE ( 'NONE', #536, #3185 ) ;
#1458 = CARTESIAN_POINT ( 'NONE',  ( 2.409250319958275544, 0.2939495563588615523, 0.4250000000000000444 ) ) ;
#1459 = VERTEX_POINT ( 'NONE', #1346 ) ;
#1460 = VECTOR ( 'NONE', #2629, 1000.000000000000000 ) ;
#1461 = EDGE_LOOP ( 'NONE', ( #2565, #1300, #3142, #3515 ) ) ;
#1462 = DIRECTION ( 'NONE',  ( -0.000000000000000000, 1.000000000000000000, -0.000000000000000000 ) ) ;
#1463 = DIRECTION ( 'NONE',  ( 0.1736481776669290544, -0.9848077530122082424, 0.000000000000000000 ) ) ;
#1464 = EDGE_CURVE ( 'NONE', #82, #2706, #3144, .T. ) ;
#1465 = DIRECTION ( 'NONE',  ( 0.000000000000000000, 1.000000000000000000, 0.000000000000000000 ) ) ;
#1466 = ORIENTED_EDGE ( 'NONE', *, *, #4942, .T. ) ;
#1467 = DIRECTION ( 'NONE',  ( 1.000000000000000000, -0.000000000000000000, -0.000000000000000000 ) ) ;
#1468 = DIRECTION ( 'NONE',  ( 1.000000000000000000, 0.000000000000000000, 0.000000000000000000 ) ) ;
#1469 = EDGE_CURVE ( 'NONE', #4451, #592, #4939, .T. ) ;
#1470 = FACE_OUTER_BOUND ( 'NONE', #1601, .T. ) ;
#1471 = ORIENTED_EDGE ( 'NONE', *, *, #5165, .F. ) ;
#1472 = ADVANCED_FACE ( 'NONE', ( #4804 ), #4903, .T. ) ;
#1473 = CYLINDRICAL_SURFACE ( 'NONE', #3561, 0.03309540790667059307 ) ;
#1474 = VERTEX_POINT ( 'NONE', #2917 ) ;
#1475 = DIRECTION ( 'NONE',  ( -5.839238655789058954E-15, 0.000000000000000000, -1.000000000000000000 ) ) ;
#1476 = FACE_OUTER_BOUND ( 'NONE', #977, .T. ) ;
#1477 = DIRECTION ( 'NONE',  ( 0.000000000000000000, -1.000000000000000000, -0.000000000000000000 ) ) ;
#1478 = ORIENTED_EDGE ( 'NONE', *, *, #1819, .T. ) ;
#1479 = AXIS2_PLACEMENT_3D ( 'NONE', #3494, #1477, #3949 ) ;
#1480 = ADVANCED_FACE ( 'NONE', ( #4863 ), #3329, .T. ) ;
#1481 = CIRCLE ( 'NONE', #1806, 0.2530954079066702889 ) ;
#1482 = VERTEX_POINT ( 'NONE', #2164 ) ;
#1483 = LINE ( 'NONE', #3772, #3162 ) ;
#1484 =( NAMED_UNIT ( * ) SI_UNIT ( $, .STERADIAN. ) SOLID_ANGLE_UNIT ( ) );
#1485 = ORIENTED_EDGE ( 'NONE', *, *, #3775, .T. ) ;
#1486 = AXIS2_PLACEMENT_3D ( 'NONE', #4513, #4923, #133 ) ;
#1487 = FACE_OUTER_BOUND ( 'NONE', #292, .T. ) ;
#1488 = CARTESIAN_POINT ( 'NONE',  ( 1.949992964849195154, 0.8149499423009829435, -2.301452754537959056 ) ) ;
#1489 = EDGE_LOOP ( 'NONE', ( #2859, #1309, #5034 ) ) ;
#1490 = VECTOR ( 'NONE', #1454, 1000.000000000000000 ) ;
#1491 = CARTESIAN_POINT ( 'NONE',  ( -2.032604911331567621, 0.7819045920933291871, -0.8450000000000000844 ) ) ;
#1492 = ORIENTED_EDGE ( 'NONE', *, *, #1156, .F. ) ;
#1493 = DIRECTION ( 'NONE',  ( -0.000000000000000000, -0.000000000000000000, -1.000000000000000000 ) ) ;
#1494 = DIRECTION ( 'NONE',  ( -0.1378445374916289212, -0.9808148484639891418, -0.1378445374916288935 ) ) ;
#1495 = VECTOR ( 'NONE', #482, 1000.000000000000114 ) ;
#1496 = AXIS2_PLACEMENT_3D ( 'NONE', #4878, #4106, #808 ) ;
#1497 = CARTESIAN_POINT ( 'NONE',  ( -2.376657705662685416, 0.2882025990867243537, -1.695000000000000062 ) ) ;
#1498 = ORIENTED_EDGE ( 'NONE', *, *, #4937, .F. ) ;
#1499 = EDGE_CURVE ( 'NONE', #1559, #931, #4871, .T. ) ;
#1500 = CARTESIAN_POINT ( 'NONE',  ( -0.8500000000000007550, 0.7514718625761431792, -1.649999999999997469 ) ) ;
#1501 = VERTEX_POINT ( 'NONE', #4159 ) ;
#1502 = CARTESIAN_POINT ( 'NONE',  ( 1.205000000000001181, 0.1500000000000006051, 1.650000000000000355 ) ) ;
#1503 = CYLINDRICAL_SURFACE ( 'NONE', #3921, 0.1499999999999999667 ) ;
#1504 = VERTEX_POINT ( 'NONE', #1378 ) ;
#1505 = LINE ( 'NONE', #995, #3122 ) ;
#1506 = DIRECTION ( 'NONE',  ( 2.655188993842054392E-16, 0.000000000000000000, 1.000000000000000000 ) ) ;
#1507 = CARTESIAN_POINT ( 'NONE',  ( 1.949992964849195376, 1.035050057699016257, -2.301452754537959944 ) ) ;
#1508 = ORIENTED_EDGE ( 'NONE', *, *, #3334, .T. ) ;
#1509 = ADVANCED_FACE ( 'NONE', ( #3136 ), #1503, .T. ) ;
#1510 = AXIS2_PLACEMENT_3D ( 'NONE', #4615, #5024, #3119 ) ;
#1511 = FILL_AREA_STYLE_COLOUR ( '', #3337 ) ;
#1512 = DIRECTION ( 'NONE',  ( 0.000000000000000000, 0.000000000000000000, 1.000000000000000000 ) ) ;
#1513 = CARTESIAN_POINT ( 'NONE',  ( -1.204999999999998961, 0.1500000000000006051, -1.650000000000000355 ) ) ;
#1514 = ORIENTED_EDGE ( 'NONE', *, *, #2350, .T. ) ;
#1515 = SURFACE_STYLE_FILL_AREA ( #4055 ) ;
#1516 = EDGE_CURVE ( 'NONE', #3206, #2672, #3081, .T. ) ;
#1517 = CARTESIAN_POINT ( 'NONE',  ( 2.032604911331567621, 0.8149999999999995026, 0.8450000000000000844 ) ) ;
#1518 = VERTEX_POINT ( 'NONE', #1417 ) ;
#1519 = DIRECTION ( 'NONE',  ( 0.9848077530122080203, 0.1736481776669306643, 0.000000000000000000 ) ) ;
#1520 = LINE ( 'NONE', #1133, #5078 ) ;
#1521 = ORIENTED_EDGE ( 'NONE', *, *, #2034, .T. ) ;
#1522 = CIRCLE ( 'NONE', #3914, 0.03309540790667059307 ) ;
#1523 = VECTOR ( 'NONE', #2894, 1000.000000000000000 ) ;
#1524 = EDGE_LOOP ( 'NONE', ( #3009, #141, #4243, #817 ) ) ;
#1525 = EDGE_CURVE ( 'NONE', #5036, #562, #3066, .T. ) ;
#1526 = CARTESIAN_POINT ( 'NONE',  ( 1.205000000000001181, 0.1500000000000006051, -1.649999999999999467 ) ) ;
#1527 = FACE_OUTER_BOUND ( 'NONE', #256, .T. ) ;
#1528 = CARTESIAN_POINT ( 'NONE',  ( -1.801452754537961942, 1.035050057699015591, 2.449992964849196042 ) ) ;
#1529 = VERTEX_POINT ( 'NONE', #2464 ) ;
#1530 = DIRECTION ( 'NONE',  ( -0.000000000000000000, -0.000000000000000000, -1.000000000000000000 ) ) ;
#1531 = DIRECTION ( 'NONE',  ( -1.000000000000000000, 0.000000000000000000, 0.000000000000000000 ) ) ;
#1532 = VECTOR ( 'NONE', #3249, 1000.000000000000000 ) ;
#1533 = ORIENTED_EDGE ( 'NONE', *, *, #2813, .F. ) ;
#1534 = CARTESIAN_POINT ( 'NONE',  ( -2.999999999999999556, 0.2194640910571620529, 0.8450000000000000844 ) ) ;
#1535 = ORIENTED_EDGE ( 'NONE', *, *, #3727, .F. ) ;
#1536 = LINE ( 'NONE', #1700, #5006 ) ;
#1537 = AXIS2_PLACEMENT_3D ( 'NONE', #2147, #621, #2556 ) ;
#1538 = CARTESIAN_POINT ( 'NONE',  ( -2.281855231289845243, 0.8258541484521909615, 0.8450000000000000844 ) ) ;
#1539 = PLANE ( 'NONE',  #1479 ) ;
#1540 = ORIENTED_EDGE ( 'NONE', *, *, #5061, .F. ) ;
#1541 = CARTESIAN_POINT ( 'NONE',  ( 1.950000000000000400, 1.034999999999999698, -2.115000000000000213 ) ) ;
#1542 = VECTOR ( 'NONE', #1917, 1000.000000000000000 ) ;
#1543 = ORIENTED_EDGE ( 'NONE', *, *, #5092, .T. ) ;
#1544 = LINE ( 'NONE', #203, #3285 ) ;
#1545 = CARTESIAN_POINT ( 'NONE',  ( -1.204999999999998961, 0.2500000000000002220, -1.650000000000000355 ) ) ;
#1546 = ORIENTED_EDGE ( 'NONE', *, *, #3589, .F. ) ;
#1547 = CARTESIAN_POINT ( 'NONE',  ( -2.065197525627158637, 0.7876515493654663302, 1.694999999999999840 ) ) ;
#1548 = PRESENTATION_STYLE_ASSIGNMENT (( #3448 ) ) ;
#1549 = EDGE_LOOP ( 'NONE', ( #2021, #1073, #2004, #3849 ) ) ;
#1550 = CIRCLE ( 'NONE', #1486, 0.2999999999999999334 ) ;
#1551 = CARTESIAN_POINT ( 'NONE',  ( 2.999999999999999556, 0.2194640910571620529, -1.695000000000000062 ) ) ;
#1552 = CARTESIAN_POINT ( 'NONE',  ( 2.032604911331567621, 1.035000000000000364, 2.114999999999999769 ) ) ;
#1553 = AXIS2_PLACEMENT_3D ( 'NONE', #2436, #1739, #2541 ) ;
#1554 = ORIENTED_EDGE ( 'NONE', *, *, #716, .T. ) ;
#1555 = EDGE_CURVE ( 'NONE', #2157, #273, #1341, .T. ) ;
#1556 =( NAMED_UNIT ( * ) SI_UNIT ( $, .STERADIAN. ) SOLID_ANGLE_UNIT ( ) );
#1557 = CIRCLE ( 'NONE', #2601, 0.03309540790667016286 ) ;
#1558 = CARTESIAN_POINT ( 'NONE',  ( 2.406941701005582690, 0.2609347672024824316, 0.8450000000000000844 ) ) ;
#1559 = VERTEX_POINT ( 'NONE', #2077 ) ;
#1560 = CYLINDRICAL_SURFACE ( 'NONE', #4166, 0.2530954079066702889 ) ;
#1561 = CARTESIAN_POINT ( 'NONE',  ( -1.950000000000000400, 1.034999999999999698, 2.449999999999998845 ) ) ;
#1562 = CARTESIAN_POINT ( 'NONE',  ( -1.950000000000000400, 1.034999999999999698, 0.4250000000000000444 ) ) ;
#1563 = VECTOR ( 'NONE', #2448, 1000.000000000000114 ) ;
#1564 = CARTESIAN_POINT ( 'NONE',  ( 1.950000000000000400, 1.034999999999999698, 2.114999999999999769 ) ) ;
#1565 = ORIENTED_EDGE ( 'NONE', *, *, #452, .F. ) ;
#1566 = CARTESIAN_POINT ( 'NONE',  ( -2.984653575776291756, 6.428775942946129489E-16, 2.114999999999999769 ) ) ;
#1567 = CARTESIAN_POINT ( 'NONE',  ( 1.950000000000000400, 1.034999999999999698, -0.4250000000000000444 ) ) ;
#1568 = EDGE_LOOP ( 'NONE', ( #4590, #4570, #1546, #1621 ) ) ;
#1569 = VECTOR ( 'NONE', #733, 1000.000000000000114 ) ;
#1570 = DIRECTION ( 'NONE',  ( -0.1378445374916289212, -0.9808148484639890308, -0.1378445374916288657 ) ) ;
#1571 = ORIENTED_EDGE ( 'NONE', *, *, #4155, .F. ) ;
#1572 = DIRECTION ( 'NONE',  ( 0.000000000000000000, 0.000000000000000000, 1.000000000000000000 ) ) ;
#1573 = CYLINDRICAL_SURFACE ( 'NONE', #2274, 0.2530954079066702889 ) ;
#1574 = CARTESIAN_POINT ( 'NONE',  ( -2.032604911331567621, 0.7819045920933291871, 0.4250000000000000444 ) ) ;
#1575 = ORIENTED_EDGE ( 'NONE', *, *, #1121, .T. ) ;
#1576 = LINE ( 'NONE', #3568, #5026 ) ;
#1577 = CARTESIAN_POINT ( 'NONE',  ( 1.950000000000000400, 1.034999999999999698, -1.695000000000000062 ) ) ;
#1578 = ORIENTED_EDGE ( 'NONE', *, *, #3271, .F. ) ;
#1579 = CARTESIAN_POINT ( 'NONE',  ( -1.950000000000000844, 1.034999999999999698, -2.449999999999996625 ) ) ;
#1580 = CARTESIAN_POINT ( 'NONE',  ( -2.391595276781875334, 0.04147067614532114893, 2.114999999999999769 ) ) ;
#1581 = FACE_OUTER_BOUND ( 'NONE', #2412, .T. ) ;
#1582 = CARTESIAN_POINT ( 'NONE',  ( -1.950000000000000400, 1.034999999999999698, 2.114999999999999769 ) ) ;
#1583 = VERTEX_POINT ( 'NONE', #3623 ) ;
#1584 = FACE_OUTER_BOUND ( 'NONE', #1632, .T. ) ;
#1585 = CARTESIAN_POINT ( 'NONE',  ( 2.409250319958275544, 0.2939495563588615523, 0.8450000000000000844 ) ) ;
#1586 = LINE ( 'NONE', #709, #3333 ) ;
#1587 = VERTEX_POINT ( 'NONE', #2828 ) ;
#1588 = ADVANCED_FACE ( 'NONE', ( #3130 ), #54, .F. ) ;
#1589 = DIRECTION ( 'NONE',  ( 0.1378445374916288935, -0.9808148484639891418, -0.1378445374916289490 ) ) ;
#1590 = FACE_OUTER_BOUND ( 'NONE', #4861, .T. ) ;
#1591 = CARTESIAN_POINT ( 'NONE',  ( 2.032604911331567621, 1.035000000000000364, 0.8450000000000000844 ) ) ;
#1592 = ORIENTED_EDGE ( 'NONE', *, *, #3693, .F. ) ;
#1593 = DIRECTION ( 'NONE',  ( 0.06975647374412569102, -0.9975640502598241977, 0.000000000000000000 ) ) ;
#1594 = VECTOR ( 'NONE', #218, 1000.000000000000000 ) ;
#1595 = CARTESIAN_POINT ( 'NONE',  ( 0.000000000000000000, 0.2500000000000006106, 0.000000000000000000 ) ) ;
#1596 = LINE ( 'NONE', #1517, #5049 ) ;
#1597 = ORIENTED_EDGE ( 'NONE', *, *, #726, .T. ) ;
#1598 = EDGE_CURVE ( 'NONE', #3808, #2829, #3220, .T. ) ;
#1599 = ADVANCED_FACE ( 'NONE', ( #1487 ), #1660, .F. ) ;
#1600 = DIRECTION ( 'NONE',  ( 0.000000000000000000, -1.000000000000000000, 0.000000000000000000 ) ) ;
#1601 = EDGE_LOOP ( 'NONE', ( #1824, #1776, #1784, #2722 ) ) ;
#1602 = PLANE ( 'NONE',  #4547 ) ;
#1603 = CYLINDRICAL_SURFACE ( 'NONE', #3878, 0.03309540790667016286 ) ;
#1604 = ORIENTED_EDGE ( 'NONE', *, *, #3965, .T. ) ;
#1605 = VECTOR ( 'NONE', #2239, 1000.000000000000000 ) ;
#1606 = AXIS2_PLACEMENT_3D ( 'NONE', #1574, #2776, #836 ) ;
#1607 = CARTESIAN_POINT ( 'NONE',  ( -2.409250319958275544, 0.2939495563588615523, 2.114999999999999769 ) ) ;
#1608 = VERTEX_POINT ( 'NONE', #389 ) ;
#1609 = EDGE_CURVE ( 'NONE', #2045, #4041, #1366, .T. ) ;
#1610 = FACE_OUTER_BOUND ( 'NONE', #1933, .T. ) ;
#1611 = ORIENTED_EDGE ( 'NONE', *, *, #4958, .T. ) ;
#1612 = DIRECTION ( 'NONE',  ( 0.000000000000000000, 0.1391731009600658264, 0.9902680687415703620 ) ) ;
#1613 = EDGE_CURVE ( 'NONE', #4249, #1051, #4813, .T. ) ;
#1614 = CARTESIAN_POINT ( 'NONE',  ( -1.800000000000000488, 1.034999999999999698, 2.449999999999998845 ) ) ;
#1615 = FACE_OUTER_BOUND ( 'NONE', #3157, .T. ) ;
#1616 = DIRECTION ( 'NONE',  ( -0.000000000000000000, -0.000000000000000000, -1.000000000000000000 ) ) ;
#1617 = ORIENTED_EDGE ( 'NONE', *, *, #1642, .T. ) ;
#1618 = AXIS2_PLACEMENT_3D ( 'NONE', #368, #4310, #4710 ) ;
#1619 = LINE ( 'NONE', #2561, #5088 ) ;
#1620 = EDGE_CURVE ( 'NONE', #4715, #2122, #4796, .T. ) ;
#1621 = ORIENTED_EDGE ( 'NONE', *, *, #3559, .T. ) ;
#1622 = AXIS2_PLACEMENT_3D ( 'NONE', #3406, #219, #1862 ) ;
#1623 = DIRECTION ( 'NONE',  ( -0.1736481776669306643, -0.9848077530122080203, 0.000000000000000000 ) ) ;
#1624 = ORIENTED_EDGE ( 'NONE', *, *, #4452, .T. ) ;
#1625 = CARTESIAN_POINT ( 'NONE',  ( -2.999999999999999556, 0.2194640910571620529, -0.4250000000000000444 ) ) ;
#1626 = CIRCLE ( 'NONE', #4860, 0.1499999999999999667 ) ;
#1627 = DIRECTION ( 'NONE',  ( 0.1736481776669306365, 0.9848077530122080203, -0.000000000000000000 ) ) ;
#1628 = DIRECTION ( 'NONE',  ( -0.9975640502598243087, 0.06975647374412462243, 0.000000000000000000 ) ) ;
#1629 = FACE_OUTER_BOUND ( 'NONE', #4961, .T. ) ;
#1630 = EDGE_CURVE ( 'NONE', #104, #4690, #3102, .T. ) ;
#1631 = CARTESIAN_POINT ( 'NONE',  ( 1.726147334250473397, 0.2791240348559907436, -2.374687544561707941 ) ) ;
#1632 = EDGE_LOOP ( 'NONE', ( #1189, #1317, #4658, #4707 ) ) ;
#1633 = ADVANCED_FACE ( 'NONE', ( #1349 ), #4435, .F. ) ;
#1634 = AXIS2_PLACEMENT_3D ( 'NONE', #4795, #3644, #3335 ) ;
#1635 = CARTESIAN_POINT ( 'NONE',  ( -2.406941701005582690, 0.2609347672024824316, -2.115000000000000213 ) ) ;
#1636 = ORIENTED_EDGE ( 'NONE', *, *, #399, .T. ) ;
#1637 = DIRECTION ( 'NONE',  ( -0.06975647374412446977, 0.9975640502598243087, 0.000000000000000000 ) ) ;
#1638 = FACE_OUTER_BOUND ( 'NONE', #303, .T. ) ;
#1639 = PLANE ( 'NONE',  #2149 ) ;
#1640 =( NAMED_UNIT ( * ) SI_UNIT ( $, .STERADIAN. ) SOLID_ANGLE_UNIT ( ) );
#1641 = ORIENTED_EDGE ( 'NONE', *, *, #555, .T. ) ;
#1642 = EDGE_CURVE ( 'NONE', #1019, #3038, #3159, .T. ) ;
#1643 = DIRECTION ( 'NONE',  ( 1.000000000000000000, 0.000000000000000000, -2.224004456380522396E-16 ) ) ;
#1644 = EDGE_CURVE ( 'NONE', #2197, #1377, #1419, .T. ) ;
#1645 = LINE ( 'NONE', #1815, #1542 ) ;
#1646 = CARTESIAN_POINT ( 'NONE',  ( 2.391595276781875334, 0.04147067614532114893, 2.114999999999999769 ) ) ;
#1647 = ORIENTED_EDGE ( 'NONE', *, *, #4620, .T. ) ;
#1648 = VECTOR ( 'NONE', #2980, 1000.000000000000000 ) ;
#1649 = FACE_OUTER_BOUND ( 'NONE', #1993, .T. ) ;
#1650 = CARTESIAN_POINT ( 'NONE',  ( -1.801452754537961942, 1.035050057699015591, 2.449992964849196042 ) ) ;
#1651 = VERTEX_POINT ( 'NONE', #413 ) ;
#1652 = EDGE_CURVE ( 'NONE', #4518, #1501, #4968, .T. ) ;
#1653 = DIRECTION ( 'NONE',  ( 1.000000000000000000, 0.000000000000000000, 0.000000000000000000 ) ) ;
#1654 = DIRECTION ( 'NONE',  ( -0.000000000000000000, 1.000000000000000000, -0.000000000000000000 ) ) ;
#1655 = DIRECTION ( 'NONE',  ( 0.000000000000000000, 0.000000000000000000, 1.000000000000000000 ) ) ;
#1656 = ORIENTED_EDGE ( 'NONE', *, *, #3714, .T. ) ;
#1657 = FACE_OUTER_BOUND ( 'NONE', #1941, .T. ) ;
#1658 = ORIENTED_EDGE ( 'NONE', *, *, #1272, .T. ) ;
#1659 = CARTESIAN_POINT ( 'NONE',  ( 1.726147334250474952, 0.3000000000000005440, 2.226147334250474064 ) ) ;
#1660 = PLANE ( 'NONE',  #2789 ) ;
#1661 = CARTESIAN_POINT ( 'NONE',  ( -0.8500000000000007550, 1.700000000000000178, -1.949999999999997291 ) ) ;
#1662 = ORIENTED_EDGE ( 'NONE', *, *, #3894, .T. ) ;
#1663 = DIRECTION ( 'NONE',  ( 1.000000000000000000, 0.000000000000000000, 0.000000000000000000 ) ) ;
#1664 = DIRECTION ( 'NONE',  ( -1.000000000000000000, 0.000000000000000000, 0.000000000000000000 ) ) ;
#1665 = DIRECTION ( 'NONE',  ( 0.000000000000000000, 0.000000000000000000, 1.000000000000000000 ) ) ;
#1666 = ADVANCED_FACE ( 'NONE', ( #4976 ), #3276, .F. ) ;
#1667 = VECTOR ( 'NONE', #3648, 1000.000000000000000 ) ;
#1668 = CARTESIAN_POINT ( 'NONE',  ( 2.406941701005582690, 0.2609347672024824316, 0.4250000000000000444 ) ) ;
#1669 = EDGE_LOOP ( 'NONE', ( #4700, #1597, #1192, #860 ) ) ;
#1670 =( LENGTH_UNIT ( ) NAMED_UNIT ( * ) SI_UNIT ( .MILLI., .METRE. ) );
#1671 = EDGE_LOOP ( 'NONE', ( #67, #2883, #1658, #2511 ) ) ;
#1672 = FACE_OUTER_BOUND ( 'NONE', #589, .T. ) ;
#1673 = CARTESIAN_POINT ( 'NONE',  ( -1.950000000000000400, 0.8149999999999995026, -0.4250000000000000444 ) ) ;
#1674 = AXIS2_PLACEMENT_3D ( 'NONE', #1607, #2024, #2443 ) ;
#1675 = EDGE_LOOP ( 'NONE', ( #2145, #492, #459, #1434, #521, #3856, #1408, #3886, #4068, #4095, #328, #1989 ) ) ;
#1676 = ADVANCED_FACE ( 'NONE', ( #3299 ), #3138, .T. ) ;
#1677 = CARTESIAN_POINT ( 'NONE',  ( 1.205000000000001181, 0.2500000000000006106, -1.649999999999999467 ) ) ;
#1678 = AXIS2_PLACEMENT_3D ( 'NONE', #2112, #3319, #1665 ) ;
#1679 = CARTESIAN_POINT ( 'NONE',  ( 1.949992964849196486, 1.035050057699015813, 2.301452754537959944 ) ) ;
#1680 = ORIENTED_EDGE ( 'NONE', *, *, #4273, .T. ) ;
#1681 = VECTOR ( 'NONE', #5003, 1000.000000000000000 ) ;
#1682 = CIRCLE ( 'NONE', #4996, 0.2530954079066711770 ) ;
#1683 = CARTESIAN_POINT ( 'NONE',  ( -1.800484260976134676, 1.034999999999999476, 2.449999999999998845 ) ) ;
#1684 = VERTEX_POINT ( 'NONE', #93 ) ;
#1685 = DIRECTION ( 'NONE',  ( -0.000000000000000000, -0.000000000000000000, -1.000000000000000000 ) ) ;
#1686 = DIRECTION ( 'NONE',  ( -1.000000000000000000, 0.000000000000000000, 0.000000000000000000 ) ) ;
#1687 = EDGE_CURVE ( 'NONE', #1956, #2502, #3365, .T. ) ;
#1688 = DIRECTION ( 'NONE',  ( 0.000000000000000000, -0.1391731009600661872, -0.9902680687415701399 ) ) ;
#1689 = EDGE_LOOP ( 'NONE', ( #1152, #1830, #3093 ) ) ;
#1690 = CARTESIAN_POINT ( 'NONE',  ( -1.950000000000000400, 1.034999999999999476, 2.300484260976134010 ) ) ;
#1691 = LINE ( 'NONE', #3328, #5015 ) ;
#1692 = ORIENTED_EDGE ( 'NONE', *, *, #2806, .T. ) ;
#1693 = CARTESIAN_POINT ( 'NONE',  ( -1.950000000000000400, 1.034999999999999698, 2.299999999999998934 ) ) ;
#1694 = EDGE_CURVE ( 'NONE', #1710, #82, #1520, .T. ) ;
#1695 = DIRECTION ( 'NONE',  ( -0.000000000000000000, 1.000000000000000000, -0.000000000000000000 ) ) ;
#1696 = ORIENTED_EDGE ( 'NONE', *, *, #948, .F. ) ;
#1697 = PLANE ( 'NONE',  #28 ) ;
#1698 = SURFACE_STYLE_FILL_AREA ( #3887 ) ;
#1699 = CARTESIAN_POINT ( 'NONE',  ( -1.801452754537961720, 1.035050057699015813, -2.449992964849193378 ) ) ;
#1700 = CARTESIAN_POINT ( 'NONE',  ( 1.205000000000001181, 0.2500000000000002220, 1.650000000000000355 ) ) ;
#1701 = DIRECTION ( 'NONE',  ( -0.000000000000000000, -0.000000000000000000, -1.000000000000000000 ) ) ;
#1702 = FACE_OUTER_BOUND ( 'NONE', #2987, .T. ) ;
#1703 = VERTEX_POINT ( 'NONE', #1693 ) ;
#1704 = ORIENTED_EDGE ( 'NONE', *, *, #2635, .T. ) ;
#1705 = CYLINDRICAL_SURFACE ( 'NONE', #3433, 0.1500000000000000777 ) ;
#1706 = CYLINDRICAL_SURFACE ( 'NONE', #4881, 0.1499999999999999667 ) ;
#1707 = DIRECTION ( 'NONE',  ( -1.000000000000000000, 0.000000000000000000, 2.655188993842055378E-16 ) ) ;
#1708 = EDGE_CURVE ( 'NONE', #3581, #663, #5030, .T. ) ;
#1709 = FILL_AREA_STYLE ('',( #2546 ) ) ;
#1710 = VERTEX_POINT ( 'NONE', #3007 ) ;
#1711 = CARTESIAN_POINT ( 'NONE',  ( 1.205000000000001181, 0.1500000000000006051, -1.649999999999999467 ) ) ;
#1712 = CARTESIAN_POINT ( 'NONE',  ( -1.909243157936307167, 1.324999999999999734, -2.348061214508621042 ) ) ;
#1713 = ORIENTED_EDGE ( 'NONE', *, *, #578, .F. ) ;
#1714 = MANIFOLD_SOLID_BREP ( 'LPattern1[3]', #2553 ) ;
#1715 = LINE ( 'NONE', #1229, #3428 ) ;
#1716 = CARTESIAN_POINT ( 'NONE',  ( -0.8500000000000007550, 1.700000000000000178, -1.649999999999997469 ) ) ;
#1717 = ORIENTED_EDGE ( 'NONE', *, *, #3094, .F. ) ;
#1718 = CARTESIAN_POINT ( 'NONE',  ( -1.859716958913699703, 1.677397216990231144, 2.211176748602464492 ) ) ;
#1719 = AXIS2_PLACEMENT_3D ( 'NONE', #1273, #4410, #31 ) ;
#1720 = DIRECTION ( 'NONE',  ( 0.000000000000000000, 0.000000000000000000, -1.000000000000000000 ) ) ;
#1721 = CARTESIAN_POINT ( 'NONE',  ( -1.534243157936306279, 1.700000000000000400, 2.304578913876337953 ) ) ;
#1722 = DIRECTION ( 'NONE',  ( -0.9975640502598243087, 0.06975647374412446977, 0.000000000000000000 ) ) ;
#1723 = AXIS2_PLACEMENT_3D ( 'NONE', #4688, #1266, #5098 ) ;
#1724 = VERTEX_POINT ( 'NONE', #3829 ) ;
#1725 = DIRECTION ( 'NONE',  ( 1.000000000000000000, 0.000000000000000000, 0.000000000000000000 ) ) ;
#1726 = LINE ( 'NONE', #3683, #3295 ) ;
#1727 = PLANE ( 'NONE',  #1959 ) ;
#1728 = ORIENTED_EDGE ( 'NONE', *, *, #3503, .F. ) ;
#1729 = AXIS2_PLACEMENT_3D ( 'NONE', #4972, #964, #4589 ) ;
#1730 = CARTESIAN_POINT ( 'NONE',  ( 1.949997654931400648, 1.035016686030104438, 2.300968516274151998 ) ) ;
#1731 = ORIENTED_EDGE ( 'NONE', *, *, #838, .T. ) ;
#1732 =( BOUNDED_CURVE ( )  B_SPLINE_CURVE ( 3, ( #4703, #190, #3827, #2150 ),
 .UNSPECIFIED., .F., .F. ) 
 B_SPLINE_CURVE_WITH_KNOTS ( ( 4, 4 ),
 ( 6.179683183682518788, 7.731109147140476701 ),
 .UNSPECIFIED. ) 
 CURVE ( )  GEOMETRIC_REPRESENTATION_ITEM ( )  RATIONAL_B_SPLINE_CURVE ( ( 1.000000000000000000, 0.8092813118237099923, 0.8092813118237099923, 1.000000000000000000 ) ) 
 REPRESENTATION_ITEM ( '' )  );
#1733 = DIRECTION ( 'NONE',  ( -0.000000000000000000, -0.000000000000000000, -1.000000000000000000 ) ) ;
#1734 = CIRCLE ( 'NONE', #5122, 0.2530954079066702889 ) ;
#1735 = EDGE_LOOP ( 'NONE', ( #5027, #1130, #2590, #1692 ) ) ;
#1736 = ORIENTED_EDGE ( 'NONE', *, *, #3324, .T. ) ;
#1737 = AXIS2_PLACEMENT_3D ( 'NONE', #4631, #508, #2927 ) ;
#1738 = LINE ( 'NONE', #2079, #3573 ) ;
#1739 = DIRECTION ( 'NONE',  ( -0.000000000000000000, -0.000000000000000000, -1.000000000000000000 ) ) ;
#1740 = VECTOR ( 'NONE', #909, 1000.000000000000000 ) ;
#1741 = CARTESIAN_POINT ( 'NONE',  ( 2.376657705662685416, 0.2882025990867243537, -0.8450000000000000844 ) ) ;
#1742 = CARTESIAN_POINT ( 'NONE',  ( -2.032604911331567621, 1.035000000000000364, -0.8450000000000000844 ) ) ;
#1743 = VERTEX_POINT ( 'NONE', #1833 ) ;
#1744 = LINE ( 'NONE', #2686, #3588 ) ;
#1745 = AXIS2_PLACEMENT_3D ( 'NONE', #1595, #638, #1371 ) ;
#1746 = DIRECTION ( 'NONE',  ( 1.000000000000000000, 0.000000000000000000, -8.850629979473513407E-17 ) ) ;
#1747 = VERTEX_POINT ( 'NONE', #4207 ) ;
#1748 = ADVANCED_FACE ( 'NONE', ( #4995, #1590 ), #4684, .T. ) ;
#1749 = LINE ( 'NONE', #1545, #3595 ) ;
#1750 = CARTESIAN_POINT ( 'NONE',  ( 2.409250319958275544, 0.2939495563588615523, 0.4250000000000000444 ) ) ;
#1751 = VERTEX_POINT ( 'NONE', #4253 ) ;
#1752 = FACE_OUTER_BOUND ( 'NONE', #1250, .T. ) ;
#1753 = DIRECTION ( 'NONE',  ( -1.000000000000000000, 0.000000000000000000, 0.000000000000000000 ) ) ;
#1754 = AXIS2_PLACEMENT_3D ( 'NONE', #1850, #1335, #2226 ) ;
#1755 = MANIFOLD_SOLID_BREP ( 'Boss-Extrude8', #293 ) ;
#1756 = CARTESIAN_POINT ( 'NONE',  ( 1.205000000000001181, 0.2500000000000006106, -1.649999999999999467 ) ) ;
#1757 = DIRECTION ( 'NONE',  ( 1.000000000000000000, 0.000000000000000000, 0.000000000000000000 ) ) ;
#1758 = CARTESIAN_POINT ( 'NONE',  ( -2.999999999999999556, 0.2194640910571620529, -2.115000000000000213 ) ) ;
#1759 = DIRECTION ( 'NONE',  ( 0.9848077530122083534, -0.1736481776669290544, 0.000000000000000000 ) ) ;
#1760 = ORIENTED_EDGE ( 'NONE', *, *, #3154, .F. ) ;
#1761 = COLOUR_RGB ( '',0.2509803921568627416, 0.2509803921568627416, 0.2509803921568627416 ) ;
#1762 = FACE_OUTER_BOUND ( 'NONE', #722, .T. ) ;
#1763 = CARTESIAN_POINT ( 'NONE',  ( -2.281855231289845243, 0.8258541484521909615, 2.114999999999999769 ) ) ;
#1764 = DIRECTION ( 'NONE',  ( 0.000000000000000000, 0.000000000000000000, 1.000000000000000000 ) ) ;
#1765 = ORIENTED_EDGE ( 'NONE', *, *, #885, .T. ) ;
#1766 = CIRCLE ( 'NONE', #4188, 0.2530954079066702889 ) ;
#1767 = ADVANCED_FACE ( 'NONE', ( #1527 ), #1573, .T. ) ;
#1768 = EDGE_CURVE ( 'NONE', #3048, #4313, #1645, .T. ) ;
#1769 = AXIS2_PLACEMENT_3D ( 'NONE', #1942, #5116, #2361 ) ;
#1770 = DIRECTION ( 'NONE',  ( -0.000000000000000000, -0.000000000000000000, -1.000000000000000000 ) ) ;
#1771 = ORIENTED_EDGE ( 'NONE', *, *, #5114, .T. ) ;
#1772 = FACE_OUTER_BOUND ( 'NONE', #2374, .T. ) ;
#1773 = CARTESIAN_POINT ( 'NONE',  ( -2.999999999999999556, 0.2194640910571620529, 1.694999999999999840 ) ) ;
#1774 = PLANE ( 'NONE',  #4811 ) ;
#1775 = CYLINDRICAL_SURFACE ( 'NONE', #979, 0.03309540790667059307 ) ;
#1776 = ORIENTED_EDGE ( 'NONE', *, *, #2408, .F. ) ;
#1777 = EDGE_CURVE ( 'NONE', #5005, #3057, #3395, .T. ) ;
#1778 = EDGE_CURVE ( 'NONE', #841, #1651, #3282, .T. ) ;
#1779 = ORIENTED_EDGE ( 'NONE', *, *, #4303, .T. ) ;
#1780 = DIRECTION ( 'NONE',  ( 1.445602896647339508E-15, 0.000000000000000000, -1.000000000000000000 ) ) ;
#1781 = VECTOR ( 'NONE', #1242, 1000.000000000000114 ) ;
#1782 = CARTESIAN_POINT ( 'NONE',  ( 1.726147334250474286, 1.550000000000000266, -4.583247403651661340E-16 ) ) ;
#1783 = DIRECTION ( 'NONE',  ( -0.9848077530122080203, 0.1736481776669306643, 0.000000000000000000 ) ) ;
#1784 = ORIENTED_EDGE ( 'NONE', *, *, #3847, .T. ) ;
#1785 = CYLINDRICAL_SURFACE ( 'NONE', #3778, 0.03309540790667016286 ) ;
#1786 = DIRECTION ( 'NONE',  ( 1.000000000000000000, 0.000000000000000000, 0.000000000000000000 ) ) ;
#1787 = DIRECTION ( 'NONE',  ( -0.000000000000000000, -0.000000000000000000, -1.000000000000000000 ) ) ;
#1788 = ORIENTED_EDGE ( 'NONE', *, *, #2253, .F. ) ;
#1789 = LINE ( 'NONE', #4851, #154 ) ;
#1790 = EDGE_CURVE ( 'NONE', #4897, #3999, #1557, .T. ) ;
#1791 = VECTOR ( 'NONE', #586, 1000.000000000000000 ) ;
#1792 = AXIS2_PLACEMENT_3D ( 'NONE', #1360, #1799, #3759 ) ;
#1793 = DIRECTION ( 'NONE',  ( 1.000000000000000000, -0.000000000000000000, -0.000000000000000000 ) ) ;
#1794 = CARTESIAN_POINT ( 'NONE',  ( 1.726147334250473619, 1.570875965144010067, -2.374687544561708386 ) ) ;
#1795 = ORIENTED_EDGE ( 'NONE', *, *, #766, .F. ) ;
#1796 = CARTESIAN_POINT ( 'NONE',  ( -1.950000000000000400, 1.034999999999999698, 1.694999999999999840 ) ) ;
#1797 = CARTESIAN_POINT ( 'NONE',  ( -2.376657705662685416, 0.2882025990867243537, 0.4250000000000000444 ) ) ;
#1798 = DIRECTION ( 'NONE',  ( -1.000000000000000000, 0.000000000000000000, 0.000000000000000000 ) ) ;
#1799 = DIRECTION ( 'NONE',  ( -0.1378445374916289212, 0.9808148484639891418, 0.1378445374916289490 ) ) ;
#1800 = PLANE ( 'NONE',  #497 ) ;
#1801 = VERTEX_POINT ( 'NONE', #2575 ) ;
#1802 = FACE_OUTER_BOUND ( 'NONE', #5018, .T. ) ;
#1803 = ADVANCED_FACE ( 'NONE', ( #5046 ), #4544, .F. ) ;
#1804 = FACE_OUTER_BOUND ( 'NONE', #2716, .T. ) ;
#1805 = DIRECTION ( 'NONE',  ( -0.000000000000000000, -0.000000000000000000, -1.000000000000000000 ) ) ;
#1806 = AXIS2_PLACEMENT_3D ( 'NONE', #923, #4957, #3837 ) ;
#1807 = ORIENTED_EDGE ( 'NONE', *, *, #2607, .T. ) ;
#1808 = CYLINDRICAL_SURFACE ( 'NONE', #1039, 0.1499999999999998834 ) ;
#1809 = CARTESIAN_POINT ( 'NONE',  ( 1.950000000000000400, 0.8149999999999995026, -0.4250000000000000444 ) ) ;
#1810 = ORIENTED_EDGE ( 'NONE', *, *, #1398, .F. ) ;
#1811 = VECTOR ( 'NONE', #2466, 1000.000000000000000 ) ;
#1812 = CARTESIAN_POINT ( 'NONE',  ( 1.799999999999999600, 0.8149999999999995026, 2.449999999999998401 ) ) ;
#1813 = DIRECTION ( 'NONE',  ( 0.000000000000000000, -0.000000000000000000, 1.000000000000000000 ) ) ;
#1814 = CIRCLE ( 'NONE', #1737, 0.2999999999999999334 ) ;
#1815 = CARTESIAN_POINT ( 'NONE',  ( -2.391595276781875334, 0.04147067614532087831, 2.114999999999999769 ) ) ;
#1816 = EDGE_LOOP ( 'NONE', ( #3216, #2088, #3874, #1855 ) ) ;
#1817 = ADVANCED_FACE ( 'NONE', ( #1581 ), #5053, .T. ) ;
#1818 = AXIS2_PLACEMENT_3D ( 'NONE', #1991, #5131, #2377 ) ;
#1819 = EDGE_CURVE ( 'NONE', #338, #3808, #3348, .T. ) ;
#1820 = EDGE_LOOP ( 'NONE', ( #3843, #4947, #3869, #2196 ) ) ;
#1821 = VECTOR ( 'NONE', #2262, 1000.000000000000000 ) ;
#1822 = DIRECTION ( 'NONE',  ( 0.000000000000000000, -0.000000000000000000, 1.000000000000000000 ) ) ;
#1823 = VECTOR ( 'NONE', #2028, 1000.000000000000114 ) ;
#1824 = ORIENTED_EDGE ( 'NONE', *, *, #4452, .F. ) ;
#1825 = ORIENTED_EDGE ( 'NONE', *, *, #2570, .F. ) ;
#1826 = FACE_OUTER_BOUND ( 'NONE', #4264, .T. ) ;
#1827 = STYLED_ITEM ( 'NONE', ( #4182 ), #2994 ) ;
#1828 = VECTOR ( 'NONE', #3374, 1000.000000000000000 ) ;
#1829 = CARTESIAN_POINT ( 'NONE',  ( 2.376657705662685416, 0.2882025990867243537, -1.695000000000000062 ) ) ;
#1830 = ORIENTED_EDGE ( 'NONE', *, *, #3979, .T. ) ;
#1831 = CIRCLE ( 'NONE', #3444, 0.03309540790667059307 ) ;
#1832 = DIRECTION ( 'NONE',  ( 1.000000000000000000, 0.000000000000000000, 0.000000000000000000 ) ) ;
#1833 = CARTESIAN_POINT ( 'NONE',  ( 2.032604911331567621, 1.035000000000000364, -2.115000000000000213 ) ) ;
#1834 = DIRECTION ( 'NONE',  ( -0.000000000000000000, -0.000000000000000000, -1.000000000000000000 ) ) ;
#1835 = ORIENTED_EDGE ( 'NONE', *, *, #5114, .F. ) ;
#1836 = CIRCLE ( 'NONE', #3360, 0.2530954079066702889 ) ;
#1837 = EDGE_CURVE ( 'NONE', #4579, #1168, #5070, .T. ) ;
#1838 = LINE ( 'NONE', #3532, #1823 ) ;
#1839 = DIRECTION ( 'NONE',  ( -1.000000000000000000, 0.000000000000000000, -3.599011360947732101E-16 ) ) ;
#1840 = DIRECTION ( 'NONE',  ( 2.224004456380520917E-16, 0.000000000000000000, 1.000000000000000000 ) ) ;
#1841 = ORIENTED_EDGE ( 'NONE', *, *, #4380, .T. ) ;
#1842 = VECTOR ( 'NONE', #2840, 1000.000000000000000 ) ;
#1843 = DIRECTION ( 'NONE',  ( 1.000000000000000000, 0.000000000000000000, -0.000000000000000000 ) ) ;
#1844 = ORIENTED_EDGE ( 'NONE', *, *, #1069, .T. ) ;
#1845 = LINE ( 'NONE', #3511, #2139 ) ;
#1846 = DIRECTION ( 'NONE',  ( 0.000000000000000000, -0.000000000000000000, -1.000000000000000000 ) ) ;
#1847 = ADVANCED_FACE ( 'NONE', ( #1615 ), #1560, .T. ) ;
#1848 = LINE ( 'NONE', #3715, #1791 ) ;
#1849 = CARTESIAN_POINT ( 'NONE',  ( 1.950000000000000400, 1.034999999999999698, 2.114999999999999769 ) ) ;
#1850 = CARTESIAN_POINT ( 'NONE',  ( -2.032604911331567621, 0.7819045920933291871, -0.8450000000000000844 ) ) ;
#1851 = ORIENTED_EDGE ( 'NONE', *, *, #2124, .T. ) ;
#1852 = VECTOR ( 'NONE', #3105, 1000.000000000000114 ) ;
#1853 = EDGE_CURVE ( 'NONE', #3426, #1115, #3376, .T. ) ;
#1854 = DIRECTION ( 'NONE',  ( -0.1378445374916289490, -0.9808148484639890308, -0.1378445374916288657 ) ) ;
#1855 = ORIENTED_EDGE ( 'NONE', *, *, #3047, .T. ) ;
#1856 = VECTOR ( 'NONE', #832, 1000.000000000000000 ) ;
#1857 = DIRECTION ( 'NONE',  ( -0.9975640502598243087, 0.06975647374412446977, 0.000000000000000000 ) ) ;
#1858 = VECTOR ( 'NONE', #4597, 1000.000000000000000 ) ;
#1859 = ORIENTED_EDGE ( 'NONE', *, *, #5126, .F. ) ;
#1860 = FACE_OUTER_BOUND ( 'NONE', #3114, .T. ) ;
#1861 = ADVANCED_FACE ( 'NONE', ( #5037 ), #5056, .T. ) ;
#1862 = DIRECTION ( 'NONE',  ( 0.000000000000000000, 0.000000000000000000, 1.000000000000000000 ) ) ;
#1863 = EDGE_CURVE ( 'NONE', #2312, #4448, #3414, .T. ) ;
#1864 =( GEOMETRIC_REPRESENTATION_CONTEXT ( 3 ) GLOBAL_UNCERTAINTY_ASSIGNED_CONTEXT ( ( #3935 ) ) GLOBAL_UNIT_ASSIGNED_CONTEXT ( ( #628, #1431, #234 ) ) REPRESENTATION_CONTEXT ( 'NONE', 'WORKASPACE' ) );
#1865 = ORIENTED_EDGE ( 'NONE', *, *, #4693, .T. ) ;
#1866 = VECTOR ( 'NONE', #1193, 1000.000000000000000 ) ;
#1867 = CARTESIAN_POINT ( 'NONE',  ( -2.032604911331567621, 0.7819045920933291871, -1.695000000000000062 ) ) ;
#1868 = ORIENTED_EDGE ( 'NONE', *, *, #1456, .F. ) ;
#1869 = LINE ( 'NONE', #1036, #3639 ) ;
#1870 = CARTESIAN_POINT ( 'NONE',  ( 1.726147334250473619, 1.700000000000000178, -2.226147334250473175 ) ) ;
#1871 = CARTESIAN_POINT ( 'NONE',  ( -1.730177865118745162, 1.542197247838790419, -2.378718075429977041 ) ) ;
#1872 = ORIENTED_EDGE ( 'NONE', *, *, #3779, .T. ) ;
#1873 = AXIS2_PLACEMENT_3D ( 'NONE', #3575, #5170, #4732 ) ;
#1874 = EDGE_CURVE ( 'NONE', #4675, #2299, #3359, .T. ) ;
#1875 = VECTOR ( 'NONE', #3825, 1000.000000000000000 ) ;
#1876 = ORIENTED_EDGE ( 'NONE', *, *, #4520, .F. ) ;
#1877 = FACE_OUTER_BOUND ( 'NONE', #1669, .T. ) ;
#1878 = AXIS2_PLACEMENT_3D ( 'NONE', #4078, #2896, #1074 ) ;
#1879 = CARTESIAN_POINT ( 'NONE',  ( -1.950000000000000400, 1.034999999999999698, 0.8450000000000000844 ) ) ;
#1880 = EDGE_LOOP ( 'NONE', ( #2263, #2061, #284, #2072 ) ) ;
#1881 = LINE ( 'NONE', #5020, #1821 ) ;
#1882 = DIRECTION ( 'NONE',  ( -0.000000000000000000, -0.000000000000000000, -1.000000000000000000 ) ) ;
#1883 = MECHANICAL_DESIGN_GEOMETRIC_PRESENTATION_REPRESENTATION (  '', ( #3129 ), #1940 ) ;
#1884 = LINE ( 'NONE', #2615, #73 ) ;
#1885 = DIRECTION ( 'NONE',  ( 1.000000000000000000, 0.000000000000000000, -0.000000000000000000 ) ) ;
#1886 = EDGE_CURVE ( 'NONE', #3732, #501, #5106, .T. ) ;
#1887 = ORIENTED_EDGE ( 'NONE', *, *, #4211, .F. ) ;
#1888 = LINE ( 'NONE', #3635, #3668 ) ;
#1889 = CARTESIAN_POINT ( 'NONE',  ( 1.801452754537959722, 1.035050057699015591, -2.449992964849194266 ) ) ;
#1890 = ORIENTED_EDGE ( 'NONE', *, *, #4230, .T. ) ;
#1891 = VERTEX_POINT ( 'NONE', #999 ) ;
#1892 = CARTESIAN_POINT ( 'NONE',  ( -2.159999999999999698, 0.2499999999999997224, 0.4250000000000000444 ) ) ;
#1893 = ADVANCED_FACE ( 'NONE', ( #4999 ), #4492, .F. ) ;
#1894 = VECTOR ( 'NONE', #1493, 1000.000000000000000 ) ;
#1895 = CARTESIAN_POINT ( 'NONE',  ( -2.984653575776291756, 6.428775942946129489E-16, 1.694999999999999840 ) ) ;
#1896 = ORIENTED_EDGE ( 'NONE', *, *, #3068, .F. ) ;
#1897 = CYLINDRICAL_SURFACE ( 'NONE', #1935, 0.1500000000000000777 ) ;
#1898 = EDGE_CURVE ( 'NONE', #2510, #1965, #3435, .T. ) ;
#1899 = AXIS2_PLACEMENT_3D ( 'NONE', #1072, #269, #4239 ) ;
#1900 = ORIENTED_EDGE ( 'NONE', *, *, #3217, .T. ) ;
#1901 = EDGE_LOOP ( 'NONE', ( #3100, #3128, #2669, #112, #3065, #2846, #5194 ) ) ;
#1902 = DIRECTION ( 'NONE',  ( 1.000000000000000000, 0.000000000000000000, -0.000000000000000000 ) ) ;
#1903 = ORIENTED_EDGE ( 'NONE', *, *, #3357, .F. ) ;
#1904 = ADVANCED_FACE ( 'NONE', ( #5048 ), #4565, .F. ) ;
#1905 = DIRECTION ( 'NONE',  ( 0.000000000000000000, -0.000000000000000000, -1.000000000000000000 ) ) ;
#1906 = EDGE_CURVE ( 'NONE', #552, #573, #3351, .T. ) ;
#1907 = FILL_AREA_STYLE ('',( #3797 ) ) ;
#1908 = CARTESIAN_POINT ( 'NONE',  ( 2.376657705662685416, 0.2882025990867243537, -0.4250000000000000444 ) ) ;
#1909 = VERTEX_POINT ( 'NONE', #2067 ) ;
#1910 = ORIENTED_EDGE ( 'NONE', *, *, #830, .T. ) ;
#1911 = CARTESIAN_POINT ( 'NONE',  ( 4.950961591932675494E-16, 0.3000000000000005440, 2.226147334250474508 ) ) ;
#1912 = ORIENTED_EDGE ( 'NONE', *, *, #3684, .T. ) ;
#1913 =( BOUNDED_CURVE ( )  B_SPLINE_CURVE ( 3, ( #4950, #193, #1721, #881 ),
 .UNSPECIFIED., .F., .F. ) 
 B_SPLINE_CURVE_WITH_KNOTS ( ( 4, 4 ),
 ( 4.852015320544235344, 6.283185307179586232 ),
 .UNSPECIFIED. ) 
 CURVE ( )  GEOMETRIC_REPRESENTATION_ITEM ( )  RATIONAL_B_SPLINE_CURVE ( ( 1.000000000000000000, 0.8364730534818477503, 0.8364730534818477503, 1.000000000000000000 ) ) 
 REPRESENTATION_ITEM ( '' )  );
#1914 = DIRECTION ( 'NONE',  ( 1.000000000000000000, 0.000000000000000000, -2.655188993842051927E-16 ) ) ;
#1915 = ORIENTED_EDGE ( 'NONE', *, *, #1, .F. ) ;
#1916 = ORIENTED_EDGE ( 'NONE', *, *, #1043, .F. ) ;
#1917 = DIRECTION ( 'NONE',  ( 0.9975640502598243087, 0.06975647374412446977, -0.000000000000000000 ) ) ;
#1918 = PLANE ( 'NONE',  #3946 ) ;
#1919 = ORIENTED_EDGE ( 'NONE', *, *, #66, .T. ) ;
#1920 = LINE ( 'NONE', #2714, #3541 ) ;
#1921 = CARTESIAN_POINT ( 'NONE',  ( -2.032604911331567621, 0.7819045920933291871, 0.8450000000000000844 ) ) ;
#1922 = EDGE_LOOP ( 'NONE', ( #4225, #238, #2190, #208 ) ) ;
#1923 = ORIENTED_EDGE ( 'NONE', *, *, #4620, .F. ) ;
#1924 = CARTESIAN_POINT ( 'NONE',  ( 1.950000000000000400, 0.8149999999999995026, -0.4250000000000000444 ) ) ;
#1925 = ORIENTED_EDGE ( 'NONE', *, *, #2690, .F. ) ;
#1926 = FACE_OUTER_BOUND ( 'NONE', #4689, .T. ) ;
#1927 =( NAMED_UNIT ( * ) PLANE_ANGLE_UNIT ( ) SI_UNIT ( $, .RADIAN. ) );
#1928 = PLANE ( 'NONE',  #2144 ) ;
#1929 = ORIENTED_EDGE ( 'NONE', *, *, #2171, .T. ) ;
#1930 = ORIENTED_EDGE ( 'NONE', *, *, #1948, .T. ) ;
#1931 = ADVANCED_FACE ( 'NONE', ( #1584 ), #3332, .F. ) ;
#1932 = DIRECTION ( 'NONE',  ( 0.000000000000000000, -1.000000000000000000, 0.000000000000000000 ) ) ;
#1933 = EDGE_LOOP ( 'NONE', ( #947, #4432, #986, #4176 ) ) ;
#1934 = CYLINDRICAL_SURFACE ( 'NONE', #959, 0.1500000000000000777 ) ;
#1935 = AXIS2_PLACEMENT_3D ( 'NONE', #4775, #1100, #654 ) ;
#1936 = DIRECTION ( 'NONE',  ( -2.202360597892585699E-16, 0.1391731009600657432, -0.9902680687415703620 ) ) ;
#1937 = CARTESIAN_POINT ( 'NONE',  ( 1.950000000000000400, 1.034999999999999698, -1.695000000000000062 ) ) ;
#1938 = EDGE_CURVE ( 'NONE', #3262, #3024, #1913, .T. ) ;
#1939 = ORIENTED_EDGE ( 'NONE', *, *, #1630, .F. ) ;
#1940 =( GEOMETRIC_REPRESENTATION_CONTEXT ( 3 ) GLOBAL_UNCERTAINTY_ASSIGNED_CONTEXT ( ( #5095 ) ) GLOBAL_UNIT_ASSIGNED_CONTEXT ( ( #4091, #926, #59 ) ) REPRESENTATION_CONTEXT ( 'NONE', 'WORKASPACE' ) );
#1941 = EDGE_LOOP ( 'NONE', ( #3688, #2222, #1900, #3064 ) ) ;
#1942 = CARTESIAN_POINT ( 'NONE',  ( 1.950000000000000400, 0.8149999999999995026, -1.695000000000000062 ) ) ;
#1943 = VERTEX_POINT ( 'NONE', #1758 ) ;
#1944 = LINE ( 'NONE', #2050, #3703 ) ;
#1945 = ADVANCED_FACE ( 'NONE', ( #5081 ), #5065, .T. ) ;
#1946 = PLANE ( 'NONE',  #3619 ) ;
#1947 = DIRECTION ( 'NONE',  ( -0.000000000000000000, -0.000000000000000000, -1.000000000000000000 ) ) ;
#1948 = EDGE_CURVE ( 'NONE', #3587, #3984, #1522, .T. ) ;
#1949 = ORIENTED_EDGE ( 'NONE', *, *, #3079, .T. ) ;
#1950 = EDGE_LOOP ( 'NONE', ( #3296, #2989, #4912, #4678 ) ) ;
#1951 = PLANE ( 'NONE',  #3654 ) ;
#1952 = CARTESIAN_POINT ( 'NONE',  ( -1.950000000000000400, 0.8149999999999995026, -0.4250000000000000444 ) ) ;
#1953 = EDGE_LOOP ( 'NONE', ( #2914, #1825, #4735, #4765 ) ) ;
#1954 = VECTOR ( 'NONE', #1463, 1000.000000000000114 ) ;
#1955 = ORIENTED_EDGE ( 'NONE', *, *, #1609, .F. ) ;
#1956 = VERTEX_POINT ( 'NONE', #3344 ) ;
#1957 = EDGE_CURVE ( 'NONE', #1122, #841, #3302, .T. ) ;
#1958 = DIRECTION ( 'NONE',  ( -0.000000000000000000, -0.000000000000000000, -1.000000000000000000 ) ) ;
#1959 = AXIS2_PLACEMENT_3D ( 'NONE', #3726, #4178, #4110 ) ;
#1960 = ORIENTED_EDGE ( 'NONE', *, *, #2551, .T. ) ;
#1961 = LINE ( 'NONE', #3804, #3725 ) ;
#1962 = DIRECTION ( 'NONE',  ( 0.000000000000000000, -0.000000000000000000, -1.000000000000000000 ) ) ;
#1963 = ORIENTED_EDGE ( 'NONE', *, *, #1022, .T. ) ;
#1964 = EDGE_CURVE ( 'NONE', #192, #2527, #1619, .T. ) ;
#1965 = VERTEX_POINT ( 'NONE', #3381 ) ;
#1966 = LINE ( 'NONE', #2616, #3818 ) ;
#1967 = DIRECTION ( 'NONE',  ( -0.9975640502598243087, 0.06975647374412446977, 0.000000000000000000 ) ) ;
#1968 = PLANE ( 'NONE',  #3888 ) ;
#1969 = DIRECTION ( 'NONE',  ( 0.000000000000000000, -0.000000000000000000, -1.000000000000000000 ) ) ;
#1970 = VERTEX_POINT ( 'NONE', #2857 ) ;
#1971 = ORIENTED_EDGE ( 'NONE', *, *, #2231, .T. ) ;
#1972 = PLANE ( 'NONE',  #3058 ) ;
#1973 = EDGE_CURVE ( 'NONE', #3512, #1279, #1626, .T. ) ;
#1974 = DIRECTION ( 'NONE',  ( -0.000000000000000000, -0.000000000000000000, -1.000000000000000000 ) ) ;
#1975 = VERTEX_POINT ( 'NONE', #4842 ) ;
#1976 = FACE_OUTER_BOUND ( 'NONE', #1489, .T. ) ;
#1977 = CARTESIAN_POINT ( 'NONE',  ( 1.949999999999998179, 1.034999999999999698, -2.299999999999997158 ) ) ;
#1978 = DIRECTION ( 'NONE',  ( 0.000000000000000000, 0.000000000000000000, 1.000000000000000000 ) ) ;
#1979 = AXIS2_PLACEMENT_3D ( 'NONE', #4010, #3904, #95 ) ;
#1980 = CARTESIAN_POINT ( 'NONE',  ( -1.950000000000000400, 1.034999999999999698, -0.4250000000000000444 ) ) ;
#1981 = ORIENTED_EDGE ( 'NONE', *, *, #3143, .F. ) ;
#1982 = VERTEX_POINT ( 'NONE', #438 ) ;
#1983 = CARTESIAN_POINT ( 'NONE',  ( -2.032604911331567621, 0.7819045920933291871, 0.8450000000000000844 ) ) ;
#1984 = CARTESIAN_POINT ( 'NONE',  ( 1.859716958913697704, 1.677397216990230921, -2.211176748602462716 ) ) ;
#1985 = CLOSED_SHELL ( 'NONE', ( #4431, #6, #422, #3791, #4386, #3580, #1633, #3743, #5105, #791, #4062, #3401, #1343, #3241 ) ) ;
#1986 = VECTOR ( 'NONE', #3492, 1000.000000000000000 ) ;
#1987 = ADVANCED_FACE ( 'NONE', ( #5099 ), #3390, .F. ) ;
#1988 = PLANE ( 'NONE',  #4179 ) ;
#1989 = ORIENTED_EDGE ( 'NONE', *, *, #5028, .T. ) ;
#1990 = ORIENTED_EDGE ( 'NONE', *, *, #289, .F. ) ;
#1991 = CARTESIAN_POINT ( 'NONE',  ( 2.391595276781875334, 0.04147067614532087831, 0.8450000000000000844 ) ) ;
#1992 = DIRECTION ( 'NONE',  ( -1.000000000000000000, -0.000000000000000000, 2.224004456380522396E-16 ) ) ;
#1993 = EDGE_LOOP ( 'NONE', ( #3076, #1713, #3472, #309 ) ) ;
#1994 = LINE ( 'NONE', #4541, #3753 ) ;
#1995 = CARTESIAN_POINT ( 'NONE',  ( -1.950000000000000400, 1.034999999999999698, 2.114999999999999769 ) ) ;
#1996 = DIRECTION ( 'NONE',  ( 0.000000000000000000, 0.000000000000000000, 1.000000000000000000 ) ) ;
#1997 = DIRECTION ( 'NONE',  ( 0.000000000000000000, 0.000000000000000000, 1.000000000000000000 ) ) ;
#1998 = DIRECTION ( 'NONE',  ( 0.000000000000000000, -0.000000000000000000, -1.000000000000000000 ) ) ;
#1999 = VERTEX_POINT ( 'NONE', #987 ) ;
#2000 = VERTEX_POINT ( 'NONE', #2533 ) ;
#2001 = AXIS2_PLACEMENT_3D ( 'NONE', #1226, #1600, #5149 ) ;
#2002 = EDGE_CURVE ( 'NONE', #2672, #375, #4984, .T. ) ;
#2003 = DIRECTION ( 'NONE',  ( 1.000000000000000000, 0.000000000000000000, -0.000000000000000000 ) ) ;
#2004 = ORIENTED_EDGE ( 'NONE', *, *, #1464, .T. ) ;
#2005 = VECTOR ( 'NONE', #1770, 1000.000000000000000 ) ;
#2006 = DIRECTION ( 'NONE',  ( -0.000000000000000000, -0.000000000000000000, -1.000000000000000000 ) ) ;
#2007 = DIRECTION ( 'NONE',  ( 8.850629979473513407E-17, 0.000000000000000000, 1.000000000000000000 ) ) ;
#2008 = ORIENTED_EDGE ( 'NONE', *, *, #3841, .F. ) ;
#2009 = VERTEX_POINT ( 'NONE', #3771 ) ;
#2010 = CARTESIAN_POINT ( 'NONE',  ( -1.950000000000000844, 0.8149999999999999467, -2.300484260976131345 ) ) ;
#2011 = ORIENTED_EDGE ( 'NONE', *, *, #3714, .F. ) ;
#2012 = FACE_OUTER_BOUND ( 'NONE', #259, .T. ) ;
#2013 = EDGE_CURVE ( 'NONE', #3679, #809, #3398, .T. ) ;
#2014 = MECHANICAL_DESIGN_GEOMETRIC_PRESENTATION_REPRESENTATION (  '', ( #1827 ), #4896 ) ;
#2015 = DIRECTION ( 'NONE',  ( -0.000000000000000000, -1.000000000000000000, -0.000000000000000000 ) ) ;
#2016 = ORIENTED_EDGE ( 'NONE', *, *, #3820, .T. ) ;
#2017 = ORIENTED_EDGE ( 'NONE', *, *, #2849, .F. ) ;
#2018 = PLANE ( 'NONE',  #1719 ) ;
#2019 = ADVANCED_FACE ( 'NONE', ( #5123 ), #3274, .T. ) ;
#2020 = DIRECTION ( 'NONE',  ( 0.000000000000000000, -1.000000000000000000, 0.000000000000000000 ) ) ;
#2021 = ORIENTED_EDGE ( 'NONE', *, *, #2316, .F. ) ;
#2022 = VECTOR ( 'NONE', #655, 1000.000000000000000 ) ;
#2023 = EDGE_CURVE ( 'NONE', #5075, #5036, #3259, .T. ) ;
#2024 = DIRECTION ( 'NONE',  ( 0.000000000000000000, 0.000000000000000000, 1.000000000000000000 ) ) ;
#2025 = AXIS2_PLACEMENT_3D ( 'NONE', #2131, #4143, #2528 ) ;
#2026 = ORIENTED_EDGE ( 'NONE', *, *, #1837, .T. ) ;
#2027 = EDGE_LOOP ( 'NONE', ( #2064, #3437, #5084, #4640, #2359, #1641 ) ) ;
#2028 = DIRECTION ( 'NONE',  ( 0.06975647374412569102, -0.9975640502598241977, 0.000000000000000000 ) ) ;
#2029 = ORIENTED_EDGE ( 'NONE', *, *, #5151, .F. ) ;
#2030 = LINE ( 'NONE', #3300, #2076 ) ;
#2031 = ADVANCED_FACE ( 'NONE', ( #1672 ), #3264, .T. ) ;
#2032 = DIRECTION ( 'NONE',  ( 0.000000000000000000, -0.000000000000000000, -1.000000000000000000 ) ) ;
#2033 = PLANE ( 'NONE',  #2233 ) ;
#2034 = EDGE_CURVE ( 'NONE', #143, #4008, #1536, .T. ) ;
#2035 = ORIENTED_EDGE ( 'NONE', *, *, #2037, .T. ) ;
#2036 = ORIENTED_EDGE ( 'NONE', *, *, #110, .T. ) ;
#2037 = EDGE_CURVE ( 'NONE', #2903, #3781, #1544, .T. ) ;
#2038 = CARTESIAN_POINT ( 'NONE',  ( 2.032604911331567621, 0.7819045920933291871, -2.115000000000000213 ) ) ;
#2039 = EDGE_LOOP ( 'NONE', ( #2046, #735, #3108, #4164 ) ) ;
#2040 = FACE_OUTER_BOUND ( 'NONE', #4617, .T. ) ;
#2041 = CARTESIAN_POINT ( 'NONE',  ( -0.8500000000000007550, 1.700000000000000178, -1.649999999999997469 ) ) ;
#2042 = CARTESIAN_POINT ( 'NONE',  ( 2.409250319958275544, 0.2939495563588615523, 2.114999999999999769 ) ) ;
#2043 = CARTESIAN_POINT ( 'NONE',  ( 2.984653575776291756, 6.428775942946129489E-16, -0.8450000000000000844 ) ) ;
#2044 = DIRECTION ( 'NONE',  ( 0.9975640502598243087, 0.06975647374412446977, -0.000000000000000000 ) ) ;
#2045 = VERTEX_POINT ( 'NONE', #3664 ) ;
#2046 = ORIENTED_EDGE ( 'NONE', *, *, #2964, .T. ) ;
#2047 = DIRECTION ( 'NONE',  ( -1.000000000000000000, 0.000000000000000000, 0.000000000000000000 ) ) ;
#2048 = ORIENTED_EDGE ( 'NONE', *, *, #830, .F. ) ;
#2049 = LINE ( 'NONE', #1879, #2005 ) ;
#2050 = CARTESIAN_POINT ( 'NONE',  ( 1.708000134611672882, 0.2791240348559906881, 2.374687544561709274 ) ) ;
#2051 = ADVANCED_FACE ( 'NONE', ( #5014 ), #2427, .F. ) ;
#2052 = ORIENTED_EDGE ( 'NONE', *, *, #5134, .T. ) ;
#2053 = CLOSED_SHELL ( 'NONE', ( #4867, #875, #4037, #2167, #5064, #2470, #2199, #4652, #1162, #824, #2715, #30, #2810, #3842 ) ) ;
#2054 = DIRECTION ( 'NONE',  ( 0.06975647374412569102, 0.9975640502598241977, 0.000000000000000000 ) ) ;
#2055 = DIRECTION ( 'NONE',  ( -0.1378445374916289212, 0.9808148484639891418, -0.1378445374916288935 ) ) ;
#2056 = DIRECTION ( 'NONE',  ( 0.000000000000000000, 0.000000000000000000, -1.000000000000000000 ) ) ;
#2057 = ORIENTED_EDGE ( 'NONE', *, *, #1777, .T. ) ;
#2058 = VECTOR ( 'NONE', #4113, 1000.000000000000000 ) ;
#2059 = CARTESIAN_POINT ( 'NONE',  ( -1.204999999999998961, 0.2500000000000006106, -1.650000000000000355 ) ) ;
#2060 = ORIENTED_EDGE ( 'NONE', *, *, #433, .F. ) ;
#2061 = ORIENTED_EDGE ( 'NONE', *, *, #3875, .F. ) ;
#2062 = CARTESIAN_POINT ( 'NONE',  ( -2.065197525627158637, 0.7876515493654663302, -0.8450000000000000844 ) ) ;
#2063 = CARTESIAN_POINT ( 'NONE',  ( -1.950000000000000400, 1.034999999999999698, -2.115000000000000213 ) ) ;
#2064 = ORIENTED_EDGE ( 'NONE', *, *, #951, .T. ) ;
#2065 = LINE ( 'NONE', #3948, #296 ) ;
#2066 = DIRECTION ( 'NONE',  ( 0.000000000000000000, -1.000000000000000000, 0.000000000000000000 ) ) ;
#2067 = CARTESIAN_POINT ( 'NONE',  ( -2.406941701005582690, 0.2609347672024824316, -0.4250000000000000444 ) ) ;
#2068 = DIRECTION ( 'NONE',  ( -0.000000000000000000, 0.000000000000000000, 1.000000000000000000 ) ) ;
#2069 = EDGE_CURVE ( 'NONE', #1501, #4518, #1550, .T. ) ;
#2070 = CARTESIAN_POINT ( 'NONE',  ( 2.999999999999999556, 0.2194640910571620529, -1.695000000000000062 ) ) ;
#2071 = EDGE_LOOP ( 'NONE', ( #4967, #4183, #3181, #4031 ) ) ;
#2072 = ORIENTED_EDGE ( 'NONE', *, *, #2155, .T. ) ;
#2073 = STYLED_ITEM ( 'NONE', ( #4593 ), #3600 ) ;
#2074 = CARTESIAN_POINT ( 'NONE',  ( 2.065197525627158193, 0.7876515493654663302, -1.695000000000000062 ) ) ;
#2075 = DIRECTION ( 'NONE',  ( 1.000000000000000000, 0.000000000000000000, 0.000000000000000000 ) ) ;
#2076 = VECTOR ( 'NONE', #3637, 1000.000000000000000 ) ;
#2077 = CARTESIAN_POINT ( 'NONE',  ( 2.406941701005582690, 0.2609347672024824316, -2.115000000000000213 ) ) ;
#2078 = DIRECTION ( 'NONE',  ( 1.000000000000000000, 0.000000000000000000, 0.000000000000000000 ) ) ;
#2079 = CARTESIAN_POINT ( 'NONE',  ( -2.281855231289845243, 0.8258541484521909615, -0.4250000000000000444 ) ) ;
#2080 = CARTESIAN_POINT ( 'NONE',  ( -2.065197525627158637, 0.7876515493654663302, -1.695000000000000062 ) ) ;
#2081 = PLANE ( 'NONE',  #3388 ) ;
#2082 = VERTEX_POINT ( 'NONE', #5054 ) ;
#2083 = FACE_OUTER_BOUND ( 'NONE', #1461, .T. ) ;
#2084 = EDGE_CURVE ( 'NONE', #8, #4096, #3294, .T. ) ;
#2085 = DIRECTION ( 'NONE',  ( 1.000000000000000000, 0.000000000000000000, -2.224004456380521903E-16 ) ) ;
#2086 = FACE_OUTER_BOUND ( 'NONE', #196, .T. ) ;
#2087 = CARTESIAN_POINT ( 'NONE',  ( -2.984653575776291756, 6.428775942946129489E-16, -2.115000000000000213 ) ) ;
#2088 = ORIENTED_EDGE ( 'NONE', *, *, #3564, .F. ) ;
#2089 = CARTESIAN_POINT ( 'NONE',  ( 2.159999999999999698, 0.2499999999999997224, -1.695000000000000062 ) ) ;
#2090 = EDGE_CURVE ( 'NONE', #2749, #4974, #5033, .T. ) ;
#2091 = DIRECTION ( 'NONE',  ( 3.599011360947732594E-16, 0.000000000000000000, -1.000000000000000000 ) ) ;
#2092 = UNCERTAINTY_MEASURE_WITH_UNIT (LENGTH_MEASURE( 1.000000000000000082E-05 ), #1670, 'distance_accuracy_value', 'NONE');
#2093 = VECTOR ( 'NONE', #1839, 1000.000000000000000 ) ;
#2094 = CARTESIAN_POINT ( 'NONE',  ( 2.032604911331567621, 0.8149999999999995026, -0.4250000000000000444 ) ) ;
#2095 = ADVANCED_FACE ( 'NONE', ( #3312 ), #762, .F. ) ;
#2096 = ORIENTED_EDGE ( 'NONE', *, *, #4511, .T. ) ;
#2097 = CYLINDRICAL_SURFACE ( 'NONE', #1262, 0.1499999999999999667 ) ;
#2098 = DIRECTION ( 'NONE',  ( 0.000000000000000000, -1.000000000000000000, 0.000000000000000000 ) ) ;
#2099 = LINE ( 'NONE', #1390, #3682 ) ;
#2100 = CARTESIAN_POINT ( 'NONE',  ( 2.032604911331567621, 0.7819045920933291871, -0.4250000000000000444 ) ) ;
#2101 = DIRECTION ( 'NONE',  ( -0.9975640502598243087, -0.06975647374412462243, 0.000000000000000000 ) ) ;
#2102 = ADVANCED_BREP_SHAPE_REPRESENTATION ( 'MP1584EN-LF-P', ( #711, #349, #4119, #3415, #1714, #3600, #2994, #4864, #1386, #2127, #1755, #1723 ), #5041 ) ;
#2103 = EDGE_LOOP ( 'NONE', ( #512, #2536, #3092, #381 ) ) ;
#2104 = VECTOR ( 'NONE', #3861, 1000.000000000000114 ) ;
#2105 = CARTESIAN_POINT ( 'NONE',  ( -1.950000000000000400, 1.034999999999999698, -0.8450000000000000844 ) ) ;
#2106 = CARTESIAN_POINT ( 'NONE',  ( 2.391595276781875334, 0.04147067614532087831, 0.8450000000000000844 ) ) ;
#2107 = CYLINDRICAL_SURFACE ( 'NONE', #3865, 0.03309540790667016286 ) ;
#2108 = CARTESIAN_POINT ( 'NONE',  ( -2.032604911331567621, 0.7819045920933291871, 1.694999999999999840 ) ) ;
#2109 = DIRECTION ( 'NONE',  ( -0.000000000000000000, 0.000000000000000000, -1.000000000000000000 ) ) ;
#2110 = DIRECTION ( 'NONE',  ( 0.000000000000000000, 1.000000000000000000, -0.000000000000000000 ) ) ;
#2111 = PLANE ( 'NONE',  #991 ) ;
#2112 = CARTESIAN_POINT ( 'NONE',  ( -1.204999999999998961, 0.2500000000000006106, -1.650000000000000355 ) ) ;
#2113 = ORIENTED_EDGE ( 'NONE', *, *, #3882, .F. ) ;
#2114 = LINE ( 'NONE', #1566, #3858 ) ;
#2115 = CARTESIAN_POINT ( 'NONE',  ( -2.406941701005582690, 0.2609347672024824316, 2.114999999999999769 ) ) ;
#2116 = LINE ( 'NONE', #4932, #3859 ) ;
#2117 = DIRECTION ( 'NONE',  ( 0.000000000000000000, -0.000000000000000000, -1.000000000000000000 ) ) ;
#2118 = CARTESIAN_POINT ( 'NONE',  ( -1.950000000000000844, 1.034999999999999698, -2.299999999999996270 ) ) ;
#2119 = ORIENTED_EDGE ( 'NONE', *, *, #5134, .F. ) ;
#2120 = DIRECTION ( 'NONE',  ( 3.599011360947732101E-16, 0.000000000000000000, -1.000000000000000000 ) ) ;
#2121 = VECTOR ( 'NONE', #1757, 1000.000000000000000 ) ;
#2122 = VERTEX_POINT ( 'NONE', #2730 ) ;
#2123 = CARTESIAN_POINT ( 'NONE',  ( -2.409250319958275544, 0.2939495563588615523, -0.4250000000000000444 ) ) ;
#2124 = EDGE_CURVE ( 'NONE', #5071, #960, #4576, .T. ) ;
#2125 = CARTESIAN_POINT ( 'NONE',  ( 1.205000000000001181, 0.2500000000000006106, -1.649999999999999467 ) ) ;
#2126 = AXIS2_PLACEMENT_3D ( 'NONE', #915, #3721, #3421 ) ;
#2127 = MANIFOLD_SOLID_BREP ( 'Fillet2', #3133 ) ;
#2128 = DIRECTION ( 'NONE',  ( 1.000000000000000000, -0.000000000000000000, -0.000000000000000000 ) ) ;
#2129 = ORIENTED_EDGE ( 'NONE', *, *, #2458, .T. ) ;
#2130 = DIRECTION ( 'NONE',  ( -1.000000000000000000, 0.000000000000000000, 0.000000000000000000 ) ) ;
#2131 = CARTESIAN_POINT ( 'NONE',  ( -0.8500000000000007550, 1.600000000000000089, -1.649999999999997469 ) ) ;
#2132 = PLANE ( 'NONE',  #103 ) ;
#2133 = EDGE_CURVE ( 'NONE', #2502, #2685, #1881, .T. ) ;
#2134 = ORIENTED_EDGE ( 'NONE', *, *, #4712, .F. ) ;
#2135 = CARTESIAN_POINT ( 'NONE',  ( -2.406941701005582690, 0.2609347672024824316, 1.694999999999999840 ) ) ;
#2136 = AXIS2_PLACEMENT_3D ( 'NONE', #839, #4036, #120 ) ;
#2137 = VERTEX_POINT ( 'NONE', #3085 ) ;
#2138 = ADVANCED_FACE ( 'NONE', ( #117 ), #1539, .F. ) ;
#2139 = VECTOR ( 'NONE', #4299, 1000.000000000000000 ) ;
#2140 = EDGE_CURVE ( 'NONE', #4314, #1684, #138, .T. ) ;
#2141 = EDGE_LOOP ( 'NONE', ( #1400, #3495 ) ) ;
#2142 = CARTESIAN_POINT ( 'NONE',  ( 2.409250319958275544, 0.2939495563588615523, -0.4250000000000000444 ) ) ;
#2143 = ORIENTED_EDGE ( 'NONE', *, *, #1127, .F. ) ;
#2144 = AXIS2_PLACEMENT_3D ( 'NONE', #440, #3539, #4326 ) ;
#2145 = ORIENTED_EDGE ( 'NONE', *, *, #4077, .T. ) ;
#2146 = CARTESIAN_POINT ( 'NONE',  ( -0.8500000000000007550, 1.600000000000000089, -1.349999999999997424 ) ) ;
#2147 = CARTESIAN_POINT ( 'NONE',  ( 2.406941701005582690, 0.2609347672024824316, 0.8450000000000000844 ) ) ;
#2148 = DIRECTION ( 'NONE',  ( 0.1736481776669290544, -0.9848077530122082424, 0.000000000000000000 ) ) ;
#2149 = AXIS2_PLACEMENT_3D ( 'NONE', #457, #3184, #2054 ) ;
#2150 = CARTESIAN_POINT ( 'NONE',  ( -1.736413294332722845, 1.497829863603584055, 2.384953504643957167 ) ) ;
#2151 = DIRECTION ( 'NONE',  ( -1.000000000000000000, 0.000000000000000000, 0.000000000000000000 ) ) ;
#2152 = VERTEX_POINT ( 'NONE', #1812 ) ;
#2153 = DIRECTION ( 'NONE',  ( -0.000000000000000000, -0.000000000000000000, -1.000000000000000000 ) ) ;
#2154 = DIRECTION ( 'NONE',  ( -0.000000000000000000, 1.000000000000000000, -0.000000000000000000 ) ) ;
#2155 = EDGE_CURVE ( 'NONE', #1239, #2893, #5172, .T. ) ;
#2156 = DIRECTION ( 'NONE',  ( -0.06975647374412569102, -0.9975640502598241977, 0.000000000000000000 ) ) ;
#2157 = VERTEX_POINT ( 'NONE', #3431 ) ;
#2158 = DIRECTION ( 'NONE',  ( 0.000000000000000000, 0.9902680687415703620, -0.1391731009600657432 ) ) ;
#2159 = ORIENTED_EDGE ( 'NONE', *, *, #1401, .F. ) ;
#2160 = CARTESIAN_POINT ( 'NONE',  ( -1.726147334250476506, 0.3000000000000005440, -2.226147334250472287 ) ) ;
#2161 =( GEOMETRIC_REPRESENTATION_CONTEXT ( 3 ) GLOBAL_UNCERTAINTY_ASSIGNED_CONTEXT ( ( #4704 ) ) GLOBAL_UNIT_ASSIGNED_CONTEXT ( ( #1173, #5139, #1556 ) ) REPRESENTATION_CONTEXT ( 'NONE', 'WORKASPACE' ) );
#2162 = VERTEX_POINT ( 'NONE', #3838 ) ;
#2163 = CARTESIAN_POINT ( 'NONE',  ( 2.281855231289845243, 0.8258541484521909615, -0.4250000000000000444 ) ) ;
#2164 = CARTESIAN_POINT ( 'NONE',  ( 2.032604911331567621, 1.035000000000000364, 2.114999999999999769 ) ) ;
#2165 = ORIENTED_EDGE ( 'NONE', *, *, #676, .F. ) ;
#2166 = CARTESIAN_POINT ( 'NONE',  ( 2.159999999999999698, 0.2499999999999997224, 2.114999999999999769 ) ) ;
#2167 = ADVANCED_FACE ( 'NONE', ( #5182 ), #2018, .F. ) ;
#2168 = VECTOR ( 'NONE', #1365, 1000.000000000000000 ) ;
#2169 = DIRECTION ( 'NONE',  ( 0.000000000000000000, -0.000000000000000000, -1.000000000000000000 ) ) ;
#2170 = ORIENTED_EDGE ( 'NONE', *, *, #2084, .T. ) ;
#2171 = EDGE_CURVE ( 'NONE', #192, #2951, #3518, .T. ) ;
#2172 = CARTESIAN_POINT ( 'NONE',  ( -1.801452754537961942, 1.035050057699015591, 2.449992964849196042 ) ) ;
#2173 = FACE_OUTER_BOUND ( 'NONE', #330, .T. ) ;
#2174 = CARTESIAN_POINT ( 'NONE',  ( -2.409250319958275544, 0.2939495563588615523, 0.8450000000000000844 ) ) ;
#2175 = DIRECTION ( 'NONE',  ( 0.000000000000000000, -0.000000000000000000, -1.000000000000000000 ) ) ;
#2176 = CYLINDRICAL_SURFACE ( 'NONE', #3104, 0.2530954079066702889 ) ;
#2177 = CARTESIAN_POINT ( 'NONE',  ( -2.999999999999999556, 0.2194640910571620529, 0.8450000000000000844 ) ) ;
#2178 = CARTESIAN_POINT ( 'NONE',  ( 2.391595276781875334, 0.04147067614532087831, -1.695000000000000062 ) ) ;
#2179 = VECTOR ( 'NONE', #3347, 1000.000000000000114 ) ;
#2180 = EDGE_LOOP ( 'NONE', ( #161, #4928, #615, #3768 ) ) ;
#2181 = VERTEX_POINT ( 'NONE', #3255 ) ;
#2182 = CARTESIAN_POINT ( 'NONE',  ( 1.949154974055153255, 0.8089873279774176806, 2.387973030627471793 ) ) ;
#2183 = EDGE_CURVE ( 'NONE', #4459, #3389, #3481, .T. ) ;
#2184 = FACE_OUTER_BOUND ( 'NONE', #1091, .T. ) ;
#2185 = AXIS2_PLACEMENT_3D ( 'NONE', #538, #2477, #106 ) ;
#2186 = CARTESIAN_POINT ( 'NONE',  ( -2.032604911331567621, 0.7819045920933291871, 0.8450000000000000844 ) ) ;
#2187 = LINE ( 'NONE', #3594, #4038 ) ;
#2188 = ORIENTED_EDGE ( 'NONE', *, *, #160, .T. ) ;
#2189 = DIRECTION ( 'NONE',  ( -0.000000000000000000, -0.000000000000000000, -1.000000000000000000 ) ) ;
#2190 = ORIENTED_EDGE ( 'NONE', *, *, #1268, .F. ) ;
#2191 = DIRECTION ( 'NONE',  ( -1.000000000000000000, 0.000000000000000000, 0.000000000000000000 ) ) ;
#2192 = LINE ( 'NONE', #3349, #4056 ) ;
#2193 = EDGE_CURVE ( 'NONE', #689, #1318, #3605, .T. ) ;
#2194 = EDGE_CURVE ( 'NONE', #1583, #3587, #3624, .T. ) ;
#2195 = LINE ( 'NONE', #596, #2303 ) ;
#2196 = ORIENTED_EDGE ( 'NONE', *, *, #3903, .T. ) ;
#2197 = VERTEX_POINT ( 'NONE', #1673 ) ;
#2198 = DIRECTION ( 'NONE',  ( 1.000000000000000000, 0.000000000000000000, 0.000000000000000000 ) ) ;
#2199 = ADVANCED_FACE ( 'NONE', ( #1772 ), #1639, .F. ) ;
#2200 = ORIENTED_EDGE ( 'NONE', *, *, #3254, .T. ) ;
#2201 = VECTOR ( 'NONE', #129, 1000.000000000000000 ) ;
#2202 = CARTESIAN_POINT ( 'NONE',  ( 2.409250319958275544, 0.2939495563588615523, 2.114999999999999769 ) ) ;
#2203 = DIRECTION ( 'NONE',  ( 0.000000000000000000, 0.000000000000000000, -1.000000000000000000 ) ) ;
#2204 = LINE ( 'NONE', #619, #3952 ) ;
#2205 = EDGE_LOOP ( 'NONE', ( #4287, #503, #792, #2552 ) ) ;
#2206 = ORIENTED_EDGE ( 'NONE', *, *, #708, .T. ) ;
#2207 = ORIENTED_EDGE ( 'NONE', *, *, #49, .F. ) ;
#2208 = AXIS2_PLACEMENT_3D ( 'NONE', #2369, #2405, #70 ) ;
#2209 = DIRECTION ( 'NONE',  ( -0.9975640502598243087, -0.06975647374412462243, 0.000000000000000000 ) ) ;
#2210 = CARTESIAN_POINT ( 'NONE',  ( 2.065197525627158637, 0.7876515493654663302, 2.114999999999999769 ) ) ;
#2211 = ADVANCED_FACE ( 'NONE', ( #3536 ), #4023, .F. ) ;
#2212 = CARTESIAN_POINT ( 'NONE',  ( 2.984653575776291756, 6.428775942946129489E-16, 2.114999999999999769 ) ) ;
#2213 = PLANE ( 'NONE',  #572 ) ;
#2214 = FILL_AREA_STYLE_COLOUR ( '', #5086 ) ;
#2215 = CARTESIAN_POINT ( 'NONE',  ( -2.409250319958275544, 0.2939495563588615523, -1.695000000000000062 ) ) ;
#2216 = LINE ( 'NONE', #4915, #2266 ) ;
#2217 = VERTEX_POINT ( 'NONE', #2089 ) ;
#2218 = VERTEX_POINT ( 'NONE', #3676 ) ;
#2219 = VERTEX_POINT ( 'NONE', #4063 ) ;
#2220 = CARTESIAN_POINT ( 'NONE',  ( -2.159999999999999698, 0.2499999999999997224, 0.8450000000000000844 ) ) ;
#2221 = VECTOR ( 'NONE', #3824, 1000.000000000000000 ) ;
#2222 = ORIENTED_EDGE ( 'NONE', *, *, #160, .F. ) ;
#2223 = DIRECTION ( 'NONE',  ( -1.000000000000000000, 0.000000000000000000, 0.000000000000000000 ) ) ;
#2224 = VERTEX_POINT ( 'NONE', #4449 ) ;
#2225 = DIRECTION ( 'NONE',  ( 1.000000000000000000, 0.000000000000000000, 0.000000000000000000 ) ) ;
#2226 = DIRECTION ( 'NONE',  ( 1.000000000000000000, 0.000000000000000000, -0.000000000000000000 ) ) ;
#2227 = EDGE_CURVE ( 'NONE', #1747, #3206, #101, .T. ) ;
#2228 = AXIS2_PLACEMENT_3D ( 'NONE', #3168, #4005, #2648 ) ;
#2229 = LINE ( 'NONE', #1292, #2201 ) ;
#2230 = CARTESIAN_POINT ( 'NONE',  ( 1.205000000000001181, 0.000000000000000000, 1.649999999999999911 ) ) ;
#2231 = EDGE_CURVE ( 'NONE', #1239, #3636, #3593, .T. ) ;
#2232 = CYLINDRICAL_SURFACE ( 'NONE', #4963, 0.03309540790667059307 ) ;
#2233 = AXIS2_PLACEMENT_3D ( 'NONE', #4729, #5102, #4040 ) ;
#2234 = VERTEX_POINT ( 'NONE', #5074 ) ;
#2235 = ORIENTED_EDGE ( 'NONE', *, *, #3589, .T. ) ;
#2236 = DIRECTION ( 'NONE',  ( 0.000000000000000000, 0.000000000000000000, 1.000000000000000000 ) ) ;
#2237 = VERTEX_POINT ( 'NONE', #1216 ) ;
#2238 = FACE_OUTER_BOUND ( 'NONE', #3526, .T. ) ;
#2239 = DIRECTION ( 'NONE',  ( 0.000000000000000000, -0.000000000000000000, -1.000000000000000000 ) ) ;
#2240 = DIRECTION ( 'NONE',  ( 1.000000000000000000, 0.000000000000000000, 0.000000000000000000 ) ) ;
#2241 = LINE ( 'NONE', #26, #576 ) ;
#2242 = EDGE_LOOP ( 'NONE', ( #3597, #849, #27, #1807, #3617, #1851 ) ) ;
#2243 = ADVANCED_FACE ( 'NONE', ( #1826 ), #1705, .T. ) ;
#2244 = AXIS2_PLACEMENT_3D ( 'NONE', #796, #2406, #2808 ) ;
#2245 = ORIENTED_EDGE ( 'NONE', *, *, #627, .F. ) ;
#2246 = DIRECTION ( 'NONE',  ( 0.000000000000000000, 0.000000000000000000, 1.000000000000000000 ) ) ;
#2247 = DIRECTION ( 'NONE',  ( 0.000000000000000000, 0.000000000000000000, 1.000000000000000000 ) ) ;
#2248 = LINE ( 'NONE', #1077, #2104 ) ;
#2249 = DIRECTION ( 'NONE',  ( 0.000000000000000000, -0.000000000000000000, -1.000000000000000000 ) ) ;
#2250 = DIRECTION ( 'NONE',  ( 0.000000000000000000, -0.000000000000000000, -1.000000000000000000 ) ) ;
#2251 = VECTOR ( 'NONE', #1793, 1000.000000000000000 ) ;
#2252 = ORIENTED_EDGE ( 'NONE', *, *, #2734, .F. ) ;
#2253 = EDGE_CURVE ( 'NONE', #4794, #5145, #3465, .T. ) ;
#2254 = VERTEX_POINT ( 'NONE', #415 ) ;
#2255 = AXIS2_PLACEMENT_3D ( 'NONE', #4677, #3549, #3939 ) ;
#2256 = CARTESIAN_POINT ( 'NONE',  ( -2.032604911331567621, 0.7819045920933291871, 2.114999999999999769 ) ) ;
#2257 = ADVANCED_FACE ( 'NONE', ( #1802 ), #2792, .T. ) ;
#2258 = CIRCLE ( 'NONE', #2255, 0.2530954079066702889 ) ;
#2259 = FILL_AREA_STYLE ('',( #3391 ) ) ;
#2260 = FACE_OUTER_BOUND ( 'NONE', #61, .T. ) ;
#2261 = ORIENTED_EDGE ( 'NONE', *, *, #4131, .F. ) ;
#2262 = DIRECTION ( 'NONE',  ( 0.000000000000000000, 1.000000000000000000, 0.000000000000000000 ) ) ;
#2263 = ORIENTED_EDGE ( 'NONE', *, *, #1078, .T. ) ;
#2264 = CIRCLE ( 'NONE', #337, 0.1499999999999999667 ) ;
#2265 = CARTESIAN_POINT ( 'NONE',  ( 1.800968516274152220, 1.035016686030104438, -2.449997654931398205 ) ) ;
#2266 = VECTOR ( 'NONE', #3764, 1000.000000000000000 ) ;
#2267 = ORIENTED_EDGE ( 'NONE', *, *, #4189, .T. ) ;
#2268 = ORIENTED_EDGE ( 'NONE', *, *, #636, .F. ) ;
#2269 = DIRECTION ( 'NONE',  ( 1.000000000000000000, -0.000000000000000000, -2.224004456380522396E-16 ) ) ;
#2270 = EDGE_LOOP ( 'NONE', ( #3441, #1540, #1201, #3630, #4644, #91, #4993, #634 ) ) ;
#2271 = CARTESIAN_POINT ( 'NONE',  ( -2.065197525627158193, 0.7876515493654663302, -0.4250000000000000444 ) ) ;
#2272 = LINE ( 'NONE', #4954, #2292 ) ;
#2273 = CARTESIAN_POINT ( 'NONE',  ( 1.950000000000000400, 0.8149999999999995026, -0.4250000000000000444 ) ) ;
#2274 = AXIS2_PLACEMENT_3D ( 'NONE', #3120, #4650, #4580 ) ;
#2275 = LINE ( 'NONE', #3621, #4067 ) ;
#2276 = EDGE_LOOP ( 'NONE', ( #3749, #1370, #4980, #801, #3643, #4232, #2475, #3339, #2526, #3673, #3926, #315 ) ) ;
#2277 = ORIENTED_EDGE ( 'NONE', *, *, #4027, .F. ) ;
#2278 = ORIENTED_EDGE ( 'NONE', *, *, #627, .T. ) ;
#2279 = CARTESIAN_POINT ( 'NONE',  ( 1.205000000000001181, 4.336330872555478777, 1.650000000000000355 ) ) ;
#2280 = DIRECTION ( 'NONE',  ( 1.000000000000000000, 0.000000000000000000, 0.000000000000000000 ) ) ;
#2281 = LINE ( 'NONE', #3765, #4015 ) ;
#2282 = PLANE ( 'NONE',  #3519 ) ;
#2283 = CARTESIAN_POINT ( 'NONE',  ( -1.949992964849197374, 0.8149499423009831656, 2.301452754537960388 ) ) ;
#2284 = AXIS2_PLACEMENT_3D ( 'NONE', #3243, #2353, #749 ) ;
#2285 = PRODUCT_DEFINITION_CONTEXT ( 'detailed design', #3705, 'design' ) ;
#2286 = ORIENTED_EDGE ( 'NONE', *, *, #480, .F. ) ;
#2287 = ORIENTED_EDGE ( 'NONE', *, *, #144, .T. ) ;
#2288 = ADVANCED_FACE ( 'NONE', ( #48 ), #4051, .F. ) ;
#2289 = ORIENTED_EDGE ( 'NONE', *, *, #4181, .T. ) ;
#2290 = PLANE ( 'NONE',  #4 ) ;
#2291 = AXIS2_PLACEMENT_3D ( 'NONE', #2215, #3586, #751 ) ;
#2292 = VECTOR ( 'NONE', #4986, 1000.000000000000000 ) ;
#2293 = CARTESIAN_POINT ( 'NONE',  ( -2.376657705662685416, 0.2882025990867243537, 2.114999999999999769 ) ) ;
#2294 = CARTESIAN_POINT ( 'NONE',  ( -1.800000000000000488, 0.8149999999999995026, 2.449999999999998845 ) ) ;
#2295 = VECTOR ( 'NONE', #398, 1000.000000000000000 ) ;
#2296 = ORIENTED_EDGE ( 'NONE', *, *, #3469, .T. ) ;
#2297 = ORIENTED_EDGE ( 'NONE', *, *, #4571, .T. ) ;
#2298 = STYLED_ITEM ( 'NONE', ( #50 ), #4864 ) ;
#2299 = VERTEX_POINT ( 'NONE', #4437 ) ;
#2300 = CARTESIAN_POINT ( 'NONE',  ( -1.949992964849198041, 1.035050057699016035, -2.301452754537958167 ) ) ;
#2301 = VECTOR ( 'NONE', #4043, 1000.000000000000000 ) ;
#2302 = PRESENTATION_LAYER_ASSIGNMENT (  '', '', ( #2073 ) ) ;
#2303 = VECTOR ( 'NONE', #236, 1000.000000000000000 ) ;
#2304 = VERTEX_POINT ( 'NONE', #821 ) ;
#2305 = DIRECTION ( 'NONE',  ( 0.000000000000000000, 0.1391731009600661872, 0.9902680687415701399 ) ) ;
#2306 = ORIENTED_EDGE ( 'NONE', *, *, #3820, .F. ) ;
#2307 = EDGE_CURVE ( 'NONE', #1801, #1425, #3545, .T. ) ;
#2308 = VECTOR ( 'NONE', #4387, 1000.000000000000000 ) ;
#2309 = DIRECTION ( 'NONE',  ( 1.000000000000000000, 0.000000000000000000, 0.000000000000000000 ) ) ;
#2310 = LINE ( 'NONE', #164, #4094 ) ;
#2311 = EDGE_LOOP ( 'NONE', ( #2060, #4147, #3758, #3253 ) ) ;
#2312 = VERTEX_POINT ( 'NONE', #2043 ) ;
#2313 = VERTEX_POINT ( 'NONE', #1176 ) ;
#2314 = DIRECTION ( 'NONE',  ( 0.000000000000000000, 0.1391731009600661872, -0.9902680687415701399 ) ) ;
#2315 = FACE_OUTER_BOUND ( 'NONE', #4002, .T. ) ;
#2316 = EDGE_CURVE ( 'NONE', #4448, #730, #1836, .T. ) ;
#2317 = CARTESIAN_POINT ( 'NONE',  ( 2.281855231289845243, 0.8258541484521909615, -2.115000000000000213 ) ) ;
#2318 = CARTESIAN_POINT ( 'NONE',  ( 2.376657705662685416, 0.2882025990867243537, 0.4250000000000000444 ) ) ;
#2319 = CARTESIAN_POINT ( 'NONE',  ( -2.391595276781875334, 0.04147067614532087831, -1.695000000000000062 ) ) ;
#2320 = EDGE_CURVE ( 'NONE', #4715, #1019, #1738, .T. ) ;
#2321 = VECTOR ( 'NONE', #3452, 1000.000000000000114 ) ;
#2322 = ORIENTED_EDGE ( 'NONE', *, *, #1069, .F. ) ;
#2323 = ORIENTED_EDGE ( 'NONE', *, *, #543, .T. ) ;
#2324 = FACE_OUTER_BOUND ( 'NONE', #2735, .T. ) ;
#2325 = CARTESIAN_POINT ( 'NONE',  ( 1.949999999999998179, 0.8149999999999995026, -2.299999999999997158 ) ) ;
#2326 = CARTESIAN_POINT ( 'NONE',  ( -2.409250319958275544, 0.2939495563588615523, 2.114999999999999769 ) ) ;
#2327 = EDGE_CURVE ( 'NONE', #4314, #2446, #1789, .T. ) ;
#2328 = CARTESIAN_POINT ( 'NONE',  ( 1.708000134611671106, 0.1500000000000006051, -2.226147334250473175 ) ) ;
#2329 = VECTOR ( 'NONE', #4083, 1000.000000000000000 ) ;
#2330 = EDGE_CURVE ( 'NONE', #228, #5121, #41, .T. ) ;
#2331 = EDGE_LOOP ( 'NONE', ( #1355, #1795, #4295, #5067 ) ) ;
#2332 = ORIENTED_EDGE ( 'NONE', *, *, #3528, .F. ) ;
#2333 = CARTESIAN_POINT ( 'NONE',  ( 1.949997654931399538, 1.035016686030104438, -2.300968516274151998 ) ) ;
#2334 = DIRECTION ( 'NONE',  ( 0.000000000000000000, -0.000000000000000000, -1.000000000000000000 ) ) ;
#2335 = FACE_OUTER_BOUND ( 'NONE', #1227, .T. ) ;
#2336 = CARTESIAN_POINT ( 'NONE',  ( -1.950000000000000400, 0.8149999999999995026, 2.449999999999998845 ) ) ;
#2337 = CIRCLE ( 'NONE', #876, 0.03309540790667016286 ) ;
#2338 = ORIENTED_EDGE ( 'NONE', *, *, #706, .F. ) ;
#2339 = ORIENTED_EDGE ( 'NONE', *, *, #4820, .F. ) ;
#2340 = DIRECTION ( 'NONE',  ( -0.9975640502598243087, 0.06975647374412446977, 0.000000000000000000 ) ) ;
#2341 = EDGE_CURVE ( 'NONE', #493, #365, #3489, .T. ) ;
#2342 = PLANE ( 'NONE',  #2136 ) ;
#2343 = ADVANCED_FACE ( 'NONE', ( #3527 ), #447, .F. ) ;
#2344 = CARTESIAN_POINT ( 'NONE',  ( 2.032604911331567621, 0.7819045920933291871, -1.695000000000000062 ) ) ;
#2345 = CARTESIAN_POINT ( 'NONE',  ( 2.391595276781875334, 0.04147067614532087831, 1.694999999999999840 ) ) ;
#2346 = CARTESIAN_POINT ( 'NONE',  ( 2.409250319958275544, 0.2939495563588615523, 1.694999999999999840 ) ) ;
#2347 = CYLINDRICAL_SURFACE ( 'NONE', #3263, 0.1499999999999999667 ) ;
#2348 = ORIENTED_EDGE ( 'NONE', *, *, #4994, .F. ) ;
#2349 = VERTEX_POINT ( 'NONE', #3246 ) ;
#2350 = EDGE_CURVE ( 'NONE', #2162, #3789, #63, .T. ) ;
#2351 = PLANE ( 'NONE',  #2228 ) ;
#2352 = LINE ( 'NONE', #3004, #4093 ) ;
#2353 = DIRECTION ( 'NONE',  ( 0.000000000000000000, 0.000000000000000000, 1.000000000000000000 ) ) ;
#2354 = DIRECTION ( 'NONE',  ( -0.1736481776669306365, 0.9848077530122080203, 0.000000000000000000 ) ) ;
#2355 = EDGE_CURVE ( 'NONE', #4990, #4529, #3456, .T. ) ;
#2356 = CIRCLE ( 'NONE', #69, 0.1500000000000000777 ) ;
#2357 = AXIS2_PLACEMENT_3D ( 'NONE', #5077, #304, #2499 ) ;
#2358 = EDGE_LOOP ( 'NONE', ( #835, #4709, #4158, #4685, #757, #4553, #2647, #880 ) ) ;
#2359 = ORIENTED_EDGE ( 'NONE', *, *, #3151, .F. ) ;
#2360 = DIRECTION ( 'NONE',  ( 2.202360597892585206E-16, -0.1391731009600657432, 0.9902680687415703620 ) ) ;
#2361 = DIRECTION ( 'NONE',  ( 0.000000000000000000, 0.000000000000000000, 1.000000000000000000 ) ) ;
#2362 = LINE ( 'NONE', #3685, #717 ) ;
#2363 = CARTESIAN_POINT ( 'NONE',  ( 2.999999999999999556, 0.2194640910571620529, 0.8450000000000000844 ) ) ;
#2364 = DIRECTION ( 'NONE',  ( -2.655188993842053899E-16, -0.000000000000000000, -1.000000000000000000 ) ) ;
#2365 = EDGE_CURVE ( 'NONE', #1583, #2605, #80, .T. ) ;
#2366 = VECTOR ( 'NONE', #2175, 1000.000000000000000 ) ;
#2367 = ORIENTED_EDGE ( 'NONE', *, *, #3530, .T. ) ;
#2368 = ORIENTED_EDGE ( 'NONE', *, *, #5069, .T. ) ;
#2369 = CARTESIAN_POINT ( 'NONE',  ( 1.726147334250473842, 0.3000000000000005440, -2.226147334250473175 ) ) ;
#2370 = AXIS2_PLACEMENT_3D ( 'NONE', #978, #2068, #2487 ) ;
#2371 =( NAMED_UNIT ( * ) SI_UNIT ( $, .STERADIAN. ) SOLID_ANGLE_UNIT ( ) );
#2372 = VECTOR ( 'NONE', #4460, 1000.000000000000000 ) ;
#2373 = VECTOR ( 'NONE', #1467, 1000.000000000000000 ) ;
#2374 = EDGE_LOOP ( 'NONE', ( #1399, #551, #3893, #2026 ) ) ;
#2375 = EDGE_CURVE ( 'NONE', #2152, #1965, #88, .T. ) ;
#2376 = ORIENTED_EDGE ( 'NONE', *, *, #2600, .T. ) ;
#2377 = DIRECTION ( 'NONE',  ( 0.9975640502598243087, -0.06975647374412446977, 0.000000000000000000 ) ) ;
#2378 = ADVANCED_FACE ( 'NONE', ( #108 ), #1697, .F. ) ;
#2379 = DIRECTION ( 'NONE',  ( -1.000000000000000000, 0.000000000000000000, 0.000000000000000000 ) ) ;
#2380 = PLANE ( 'NONE',  #1496 ) ;
#2381 = VECTOR ( 'NONE', #878, 1000.000000000000000 ) ;
#2382 = DIRECTION ( 'NONE',  ( 1.000000000000000000, 0.000000000000000000, 0.000000000000000000 ) ) ;
#2383 = COLOUR_RGB ( '',0.8000000000000000444, 0.8196078431372548767, 0.9333333333333333481 ) ;
#2384 = VERTEX_POINT ( 'NONE', #4267 ) ;
#2385 = EDGE_LOOP ( 'NONE', ( #3165, #3475, #123, #3576 ) ) ;
#2386 = EDGE_CURVE ( 'NONE', #3789, #2662, #1845, .T. ) ;
#2387 = FILL_AREA_STYLE_COLOUR ( '', #14 ) ;
#2388 = ADVANCED_FACE ( 'NONE', ( #3891 ), #2176, .T. ) ;
#2389 = EDGE_CURVE ( 'NONE', #2970, #775, #3786, .T. ) ;
#2390 = DIRECTION ( 'NONE',  ( 0.9975640502598241977, 0.06975647374412569102, -0.000000000000000000 ) ) ;
#2391 = DIRECTION ( 'NONE',  ( -0.000000000000000000, -0.000000000000000000, -1.000000000000000000 ) ) ;
#2392 = CARTESIAN_POINT ( 'NONE',  ( -1.950000000000000400, 1.034999999999999698, -1.695000000000000062 ) ) ;
#2393 = VECTOR ( 'NONE', #4852, 1000.000000000000000 ) ;
#2394 = ORIENTED_EDGE ( 'NONE', *, *, #1088, .T. ) ;
#2395 = VERTEX_POINT ( 'NONE', #4945 ) ;
#2396 = DIRECTION ( 'NONE',  ( 1.000000000000000000, 0.000000000000000000, 0.000000000000000000 ) ) ;
#2397 = CARTESIAN_POINT ( 'NONE',  ( -2.409250319958275544, 0.2939495563588615523, 0.8450000000000000844 ) ) ;
#2398 = CIRCLE ( 'NONE', #1002, 0.2530954079066711770 ) ;
#2399 = DIRECTION ( 'NONE',  ( -0.000000000000000000, -0.000000000000000000, -1.000000000000000000 ) ) ;
#2400 = EDGE_CURVE ( 'NONE', #3301, #3581, #334, .T. ) ;
#2401 = CARTESIAN_POINT ( 'NONE',  ( -1.950000000000000400, 0.8149999999999995026, -1.695000000000000062 ) ) ;
#2402 = FACE_OUTER_BOUND ( 'NONE', #1953, .T. ) ;
#2403 = EDGE_LOOP ( 'NONE', ( #747, #561, #3245, #3989 ) ) ;
#2404 = ORIENTED_EDGE ( 'NONE', *, *, #4281, .F. ) ;
#2405 = DIRECTION ( 'NONE',  ( 1.000000000000000000, 0.000000000000000000, -2.919619327894534210E-15 ) ) ;
#2406 = DIRECTION ( 'NONE',  ( 0.000000000000000000, 0.000000000000000000, 1.000000000000000000 ) ) ;
#2407 = VECTOR ( 'NONE', #1243, 1000.000000000000000 ) ;
#2408 = EDGE_CURVE ( 'NONE', #365, #1743, #1966, .T. ) ;
#2409 = VECTOR ( 'NONE', #2044, 1000.000000000000000 ) ;
#2410 = AXIS2_PLACEMENT_3D ( 'NONE', #680, #4291, #1996 ) ;
#2411 = ORIENTED_EDGE ( 'NONE', *, *, #4494, .F. ) ;
#2412 = EDGE_LOOP ( 'NONE', ( #4233, #5043, #1097 ) ) ;
#2413 = CARTESIAN_POINT ( 'NONE',  ( 2.032604911331567621, 1.035000000000000364, 0.4250000000000000444 ) ) ;
#2414 = DIRECTION ( 'NONE',  ( 1.000000000000000000, 0.000000000000000000, 0.000000000000000000 ) ) ;
#2415 = COLOUR_RGB ( '',0.8000000000000000444, 0.8196078431372548767, 0.9333333333333333481 ) ;
#2416 = CARTESIAN_POINT ( 'NONE',  ( -1.950000000000000400, 1.034999999999999698, 2.449999999999998845 ) ) ;
#2417 = CARTESIAN_POINT ( 'NONE',  ( -2.406941701005582690, 0.2609347672024824316, 2.114999999999999769 ) ) ;
#2418 = ORIENTED_EDGE ( 'NONE', *, *, #3254, .F. ) ;
#2419 = ORIENTED_EDGE ( 'NONE', *, *, #2767, .F. ) ;
#2420 = AXIS2_PLACEMENT_3D ( 'NONE', #3053, #3461, #204 ) ;
#2421 = ADVANCED_FACE ( 'NONE', ( #2040 ), #1934, .T. ) ;
#2422 = PLANE ( 'NONE',  #4123 ) ;
#2423 = VECTOR ( 'NONE', #1992, 1000.000000000000000 ) ;
#2424 = CARTESIAN_POINT ( 'NONE',  ( -2.999999999999999556, 0.2194640910571620529, 2.114999999999999769 ) ) ;
#2425 = CARTESIAN_POINT ( 'NONE',  ( 1.950000000000000400, 1.034999999999999698, -1.695000000000000062 ) ) ;
#2426 = DIRECTION ( 'NONE',  ( 0.000000000000000000, 0.000000000000000000, 1.000000000000000000 ) ) ;
#2427 = PLANE ( 'NONE',  #3686 ) ;
#2428 = CARTESIAN_POINT ( 'NONE',  ( 1.950000000000000400, 1.034999999999999698, 0.4250000000000000444 ) ) ;
#2429 = VECTOR ( 'NONE', #5012, 1000.000000000000114 ) ;
#2430 = ORIENTED_EDGE ( 'NONE', *, *, #3403, .T. ) ;
#2431 = ORIENTED_EDGE ( 'NONE', *, *, #3929, .T. ) ;
#2432 = DIRECTION ( 'NONE',  ( 1.000000000000000000, 0.000000000000000000, 0.000000000000000000 ) ) ;
#2433 = FACE_OUTER_BOUND ( 'NONE', #308, .T. ) ;
#2434 = CARTESIAN_POINT ( 'NONE',  ( 1.800484260976133788, 0.8149999999999995026, 2.449999999999998401 ) ) ;
#2435 = AXIS2_PLACEMENT_3D ( 'NONE', #3087, #249, #640 ) ;
#2436 = CARTESIAN_POINT ( 'NONE',  ( -2.409250319958275544, 0.2939495563588615523, -0.8450000000000000844 ) ) ;
#2437 = VERTEX_POINT ( 'NONE', #4170 ) ;
#2438 = ORIENTED_EDGE ( 'NONE', *, *, #4281, .T. ) ;
#2439 = DIRECTION ( 'NONE',  ( 0.06975647374412462243, -0.9975640502598243087, 0.000000000000000000 ) ) ;
#2440 = CARTESIAN_POINT ( 'NONE',  ( 1.726147334250473619, 1.550000000000000266, -2.226147334250473175 ) ) ;
#2441 = FILL_AREA_STYLE_COLOUR ( '', #877 ) ;
#2442 = EDGE_CURVE ( 'NONE', #931, #421, #2099, .T. ) ;
#2443 = DIRECTION ( 'NONE',  ( -1.000000000000000000, 0.000000000000000000, 0.000000000000000000 ) ) ;
#2444 = AXIS2_PLACEMENT_3D ( 'NONE', #2906, #3316, #4116 ) ;
#2445 = FACE_OUTER_BOUND ( 'NONE', #3375, .T. ) ;
#2446 = VERTEX_POINT ( 'NONE', #4560 ) ;
#2447 = ORIENTED_EDGE ( 'NONE', *, *, #4820, .T. ) ;
#2448 = DIRECTION ( 'NONE',  ( 0.1736481776669306365, 0.9848077530122080203, -0.000000000000000000 ) ) ;
#2449 = CARTESIAN_POINT ( 'NONE',  ( 2.391595276781875334, 0.04147067614532114893, -1.695000000000000062 ) ) ;
#2450 = CARTESIAN_POINT ( 'NONE',  ( -2.391595276781875334, 0.04147067614532087831, 1.694999999999999840 ) ) ;
#2451 = VECTOR ( 'NONE', #3265, 1000.000000000000114 ) ;
#2452 = DIRECTION ( 'NONE',  ( -1.000000000000000000, 0.000000000000000000, 2.224004456380522889E-16 ) ) ;
#2453 = PLANE ( 'NONE',  #4255 ) ;
#2454 = EDGE_CURVE ( 'NONE', #4008, #3051, #3708, .T. ) ;
#2455 = ADVANCED_FACE ( 'NONE', ( #2012 ), #4203, .F. ) ;
#2456 = DIRECTION ( 'NONE',  ( -0.000000000000000000, 0.000000000000000000, 1.000000000000000000 ) ) ;
#2457 = LINE ( 'NONE', #3446, #4231 ) ;
#2458 = EDGE_CURVE ( 'NONE', #1051, #2312, #3713, .T. ) ;
#2459 = EDGE_LOOP ( 'NONE', ( #2286, #402, #3933, #3821, #3780, #4818, #2338, #4900, #1471, #1354, #2143, #386 ) ) ;
#2460 = ORIENTED_EDGE ( 'NONE', *, *, #5017, .F. ) ;
#2461 = UNCERTAINTY_MEASURE_WITH_UNIT (LENGTH_MEASURE( 1.000000000000000082E-05 ), #2855, 'distance_accuracy_value', 'NONE');
#2462 = DIRECTION ( 'NONE',  ( 0.000000000000000000, 0.000000000000000000, -1.000000000000000000 ) ) ;
#2463 = VECTOR ( 'NONE', #2148, 1000.000000000000114 ) ;
#2464 = CARTESIAN_POINT ( 'NONE',  ( -2.391595276781875334, 0.04147067614532114893, 0.4250000000000000444 ) ) ;
#2465 = DIRECTION ( 'NONE',  ( 0.000000000000000000, -1.000000000000000000, -0.000000000000000000 ) ) ;
#2466 = DIRECTION ( 'NONE',  ( -0.000000000000000000, -1.000000000000000000, -0.000000000000000000 ) ) ;
#2467 = CARTESIAN_POINT ( 'NONE',  ( 1.205000000000001181, 0.2500000000000002220, -1.649999999999999467 ) ) ;
#2468 = ORIENTED_EDGE ( 'NONE', *, *, #4144, .T. ) ;
#2469 = ORIENTED_EDGE ( 'NONE', *, *, #3559, .F. ) ;
#2470 = ADVANCED_FACE ( 'NONE', ( #271 ), #1038, .F. ) ;
#2471 = AXIS2_PLACEMENT_3D ( 'NONE', #3050, #132, #2569 ) ;
#2472 = CYLINDRICAL_SURFACE ( 'NONE', #4574, 0.2530954079066711770 ) ;
#2473 = APPLICATION_CONTEXT ( 'automotive_design' ) ;
#2474 = LINE ( 'NONE', #4475, #2409 ) ;
#2475 = ORIENTED_EDGE ( 'NONE', *, *, #3530, .F. ) ;
#2476 = ORIENTED_EDGE ( 'NONE', *, *, #3831, .T. ) ;
#2477 = DIRECTION ( 'NONE',  ( -0.000000000000000000, -0.000000000000000000, -1.000000000000000000 ) ) ;
#2478 = DIRECTION ( 'NONE',  ( -2.655188993842054392E-16, 0.000000000000000000, -1.000000000000000000 ) ) ;
#2479 = EDGE_CURVE ( 'NONE', #2446, #1455, #3832, .T. ) ;
#2480 = LINE ( 'NONE', #3717, #2308 ) ;
#2481 = VERTEX_POINT ( 'NONE', #1870 ) ;
#2482 = EDGE_LOOP ( 'NONE', ( #2235, #970, #2438, #4904, #1440, #2752 ) ) ;
#2483 = CARTESIAN_POINT ( 'NONE',  ( -1.801452754537961720, 1.035050057699015813, -2.449992964849193378 ) ) ;
#2484 = DIRECTION ( 'NONE',  ( 0.000000000000000000, -0.000000000000000000, -1.000000000000000000 ) ) ;
#2485 = LINE ( 'NONE', #3417, #630 ) ;
#2486 = CARTESIAN_POINT ( 'NONE',  ( -2.281855231289845243, 0.8258541484521909615, -1.695000000000000062 ) ) ;
#2487 = DIRECTION ( 'NONE',  ( 1.000000000000000000, 0.000000000000000000, 0.000000000000000000 ) ) ;
#2488 = AXIS2_PLACEMENT_3D ( 'NONE', #3863, #2572, #2223 ) ;
#2489 = EDGE_CURVE ( 'NONE', #171, #5097, #2030, .T. ) ;
#2490 = CARTESIAN_POINT ( 'NONE',  ( -1.950000000000000400, 1.034999999999999698, 2.299999999999998934 ) ) ;
#2491 = LINE ( 'NONE', #4718, #765 ) ;
#2492 = ORIENTED_EDGE ( 'NONE', *, *, #682, .T. ) ;
#2493 = ORIENTED_EDGE ( 'NONE', *, *, #3992, .T. ) ;
#2494 = DIRECTION ( 'NONE',  ( -1.000000000000000000, 0.000000000000000000, 8.850629979473517105E-17 ) ) ;
#2495 = LINE ( 'NONE', #4562, #845 ) ;
#2496 = DIRECTION ( 'NONE',  ( 0.000000000000000000, -0.000000000000000000, -1.000000000000000000 ) ) ;
#2497 = CARTESIAN_POINT ( 'NONE',  ( -1.950000000000000400, 1.034999999999999698, 1.694999999999999840 ) ) ;
#2498 = CARTESIAN_POINT ( 'NONE',  ( -2.032604911331567621, 0.7819045920933291871, -2.115000000000000213 ) ) ;
#2499 = DIRECTION ( 'NONE',  ( 0.000000000000000000, 0.000000000000000000, 1.000000000000000000 ) ) ;
#2500 = ADVANCED_FACE ( 'NONE', ( #3746 ), #279, .T. ) ;
#2501 = CIRCLE ( 'NONE', #3137, 0.03309540790667059307 ) ;
#2502 = VERTEX_POINT ( 'NONE', #700 ) ;
#2503 = EDGE_CURVE ( 'NONE', #2000, #5071, #325, .T. ) ;
#2504 = EDGE_LOOP ( 'NONE', ( #2811, #2493 ) ) ;
#2505 = CARTESIAN_POINT ( 'NONE',  ( 2.032604911331567621, 1.035000000000000364, 1.694999999999999840 ) ) ;
#2506 = AXIS2_PLACEMENT_3D ( 'NONE', #1561, #2945, #3890 ) ;
#2507 = LINE ( 'NONE', #1871, #908 ) ;
#2508 = CARTESIAN_POINT ( 'NONE',  ( -2.409250319958275544, 0.2939495563588615523, -2.115000000000000213 ) ) ;
#2509 = CIRCLE ( 'NONE', #382, 0.03309540790667059307 ) ;
#2510 = VERTEX_POINT ( 'NONE', #3218 ) ;
#2511 = ORIENTED_EDGE ( 'NONE', *, *, #2375, .T. ) ;
#2512 = CARTESIAN_POINT ( 'NONE',  ( 2.984653575776291756, 6.428775942946129489E-16, 2.114999999999999769 ) ) ;
#2513 = ADVANCED_FACE ( 'NONE', ( #310 ), #4312, .F. ) ;
#2514 = EDGE_CURVE ( 'NONE', #841, #321, #1944, .T. ) ;
#2515 = CARTESIAN_POINT ( 'NONE',  ( 2.999999999999999556, 0.2194640910571620529, 2.114999999999999769 ) ) ;
#2516 = AXIS2_PLACEMENT_3D ( 'NONE', #4910, #4422, #2379 ) ;
#2517 = LINE ( 'NONE', #5025, #4257 ) ;
#2518 = ORIENTED_EDGE ( 'NONE', *, *, #697, .T. ) ;
#2519 = ORIENTED_EDGE ( 'NONE', *, *, #2002, .T. ) ;
#2520 = CARTESIAN_POINT ( 'NONE',  ( -1.800000000000000488, 1.034999999999999698, 2.449999999999998845 ) ) ;
#2521 = EDGE_CURVE ( 'NONE', #1279, #689, #221, .T. ) ;
#2522 = LINE ( 'NONE', #3733, #4348 ) ;
#2523 = CARTESIAN_POINT ( 'NONE',  ( -2.032604911331567621, 0.7819045920933291871, 1.694999999999999840 ) ) ;
#2524 = DIRECTION ( 'NONE',  ( 0.000000000000000000, 0.000000000000000000, 1.000000000000000000 ) ) ;
#2525 = CARTESIAN_POINT ( 'NONE',  ( -2.032604911331567621, 0.7819045920933291871, -1.695000000000000062 ) ) ;
#2526 = ORIENTED_EDGE ( 'NONE', *, *, #645, .F. ) ;
#2527 = VERTEX_POINT ( 'NONE', #2769 ) ;
#2528 = DIRECTION ( 'NONE',  ( 0.000000000000000000, -0.000000000000000000, 1.000000000000000000 ) ) ;
#2529 = CYLINDRICAL_SURFACE ( 'NONE', #4263, 0.1499999999999999667 ) ;
#2530 = DIRECTION ( 'NONE',  ( -1.000000000000000000, 0.000000000000000000, 5.782411586589358033E-15 ) ) ;
#2531 = EDGE_CURVE ( 'NONE', #4274, #2384, #2065, .T. ) ;
#2532 = DIRECTION ( 'NONE',  ( -1.000000000000000000, 0.000000000000000000, 0.000000000000000000 ) ) ;
#2533 = CARTESIAN_POINT ( 'NONE',  ( 1.949999999999999512, 1.034999999999999698, 2.299999999999998046 ) ) ;
#2534 = CARTESIAN_POINT ( 'NONE',  ( -1.950000000000000400, 1.034999999999999698, -0.4250000000000000444 ) ) ;
#2535 = LINE ( 'NONE', #1937, #4163 ) ;
#2536 = ORIENTED_EDGE ( 'NONE', *, *, #3767, .F. ) ;
#2537 = VERTEX_POINT ( 'NONE', #3183 ) ;
#2538 = DIRECTION ( 'NONE',  ( 0.000000000000000000, 1.000000000000000000, 0.000000000000000000 ) ) ;
#2539 = MECHANICAL_DESIGN_GEOMETRIC_PRESENTATION_REPRESENTATION (  '', ( #1286 ), #3916 ) ;
#2540 = LINE ( 'NONE', #2497, #2586 ) ;
#2541 = DIRECTION ( 'NONE',  ( -1.000000000000000000, 0.000000000000000000, 0.000000000000000000 ) ) ;
#2542 = DIRECTION ( 'NONE',  ( -0.000000000000000000, -0.000000000000000000, -1.000000000000000000 ) ) ;
#2543 = LINE ( 'NONE', #3918, #929 ) ;
#2544 = VERTEX_POINT ( 'NONE', #4752 ) ;
#2545 = ORIENTED_EDGE ( 'NONE', *, *, #4639, .T. ) ;
#2546 = FILL_AREA_STYLE_COLOUR ( '', #927 ) ;
#2547 = DIRECTION ( 'NONE',  ( -0.06975647374412569102, -0.9975640502598241977, 0.000000000000000000 ) ) ;
#2548 = EDGE_CURVE ( 'NONE', #5097, #2965, #319, .T. ) ;
#2549 = FACE_OUTER_BOUND ( 'NONE', #2205, .T. ) ;
#2550 = FACE_OUTER_BOUND ( 'NONE', #4598, .T. ) ;
#2551 = EDGE_CURVE ( 'NONE', #3367, #1743, #3803, .T. ) ;
#2552 = ORIENTED_EDGE ( 'NONE', *, *, #3923, .T. ) ;
#2553 = CLOSED_SHELL ( 'NONE', ( #3670, #388, #450, #2622, #4236, #535, #1251, #4594, #2634, #2095, #1437, #2455, #261, #3701 ) ) ;
#2554 = CARTESIAN_POINT ( 'NONE',  ( -2.159999999999999698, 0.2499999999999997224, 2.114999999999999769 ) ) ;
#2555 = ADVANCED_FACE ( 'NONE', ( #2086 ), #2132, .F. ) ;
#2556 = DIRECTION ( 'NONE',  ( -0.9975640502598243087, 0.06975647374412462243, 0.000000000000000000 ) ) ;
#2557 = AXIS2_PLACEMENT_3D ( 'NONE', #1716, #467, #4907 ) ;
#2558 = CARTESIAN_POINT ( 'NONE',  ( 1.950000000000000400, 1.034999999999999698, 0.8450000000000000844 ) ) ;
#2559 = CARTESIAN_POINT ( 'NONE',  ( 2.999999999999999556, 0.2194640910571620529, 0.8450000000000000844 ) ) ;
#2560 = EDGE_CURVE ( 'NONE', #2481, #3056, #253, .T. ) ;
#2561 = CARTESIAN_POINT ( 'NONE',  ( 2.406941701005582690, 0.2609347672024824316, 2.114999999999999769 ) ) ;
#2562 = MECHANICAL_DESIGN_GEOMETRIC_PRESENTATION_REPRESENTATION (  '', ( #691 ), #3782 ) ;
#2563 = LINE ( 'NONE', #3258, #2580 ) ;
#2564 = ORIENTED_EDGE ( 'NONE', *, *, #1906, .F. ) ;
#2565 = ORIENTED_EDGE ( 'NONE', *, *, #1778, .T. ) ;
#2566 = CARTESIAN_POINT ( 'NONE',  ( 2.406941701005582690, 0.2609347672024824316, 0.8450000000000000844 ) ) ;
#2567 = CARTESIAN_POINT ( 'NONE',  ( -1.534243157936306279, 1.700000000000000178, -2.226147334250471843 ) ) ;
#2568 = VECTOR ( 'NONE', #4050, 1000.000000000000000 ) ;
#2569 = DIRECTION ( 'NONE',  ( 0.000000000000000000, 0.000000000000000000, 1.000000000000000000 ) ) ;
#2570 = EDGE_CURVE ( 'NONE', #8, #3696, #2049, .T. ) ;
#2571 =( BOUNDED_CURVE ( )  B_SPLINE_CURVE ( 3, ( #3032, #109, #502, #1000 ),
 .UNSPECIFIED., .F., .F. ) 
 B_SPLINE_CURVE_WITH_KNOTS ( ( 4, 4 ),
 ( 5.507472325450601502, 7.058898288908566521 ),
 .UNSPECIFIED. ) 
 CURVE ( )  GEOMETRIC_REPRESENTATION_ITEM ( )  RATIONAL_B_SPLINE_CURVE ( ( 1.000000000000000000, 0.8092813118237082159, 0.8092813118237082159, 1.000000000000000000 ) ) 
 REPRESENTATION_ITEM ( '' )  );
#2572 = DIRECTION ( 'NONE',  ( 0.000000000000000000, 0.000000000000000000, 1.000000000000000000 ) ) ;
#2573 = AXIS2_PLACEMENT_3D ( 'NONE', #2918, #2055, #1274 ) ;
#2574 = LINE ( 'NONE', #5192, #4304 ) ;
#2575 = CARTESIAN_POINT ( 'NONE',  ( 2.281855231289845243, 0.8258541484521909615, 2.114999999999999769 ) ) ;
#2576 = ORIENTED_EDGE ( 'NONE', *, *, #85, .T. ) ;
#2577 = ORIENTED_EDGE ( 'NONE', *, *, #4177, .T. ) ;
#2578 = EDGE_CURVE ( 'NONE', #3898, #782, #1994, .T. ) ;
#2579 =( LENGTH_UNIT ( ) NAMED_UNIT ( * ) SI_UNIT ( .MILLI., .METRE. ) );
#2580 = VECTOR ( 'NONE', #2478, 1000.000000000000000 ) ;
#2581 = ORIENTED_EDGE ( 'NONE', *, *, #3992, .F. ) ;
#2582 = ORIENTED_EDGE ( 'NONE', *, *, #1142, .F. ) ;
#2583 = DIRECTION ( 'NONE',  ( 0.1736481776669306365, 0.9848077530122080203, -0.000000000000000000 ) ) ;
#2584 = DIRECTION ( 'NONE',  ( 0.9975640502598243087, -0.06975647374412462243, 0.000000000000000000 ) ) ;
#2585 = CARTESIAN_POINT ( 'NONE',  ( 1.801452754537960610, 0.8149499423009832766, 2.449992964849195154 ) ) ;
#2586 = VECTOR ( 'NONE', #1695, 1000.000000000000000 ) ;
#2587 = ADVANCED_FACE ( 'NONE', ( #1976 ), #369, .T. ) ;
#2588 = FACE_OUTER_BOUND ( 'NONE', #1950, .T. ) ;
#2589 = ORIENTED_EDGE ( 'NONE', *, *, #1121, .F. ) ;
#2590 = ORIENTED_EDGE ( 'NONE', *, *, #1204, .F. ) ;
#2591 = DIRECTION ( 'NONE',  ( 0.9975640502598243087, -0.06975647374412462243, 0.000000000000000000 ) ) ;
#2592 = CARTESIAN_POINT ( 'NONE',  ( -2.032604911331567621, 1.035000000000000364, -0.4250000000000000444 ) ) ;
#2593 = LINE ( 'NONE', #1497, #2606 ) ;
#2594 = CARTESIAN_POINT ( 'NONE',  ( -1.949992964849197374, 1.035050057699016257, 2.301452754537961720 ) ) ;
#2595 = CYLINDRICAL_SURFACE ( 'NONE', #1311, 0.03309540790667016286 ) ;
#2596 = ORIENTED_EDGE ( 'NONE', *, *, #3422, .T. ) ;
#2597 = EDGE_LOOP ( 'NONE', ( #3638, #4665, #4559, #1554 ) ) ;
#2598 = CARTESIAN_POINT ( 'NONE',  ( 1.949992964849196486, 0.8149499423009833876, 2.301452754537960832 ) ) ;
#2599 = ADVANCED_FACE ( 'NONE', ( #356 ), #2107, .F. ) ;
#2600 = EDGE_CURVE ( 'NONE', #826, #4518, #200, .T. ) ;
#2601 = AXIS2_PLACEMENT_3D ( 'NONE', #206, #3774, #4151 ) ;
#2602 = LINE ( 'NONE', #3244, #4331 ) ;
#2603 = CARTESIAN_POINT ( 'NONE',  ( -2.159999999999999698, 0.2499999999999997224, -0.4250000000000000444 ) ) ;
#2604 = CARTESIAN_POINT ( 'NONE',  ( 1.949999999999998179, 1.034999999999999698, -2.299999999999997158 ) ) ;
#2605 = VERTEX_POINT ( 'NONE', #3807 ) ;
#2606 = VECTOR ( 'NONE', #2617, 1000.000000000000000 ) ;
#2607 = EDGE_CURVE ( 'NONE', #4977, #2000, #3427, .T. ) ;
#2608 = VECTOR ( 'NONE', #4454, 1000.000000000000000 ) ;
#2609 = ORIENTED_EDGE ( 'NONE', *, *, #4777, .F. ) ;
#2610 = DIRECTION ( 'NONE',  ( 0.000000000000000000, -0.1391731009600661872, 0.9902680687415701399 ) ) ;
#2611 = CARTESIAN_POINT ( 'NONE',  ( 2.409250319958275544, 0.2939495563588615523, -1.695000000000000062 ) ) ;
#2612 = CIRCLE ( 'NONE', #3958, 0.03309540790667016286 ) ;
#2613 = SPHERICAL_SURFACE ( 'NONE', #3083, 0.1499999999999999944 ) ;
#2614 = ORIENTED_EDGE ( 'NONE', *, *, #2193, .T. ) ;
#2615 = CARTESIAN_POINT ( 'NONE',  ( 1.950000000000000400, 0.8149999999999995026, 0.8450000000000000844 ) ) ;
#2616 = CARTESIAN_POINT ( 'NONE',  ( 2.032604911331567621, 1.035000000000000364, -1.695000000000000062 ) ) ;
#2617 = DIRECTION ( 'NONE',  ( -0.000000000000000000, -0.000000000000000000, -1.000000000000000000 ) ) ;
#2618 = DIRECTION ( 'NONE',  ( 0.1391731009600657432, 0.9902680687415703620, 0.000000000000000000 ) ) ;
#2619 = VECTOR ( 'NONE', #784, 1000.000000000000000 ) ;
#2620 = FILL_AREA_STYLE ('',( #2214 ) ) ;
#2621 = CARTESIAN_POINT ( 'NONE',  ( -1.950000000000000400, 0.8149999999999997247, 2.300484260976133566 ) ) ;
#2622 = ADVANCED_FACE ( 'NONE', ( #210 ), #2938, .F. ) ;
#2623 = FACE_OUTER_BOUND ( 'NONE', #3336, .T. ) ;
#2624 = ORIENTED_EDGE ( 'NONE', *, *, #2548, .F. ) ;
#2625 = DIRECTION ( 'NONE',  ( 0.000000000000000000, 0.000000000000000000, 1.000000000000000000 ) ) ;
#2626 = EDGE_CURVE ( 'NONE', #2218, #2299, #233, .T. ) ;
#2627 = LINE ( 'NONE', #2880, #770 ) ;
#2628 = CARTESIAN_POINT ( 'NONE',  ( 1.726147334250473619, 1.550000000000000266, -2.226147334250473175 ) ) ;
#2629 = DIRECTION ( 'NONE',  ( 0.000000000000000000, -0.000000000000000000, -1.000000000000000000 ) ) ;
#2630 = VECTOR ( 'NONE', #3189, 1000.000000000000000 ) ;
#2631 = DIRECTION ( 'NONE',  ( 0.000000000000000000, 0.000000000000000000, -1.000000000000000000 ) ) ;
#2632 = DIRECTION ( 'NONE',  ( -0.000000000000000000, 0.000000000000000000, 1.000000000000000000 ) ) ;
#2633 = ORIENTED_EDGE ( 'NONE', *, *, #3090, .T. ) ;
#2634 = ADVANCED_FACE ( 'NONE', ( #3845 ), #3851, .T. ) ;
#2635 = EDGE_CURVE ( 'NONE', #264, #441, #1961, .T. ) ;
#2636 = PLANE ( 'NONE',  #139 ) ;
#2637 = EDGE_CURVE ( 'NONE', #571, #5112, #243, .T. ) ;
#2638 = PLANE ( 'NONE',  #357 ) ;
#2639 = PRESENTATION_STYLE_ASSIGNMENT (( #764 ) ) ;
#2640 = ORIENTED_EDGE ( 'NONE', *, *, #3537, .T. ) ;
#2641 = CARTESIAN_POINT ( 'NONE',  ( 2.391595276781875334, 0.04147067614532087831, -0.8450000000000000844 ) ) ;
#2642 = DIRECTION ( 'NONE',  ( -0.7036407875340264795, -0.7036407875340264795, 0.09889026361068053994 ) ) ;
#2643 = EDGE_CURVE ( 'NONE', #1751, #552, #466, .T. ) ;
#2644 = VECTOR ( 'NONE', #2249, 1000.000000000000000 ) ;
#2645 = VECTOR ( 'NONE', #2773, 1000.000000000000000 ) ;
#2646 = MECHANICAL_DESIGN_GEOMETRIC_PRESENTATION_REPRESENTATION (  '', ( #3372 ), #4790 ) ;
#2647 = ORIENTED_EDGE ( 'NONE', *, *, #255, .T. ) ;
#2648 = DIRECTION ( 'NONE',  ( 0.06975647374412569102, 0.9975640502598241977, 0.000000000000000000 ) ) ;
#2649 = CARTESIAN_POINT ( 'NONE',  ( 2.281855231289845243, 0.8258541484521909615, 2.114999999999999769 ) ) ;
#2650 = CARTESIAN_POINT ( 'NONE',  ( 1.950000000000000400, 1.034999999999999698, -0.8450000000000000844 ) ) ;
#2651 = PLANE ( 'NONE',  #3067 ) ;
#2652 = CIRCLE ( 'NONE', #4016, 0.03309540790667016286 ) ;
#2653 = ORIENTED_EDGE ( 'NONE', *, *, #4254, .T. ) ;
#2654 = PLANE ( 'NONE',  #2758 ) ;
#2655 = AXIS2_PLACEMENT_3D ( 'NONE', #2983, #4453, #3222 ) ;
#2656 = CIRCLE ( 'NONE', #2444, 0.03309540790667016286 ) ;
#2657 = DIRECTION ( 'NONE',  ( 0.06975647374412446977, 0.9975640502598243087, 0.000000000000000000 ) ) ;
#2658 = CARTESIAN_POINT ( 'NONE',  ( -2.065197525627158637, 0.7876515493654663302, 2.114999999999999769 ) ) ;
#2659 = ADVANCED_FACE ( 'NONE', ( #3969 ), #2973, .F. ) ;
#2660 = LINE ( 'NONE', #797, #2608 ) ;
#2661 = DIRECTION ( 'NONE',  ( 0.000000000000000000, 1.000000000000000000, 0.000000000000000000 ) ) ;
#2662 = VERTEX_POINT ( 'NONE', #3147 ) ;
#2663 = AXIS2_PLACEMENT_3D ( 'NONE', #3687, #3612, #43 ) ;
#2664 = VERTEX_POINT ( 'NONE', #3833 ) ;
#2665 = CARTESIAN_POINT ( 'NONE',  ( 2.999999999999999556, 0.2194640910571620529, 0.4250000000000000444 ) ) ;
#2666 = FACE_OUTER_BOUND ( 'NONE', #4053, .T. ) ;
#2667 = FILL_AREA_STYLE ('',( #3844 ) ) ;
#2668 = LINE ( 'NONE', #527, #4382 ) ;
#2669 = ORIENTED_EDGE ( 'NONE', *, *, #3528, .T. ) ;
#2670 = DIRECTION ( 'NONE',  ( -0.000000000000000000, -0.000000000000000000, -1.000000000000000000 ) ) ;
#2671 = DIRECTION ( 'NONE',  ( -0.000000000000000000, 0.000000000000000000, 1.000000000000000000 ) ) ;
#2672 = VERTEX_POINT ( 'NONE', #4212 ) ;
#2673 = FACE_OUTER_BOUND ( 'NONE', #4294, .T. ) ;
#2674 = AXIS2_PLACEMENT_3D ( 'NONE', #302, #3074, #976 ) ;
#2675 = ORIENTED_EDGE ( 'NONE', *, *, #305, .T. ) ;
#2676 = CARTESIAN_POINT ( 'NONE',  ( -2.032604911331567621, 0.7819045920933291871, -0.8450000000000000844 ) ) ;
#2677 = ORIENTED_EDGE ( 'NONE', *, *, #4605, .F. ) ;
#2678 = CARTESIAN_POINT ( 'NONE',  ( -0.8500000000000007550, 1.600000000000000089, -1.949999999999997291 ) ) ;
#2679 = CARTESIAN_POINT ( 'NONE',  ( -2.032604911331567621, 1.035000000000000364, -0.4250000000000000444 ) ) ;
#2680 = VECTOR ( 'NONE', #2670, 1000.000000000000000 ) ;
#2681 = CARTESIAN_POINT ( 'NONE',  ( -1.949997654931401536, 0.8149833139698947626, 2.300968516274152886 ) ) ;
#2682 = EDGE_CURVE ( 'NONE', #2122, #3038, #2195, .T. ) ;
#2683 = CIRCLE ( 'NONE', #1101, 0.2530954079066711770 ) ;
#2684 = AXIS2_PLACEMENT_3D ( 'NONE', #2174, #4531, #3341 ) ;
#2685 = VERTEX_POINT ( 'NONE', #3860 ) ;
#2686 = CARTESIAN_POINT ( 'NONE',  ( -2.032604911331567621, 1.035000000000000364, -1.695000000000000062 ) ) ;
#2687 = EDGE_LOOP ( 'NONE', ( #1128, #3033, #3944, #3622 ) ) ;
#2688 = VECTOR ( 'NONE', #142, 1000.000000000000000 ) ;
#2689 = DIRECTION ( 'NONE',  ( -0.000000000000000000, -0.000000000000000000, -1.000000000000000000 ) ) ;
#2690 = EDGE_CURVE ( 'NONE', #3024, #198, #2216, .T. ) ;
#2691 = FACE_OUTER_BOUND ( 'NONE', #2385, .T. ) ;
#2692 = CARTESIAN_POINT ( 'NONE',  ( -2.391595276781875334, 0.04147067614532087831, -2.115000000000000213 ) ) ;
#2693 = DIRECTION ( 'NONE',  ( -2.891205793294679017E-15, 0.000000000000000000, -1.000000000000000000 ) ) ;
#2694 = DIRECTION ( 'NONE',  ( -1.000000000000000000, 0.000000000000000000, 0.000000000000000000 ) ) ;
#2695 = ORIENTED_EDGE ( 'NONE', *, *, #4238, .T. ) ;
#2696 = EDGE_CURVE ( 'NONE', #960, #4930, #245, .T. ) ;
#2697 = EDGE_LOOP ( 'NONE', ( #4692, #736, #4368, #1887 ) ) ;
#2698 = DIRECTION ( 'NONE',  ( -0.9902680687415703620, -0.1391731009600657432, 8.764496256919481019E-17 ) ) ;
#2699 = LINE ( 'NONE', #2738, #4445 ) ;
#2700 = CARTESIAN_POINT ( 'NONE',  ( 2.159999999999999698, 0.2499999999999997224, 1.694999999999999840 ) ) ;
#2701 = ADVANCED_FACE ( 'NONE', ( #456 ), #4017, .F. ) ;
#2702 = FACE_OUTER_BOUND ( 'NONE', #1689, .T. ) ;
#2703 = ORIENTED_EDGE ( 'NONE', *, *, #2341, .F. ) ;
#2704 = DIRECTION ( 'NONE',  ( 0.1736481776669306643, -0.9848077530122080203, 0.000000000000000000 ) ) ;
#2705 = DIRECTION ( 'NONE',  ( -1.000000000000000000, 0.000000000000000000, 0.000000000000000000 ) ) ;
#2706 = VERTEX_POINT ( 'NONE', #828 ) ;
#2707 = EDGE_CURVE ( 'NONE', #3913, #501, #2241, .T. ) ;
#2708 = AXIS2_PLACEMENT_3D ( 'NONE', #4185, #4149, #4542 ) ;
#2709 = LINE ( 'NONE', #4654, #4555 ) ;
#2710 = DIRECTION ( 'NONE',  ( 0.000000000000000000, 0.000000000000000000, 1.000000000000000000 ) ) ;
#2711 = SPHERICAL_SURFACE ( 'NONE', #267, 0.1499999999999999944 ) ;
#2712 =( BOUNDED_CURVE ( )  B_SPLINE_CURVE ( 3, ( #1679, #4032, #4456, #2885 ),
 .UNSPECIFIED., .F., .F. ) 
 B_SPLINE_CURVE_WITH_KNOTS ( ( 4, 4 ),
 ( 2.365879671860814604, 3.917305635318776513 ),
 .UNSPECIFIED. ) 
 CURVE ( )  GEOMETRIC_REPRESENTATION_ITEM ( )  RATIONAL_B_SPLINE_CURVE ( ( 1.000000000000000000, 0.8092813118237091041, 0.8092813118237091041, 1.000000000000000000 ) ) 
 REPRESENTATION_ITEM ( '' )  );
#2713 = VERTEX_POINT ( 'NONE', #2074 ) ;
#2714 = CARTESIAN_POINT ( 'NONE',  ( 2.984653575776291756, 6.428775942946129489E-16, -0.4250000000000000444 ) ) ;
#2715 = ADVANCED_FACE ( 'NONE', ( #2260 ), #2232, .F. ) ;
#2716 = EDGE_LOOP ( 'NONE', ( #2113, #2119, #163, #2035 ) ) ;
#2717 = DIRECTION ( 'NONE',  ( 0.000000000000000000, 0.9902680687415703620, 0.1391731009600657432 ) ) ;
#2718 = EDGE_CURVE ( 'NONE', #4478, #264, #595, .T. ) ;
#2719 = CARTESIAN_POINT ( 'NONE',  ( 2.065197525627158193, 0.7876515493654663302, -0.8450000000000000844 ) ) ;
#2720 = AXIS2_PLACEMENT_3D ( 'NONE', #4857, #1224, #2396 ) ;
#2721 = FACE_OUTER_BOUND ( 'NONE', #3752, .T. ) ;
#2722 = ORIENTED_EDGE ( 'NONE', *, *, #1469, .T. ) ;
#2723 = DIRECTION ( 'NONE',  ( 1.000000000000000000, 0.000000000000000000, -0.000000000000000000 ) ) ;
#2724 = CARTESIAN_POINT ( 'NONE',  ( 1.800968516274153108, 0.8149833139698946516, 2.449997654931399094 ) ) ;
#2725 = ORIENTED_EDGE ( 'NONE', *, *, #2521, .T. ) ;
#2726 = DIRECTION ( 'NONE',  ( -1.000000000000000000, 0.000000000000000000, 2.224004456380521903E-16 ) ) ;
#2727 = LINE ( 'NONE', #4686, #4472 ) ;
#2728 = CARTESIAN_POINT ( 'NONE',  ( 2.391595276781875334, 0.04147067614532087831, -0.4250000000000000444 ) ) ;
#2729 = EDGE_CURVE ( 'NONE', #4579, #338, #4057, .T. ) ;
#2730 = CARTESIAN_POINT ( 'NONE',  ( -2.376657705662685416, 0.2882025990867243537, -0.4250000000000000444 ) ) ;
#2731 = LINE ( 'NONE', #3331, #2772 ) ;
#2732 = CARTESIAN_POINT ( 'NONE',  ( 2.032604911331567621, 0.7819045920933291871, -0.8450000000000000844 ) ) ;
#2733 = CARTESIAN_POINT ( 'NONE',  ( 2.391595276781875334, 0.04147067614532087831, -2.115000000000000213 ) ) ;
#2734 = EDGE_CURVE ( 'NONE', #2395, #4505, #3942, .T. ) ;
#2735 = EDGE_LOOP ( 'NONE', ( #4140, #2268, #994, #781 ) ) ;
#2736 =( GEOMETRIC_REPRESENTATION_CONTEXT ( 3 ) GLOBAL_UNCERTAINTY_ASSIGNED_CONTEXT ( ( #1314 ) ) GLOBAL_UNIT_ASSIGNED_CONTEXT ( ( #5136, #1927, #3163 ) ) REPRESENTATION_CONTEXT ( 'NONE', 'WORKASPACE' ) );
#2737 = ORIENTED_EDGE ( 'NONE', *, *, #3061, .F. ) ;
#2738 = CARTESIAN_POINT ( 'NONE',  ( 2.281855231289845243, 0.8258541484521909615, -2.115000000000000213 ) ) ;
#2739 = LINE ( 'NONE', #4934, #2688 ) ;
#2740 = PLANE ( 'NONE',  #1818 ) ;
#2741 = LINE ( 'NONE', #3235, #2873 ) ;
#2742 = EDGE_LOOP ( 'NONE', ( #1910, #451, #4546, #4071 ) ) ;
#2743 = SURFACE_SIDE_STYLE ('',( #4161 ) ) ;
#2744 = CARTESIAN_POINT ( 'NONE',  ( -2.999999999999999556, 0.2194640910571620529, 1.694999999999999840 ) ) ;
#2745 = EDGE_LOOP ( 'NONE', ( #4924, #5101, #4191, #5002 ) ) ;
#2746 = AXIS2_PLACEMENT_3D ( 'NONE', #3463, #1733, #2694 ) ;
#2747 = LINE ( 'NONE', #3846, #1055 ) ;
#2748 = FACE_OUTER_BOUND ( 'NONE', #468, .T. ) ;
#2749 = VERTEX_POINT ( 'NONE', #523 ) ;
#2750 = DIRECTION ( 'NONE',  ( 0.000000000000000000, 0.000000000000000000, 1.000000000000000000 ) ) ;
#2751 = DIRECTION ( 'NONE',  ( 0.000000000000000000, -0.000000000000000000, -1.000000000000000000 ) ) ;
#2752 = ORIENTED_EDGE ( 'NONE', *, *, #4424, .T. ) ;
#2753 = EDGE_CURVE ( 'NONE', #2685, #2082, #2310, .T. ) ;
#2754 = CARTESIAN_POINT ( 'NONE',  ( -1.949992964849197374, 1.035050057699016257, 2.301452754537961720 ) ) ;
#2755 = DIRECTION ( 'NONE',  ( -1.000000000000000000, 0.000000000000000000, 0.000000000000000000 ) ) ;
#2756 = VECTOR ( 'NONE', #4349, 1000.000000000000000 ) ;
#2757 = CARTESIAN_POINT ( 'NONE',  ( -2.032604911331567621, 0.8149999999999995026, 0.8450000000000000844 ) ) ;
#2758 = AXIS2_PLACEMENT_3D ( 'NONE', #339, #727, #3487 ) ;
#2759 = PLANE ( 'NONE',  #4672 ) ;
#2760 = FACE_OUTER_BOUND ( 'NONE', #4491, .T. ) ;
#2761 = ORIENTED_EDGE ( 'NONE', *, *, #1, .T. ) ;
#2762 = DIRECTION ( 'NONE',  ( -1.000000000000000000, 0.000000000000000000, 0.000000000000000000 ) ) ;
#2763 = ADVANCED_FACE ( 'NONE', ( #507 ), #815, .F. ) ;
#2764 = CARTESIAN_POINT ( 'NONE',  ( 1.800968516274151776, 0.8149833139698949847, -2.449997654931398205 ) ) ;
#2765 = ORIENTED_EDGE ( 'NONE', *, *, #1061, .T. ) ;
#2766 = DIRECTION ( 'NONE',  ( 0.1378445374916288935, 0.9808148484639890308, -0.1378445374916289490 ) ) ;
#2767 = EDGE_CURVE ( 'NONE', #1326, #4079, #2275, .T. ) ;
#2768 = FACE_OUTER_BOUND ( 'NONE', #600, .T. ) ;
#2769 = CARTESIAN_POINT ( 'NONE',  ( 2.999999999999999556, 0.2194640910571620529, 2.114999999999999769 ) ) ;
#2770 = EDGE_CURVE ( 'NONE', #461, #664, #3981, .T. ) ;
#2771 = CARTESIAN_POINT ( 'NONE',  ( -2.065197525627158193, 0.7876515493654663302, 2.114999999999999769 ) ) ;
#2772 = VECTOR ( 'NONE', #2642, 1000.000000000000114 ) ;
#2773 = DIRECTION ( 'NONE',  ( -0.9975640502598243087, 0.06975647374412446977, 0.000000000000000000 ) ) ;
#2774 = ORIENTED_EDGE ( 'NONE', *, *, #3101, .T. ) ;
#2775 = ORIENTED_EDGE ( 'NONE', *, *, #464, .F. ) ;
#2776 = DIRECTION ( 'NONE',  ( -0.000000000000000000, -0.000000000000000000, -1.000000000000000000 ) ) ;
#2777 = UNCERTAINTY_MEASURE_WITH_UNIT (LENGTH_MEASURE( 1.000000000000000082E-05 ), #4220, 'distance_accuracy_value', 'NONE');
#2778 = VECTOR ( 'NONE', #2948, 1000.000000000000114 ) ;
#2779 = DIRECTION ( 'NONE',  ( 0.000000000000000000, -0.000000000000000000, -1.000000000000000000 ) ) ;
#2780 = ORIENTED_EDGE ( 'NONE', *, *, #2442, .T. ) ;
#2781 = FILL_AREA_STYLE_COLOUR ( '', #2415 ) ;
#2782 = STYLED_ITEM ( 'NONE', ( #5096 ), #1755 ) ;
#2783 = CARTESIAN_POINT ( 'NONE',  ( 2.409250319958275544, 0.2939495563588615523, -1.695000000000000062 ) ) ;
#2784 = ORIENTED_EDGE ( 'NONE', *, *, #3641, .F. ) ;
#2785 = VECTOR ( 'NONE', #4552, 1000.000000000000114 ) ;
#2786 = FACE_OUTER_BOUND ( 'NONE', #2961, .T. ) ;
#2787 = ORIENTED_EDGE ( 'NONE', *, *, #3847, .F. ) ;
#2788 = DIRECTION ( 'NONE',  ( -0.000000000000000000, -0.000000000000000000, -1.000000000000000000 ) ) ;
#2789 = AXIS2_PLACEMENT_3D ( 'NONE', #3932, #4888, #4333 ) ;
#2790 = EDGE_LOOP ( 'NONE', ( #4048, #608, #3193, #4614 ) ) ;
#2791 = DIRECTION ( 'NONE',  ( 0.1736481776669306365, 0.9848077530122080203, -0.000000000000000000 ) ) ;
#2792 = PLANE ( 'NONE',  #1979 ) ;
#2793 = CARTESIAN_POINT ( 'NONE',  ( 2.984653575776291756, 6.428775942946129489E-16, -1.695000000000000062 ) ) ;
#2794 = VECTOR ( 'NONE', #1854, 1000.000000000000114 ) ;
#2795 = CARTESIAN_POINT ( 'NONE',  ( 1.205000000000001181, 4.336330872555478777, 1.650000000000000355 ) ) ;
#2796 = DIRECTION ( 'NONE',  ( -0.000000000000000000, 0.000000000000000000, 1.000000000000000000 ) ) ;
#2797 = ADVANCED_FACE ( 'NONE', ( #567 ), #3182, .T. ) ;
#2798 = FACE_OUTER_BOUND ( 'NONE', #128, .T. ) ;
#2799 = EDGE_LOOP ( 'NONE', ( #2332, #4115, #1533, #1210 ) ) ;
#2800 = EDGE_CURVE ( 'NONE', #2162, #544, #2187, .T. ) ;
#2801 = DIRECTION ( 'NONE',  ( 0.9975640502598241977, 0.06975647374412569102, -0.000000000000000000 ) ) ;
#2802 = EDGE_LOOP ( 'NONE', ( #2765, #1514, #3273, #742 ) ) ;
#2803 = AXIS2_PLACEMENT_3D ( 'NONE', #2038, #847, #4433 ) ;
#2804 = FACE_OUTER_BOUND ( 'NONE', #1568, .T. ) ;
#2805 = CARTESIAN_POINT ( 'NONE',  ( 1.949999999999998179, 1.034999999999999698, -2.449999999999997513 ) ) ;
#2806 = EDGE_CURVE ( 'NONE', #4101, #1518, #3997, .T. ) ;
#2807 = LINE ( 'NONE', #580, #1102 ) ;
#2808 = DIRECTION ( 'NONE',  ( -1.000000000000000000, 0.000000000000000000, 0.000000000000000000 ) ) ;
#2809 = ORIENTED_EDGE ( 'NONE', *, *, #3094, .T. ) ;
#2810 = ADVANCED_FACE ( 'NONE', ( #3988 ), #5150, .T. ) ;
#2811 = ORIENTED_EDGE ( 'NONE', *, *, #2823, .T. ) ;
#2812 = VECTOR ( 'NONE', #462, 1000.000000000000000 ) ;
#2813 = EDGE_CURVE ( 'NONE', #960, #3056, #607, .T. ) ;
#2814 = DIRECTION ( 'NONE',  ( 0.000000000000000000, 0.000000000000000000, 1.000000000000000000 ) ) ;
#2815 = FACE_OUTER_BOUND ( 'NONE', #1113, .T. ) ;
#2816 = AXIS2_PLACEMENT_3D ( 'NONE', #4066, #5156, #1572 ) ;
#2817 = ORIENTED_EDGE ( 'NONE', *, *, #276, .F. ) ;
#2818 = DIRECTION ( 'NONE',  ( -0.06975647374412569102, -0.9975640502598241977, 0.000000000000000000 ) ) ;
#2819 = FILL_AREA_STYLE ('',( #5068 ) ) ;
#2820 = ORIENTED_EDGE ( 'NONE', *, *, #4942, .F. ) ;
#2821 = CIRCLE ( 'NONE', #1634, 0.2530954079066711770 ) ;
#2822 = CARTESIAN_POINT ( 'NONE',  ( 1.949999999999998179, 0.8149999999999995026, -2.299999999999997158 ) ) ;
#2823 = EDGE_CURVE ( 'NONE', #4787, #826, #4046, .T. ) ;
#2824 = VECTOR ( 'NONE', #3897, 1000.000000000000000 ) ;
#2825 = EDGE_LOOP ( 'NONE', ( #2200, #2017, #251, #4034 ) ) ;
#2826 = CARTESIAN_POINT ( 'NONE',  ( -2.065197525627158637, 0.7876515493654663302, 0.8450000000000000844 ) ) ;
#2827 = EDGE_CURVE ( 'NONE', #5184, #4079, #585, .T. ) ;
#2828 = CARTESIAN_POINT ( 'NONE',  ( 2.032604911331567621, 0.8149999999999995026, -1.695000000000000062 ) ) ;
#2829 = VERTEX_POINT ( 'NONE', #5124 ) ;
#2830 = DIRECTION ( 'NONE',  ( 0.1736481776669290544, -0.9848077530122082424, 0.000000000000000000 ) ) ;
#2831 = DIRECTION ( 'NONE',  ( -0.9848077530122083534, -0.1736481776669290544, 0.000000000000000000 ) ) ;
#2832 = DIRECTION ( 'NONE',  ( -0.000000000000000000, 0.000000000000000000, 1.000000000000000000 ) ) ;
#2833 = LINE ( 'NONE', #1513, #981 ) ;
#2834 = CARTESIAN_POINT ( 'NONE',  ( 1.205000000000001181, 0.2500000000000002220, 1.649999999999999911 ) ) ;
#2835 = ADVANCED_FACE ( 'NONE', ( #3962 ), #1951, .F. ) ;
#2836 =( BOUNDED_CURVE ( )  B_SPLINE_CURVE ( 3, ( #3517, #2724, #2434, #5185 ),
 .UNSPECIFIED., .F., .F. ) 
 B_SPLINE_CURVE_WITH_KNOTS ( ( 4, 4 ),
 ( 3.131907471921327346, 3.141592653589793116 ),
 .UNSPECIFIED. ) 
 CURVE ( )  GEOMETRIC_REPRESENTATION_ITEM ( )  RATIONAL_B_SPLINE_CURVE ( ( 1.000000000000000000, 0.9999921831199466427, 0.9999921831199466427, 1.000000000000000000 ) ) 
 REPRESENTATION_ITEM ( '' )  );
#2837 = VECTOR ( 'NONE', #2547, 1000.000000000000114 ) ;
#2838 = EDGE_CURVE ( 'NONE', #2605, #3659, #4084, .T. ) ;
#2839 = ORIENTED_EDGE ( 'NONE', *, *, #4332, .F. ) ;
#2840 = DIRECTION ( 'NONE',  ( -0.000000000000000000, -0.000000000000000000, -1.000000000000000000 ) ) ;
#2841 = ORIENTED_EDGE ( 'NONE', *, *, #2956, .F. ) ;
#2842 = DIRECTION ( 'NONE',  ( 0.9975640502598243087, 0.06975647374412462243, 0.000000000000000000 ) ) ;
#2843 = CARTESIAN_POINT ( 'NONE',  ( -1.800000000000000711, 1.034999999999999698, -2.449999999999996625 ) ) ;
#2844 = FACE_OUTER_BOUND ( 'NONE', #4100, .T. ) ;
#2845 = UNCERTAINTY_MEASURE_WITH_UNIT (LENGTH_MEASURE( 1.000000000000000082E-05 ), #2579, 'distance_accuracy_value', 'NONE');
#2846 = ORIENTED_EDGE ( 'NONE', *, *, #3297, .T. ) ;
#2847 = ORIENTED_EDGE ( 'NONE', *, *, #4736, .F. ) ;
#2848 = CARTESIAN_POINT ( 'NONE',  ( 1.949992964849195154, 0.8149499423009829435, -2.301452754537959056 ) ) ;
#2849 = EDGE_CURVE ( 'NONE', #1751, #993, #475, .T. ) ;
#2850 = LINE ( 'NONE', #2094, #1076 ) ;
#2851 = MECHANICAL_DESIGN_GEOMETRIC_PRESENTATION_REPRESENTATION (  '', ( #406 ), #1864 ) ;
#2852 = DIRECTION ( 'NONE',  ( 0.000000000000000000, -1.000000000000000000, 0.000000000000000000 ) ) ;
#2853 = LINE ( 'NONE', #1313, #4521 ) ;
#2854 = ORIENTED_EDGE ( 'NONE', *, *, #355, .T. ) ;
#2855 =( LENGTH_UNIT ( ) NAMED_UNIT ( * ) SI_UNIT ( .MILLI., .METRE. ) );
#2856 = DIRECTION ( 'NONE',  ( -0.000000000000000000, -0.000000000000000000, -1.000000000000000000 ) ) ;
#2857 = CARTESIAN_POINT ( 'NONE',  ( -2.032604911331567621, 1.035000000000000364, -1.695000000000000062 ) ) ;
#2858 = DIRECTION ( 'NONE',  ( -1.000000000000000000, 0.000000000000000000, 0.000000000000000000 ) ) ;
#2859 = ORIENTED_EDGE ( 'NONE', *, *, #2560, .T. ) ;
#2860 = LINE ( 'NONE', #4125, #1015 ) ;
#2861 = DIRECTION ( 'NONE',  ( 1.000000000000000000, 0.000000000000000000, 0.000000000000000000 ) ) ;
#2862 = CARTESIAN_POINT ( 'NONE',  ( -2.281855231289845243, 0.8258541484521909615, -1.695000000000000062 ) ) ;
#2863 = AXIS2_PLACEMENT_3D ( 'NONE', #1867, #2246, #3069 ) ;
#2864 = EDGE_CURVE ( 'NONE', #1909, #4794, #2204, .T. ) ;
#2865 = EDGE_LOOP ( 'NONE', ( #1903, #1868, #4550, #811 ) ) ;
#2866 = DIRECTION ( 'NONE',  ( 0.000000000000000000, 1.000000000000000000, 0.000000000000000000 ) ) ;
#2867 = ORIENTED_EDGE ( 'NONE', *, *, #297, .F. ) ;
#2868 = DIRECTION ( 'NONE',  ( -0.000000000000000000, -0.000000000000000000, -1.000000000000000000 ) ) ;
#2869 = CARTESIAN_POINT ( 'NONE',  ( 1.205000000000001181, 4.336330872555478777, -1.649999999999999467 ) ) ;
#2870 = VECTOR ( 'NONE', #916, 1000.000000000000000 ) ;
#2871 = DIRECTION ( 'NONE',  ( -1.000000000000000000, 0.000000000000000000, 0.000000000000000000 ) ) ;
#2872 = CARTESIAN_POINT ( 'NONE',  ( 1.726147334250473842, 0.3000000000000005440, -2.226147334250473175 ) ) ;
#2873 = VECTOR ( 'NONE', #4390, 1000.000000000000114 ) ;
#2874 = ORIENTED_EDGE ( 'NONE', *, *, #4189, .F. ) ;
#2875 = EDGE_CURVE ( 'NONE', #3149, #5121, #64, .T. ) ;
#2876 = APPLICATION_PROTOCOL_DEFINITION ( 'draft international standard', 'automotive_design', 1998, #2473 ) ;
#2877 = ORIENTED_EDGE ( 'NONE', *, *, #951, .F. ) ;
#2878 = VECTOR ( 'NONE', #3976, 1000.000000000000114 ) ;
#2879 = ADVANCED_FACE ( 'NONE', ( #537 ), #2347, .T. ) ;
#2880 = CARTESIAN_POINT ( 'NONE',  ( 2.999999999999999556, 0.2194640910571620529, 0.8450000000000000844 ) ) ;
#2881 = DIRECTION ( 'NONE',  ( 1.000000000000000000, 0.000000000000000000, 0.000000000000000000 ) ) ;
#2882 = ORIENTED_EDGE ( 'NONE', *, *, #2479, .T. ) ;
#2883 = ORIENTED_EDGE ( 'NONE', *, *, #4268, .T. ) ;
#2884 = EDGE_CURVE ( 'NONE', #4738, #3426, #2337, .T. ) ;
#2885 = CARTESIAN_POINT ( 'NONE',  ( 1.801452754537960388, 1.035050057699015813, 2.449992964849195154 ) ) ;
#2886 = LINE ( 'NONE', #4129, #2909 ) ;
#2887 = AXIS2_PLACEMENT_3D ( 'NONE', #2892, #3611, #1612 ) ;
#2888 = CARTESIAN_POINT ( 'NONE',  ( -1.950000000000000400, 0.8149999999999995026, 0.8450000000000000844 ) ) ;
#2889 = CARTESIAN_POINT ( 'NONE',  ( 2.999999999999999556, 0.2194640910571620529, -0.8450000000000000844 ) ) ;
#2890 = VECTOR ( 'NONE', #4139, 1000.000000000000000 ) ;
#2891 = ORIENTED_EDGE ( 'NONE', *, *, #3346, .F. ) ;
#2892 = CARTESIAN_POINT ( 'NONE',  ( 1.726147334250473842, 0.3000000000000005440, -2.226147334250473175 ) ) ;
#2893 = VERTEX_POINT ( 'NONE', #898 ) ;
#2894 = DIRECTION ( 'NONE',  ( 0.000000000000000000, -1.000000000000000000, 0.000000000000000000 ) ) ;
#2895 = DIRECTION ( 'NONE',  ( 0.1736481776669290544, 0.9848077530122083534, 0.000000000000000000 ) ) ;
#2896 = DIRECTION ( 'NONE',  ( -0.000000000000000000, -0.000000000000000000, -1.000000000000000000 ) ) ;
#2897 = ORIENTED_EDGE ( 'NONE', *, *, #2548, .T. ) ;
#2898 = EDGE_CURVE ( 'NONE', #2527, #3898, #498, .T. ) ;
#2899 = LINE ( 'NONE', #4913, #4741 ) ;
#2900 =( BOUNDED_CURVE ( )  B_SPLINE_CURVE ( 3, ( #2598, #2182, #4607, #4916 ),
 .UNSPECIFIED., .F., .F. ) 
 B_SPLINE_CURVE_WITH_KNOTS ( ( 4, 4 ),
 ( 5.507472325450615713, 7.058898288908567409 ),
 .UNSPECIFIED. ) 
 CURVE ( )  GEOMETRIC_REPRESENTATION_ITEM ( )  RATIONAL_B_SPLINE_CURVE ( ( 1.000000000000000000, 0.8092813118237114356, 0.8092813118237114356, 1.000000000000000000 ) ) 
 REPRESENTATION_ITEM ( '' )  );
#2901 = EDGE_CURVE ( 'NONE', #2664, #922, #2116, .T. ) ;
#2902 = CIRCLE ( 'NONE', #3451, 0.03309540790667059307 ) ;
#2903 = VERTEX_POINT ( 'NONE', #3855 ) ;
#2904 = EDGE_LOOP ( 'NONE', ( #1704, #1219, #4682, #4175 ) ) ;
#2905 = EDGE_LOOP ( 'NONE', ( #3671, #4648, #78, #4725, #4784, #22, #2941, #4747, #1872, #1949, #3592, #1963 ) ) ;
#2906 = CARTESIAN_POINT ( 'NONE',  ( -2.409250319958275544, 0.2939495563588615523, 0.8450000000000000844 ) ) ;
#2907 =( BOUNDED_CURVE ( )  B_SPLINE_CURVE ( 3, ( #2172, #1427, #1683, #2520 ),
 .UNSPECIFIED., .F., .F. ) 
 B_SPLINE_CURVE_WITH_KNOTS ( ( 4, 4 ),
 ( 6.273500125511116465, 6.283185307179586232 ),
 .UNSPECIFIED. ) 
 CURVE ( )  GEOMETRIC_REPRESENTATION_ITEM ( )  RATIONAL_B_SPLINE_CURVE ( ( 1.000000000000000000, 0.9999921831199466427, 0.9999921831199466427, 1.000000000000000000 ) ) 
 REPRESENTATION_ITEM ( '' )  );
#2908 = DIRECTION ( 'NONE',  ( 0.000000000000000000, 0.000000000000000000, 1.000000000000000000 ) ) ;
#2909 = VECTOR ( 'NONE', #4938, 1000.000000000000000 ) ;
#2910 = CARTESIAN_POINT ( 'NONE',  ( 1.949999999999999512, 0.8149999999999995026, 2.449999999999998401 ) ) ;
#2911 = EDGE_CURVE ( 'NONE', #4940, #1021, #383, .T. ) ;
#2912 = LINE ( 'NONE', #1125, #1095 ) ;
#2913 = ORIENTED_EDGE ( 'NONE', *, *, #1420, .F. ) ;
#2914 = ORIENTED_EDGE ( 'NONE', *, *, #998, .T. ) ;
#2915 = ORIENTED_EDGE ( 'NONE', *, *, #1008, .F. ) ;
#2916 = CYLINDRICAL_SURFACE ( 'NONE', #4490, 0.1500000000000000777 ) ;
#2917 = CARTESIAN_POINT ( 'NONE',  ( -2.391595276781875334, 0.04147067614532114893, -0.4250000000000000444 ) ) ;
#2918 = CARTESIAN_POINT ( 'NONE',  ( -1.726147334250476506, 0.3000000000000005440, -2.226147334250472287 ) ) ;
#2919 = LINE ( 'NONE', #235, #4763 ) ;
#2920 = CARTESIAN_POINT ( 'NONE',  ( -2.406941701005582690, 0.2609347672024824316, -0.4250000000000000444 ) ) ;
#2921 = ORIENTED_EDGE ( 'NONE', *, *, #1642, .F. ) ;
#2922 = ORIENTED_EDGE ( 'NONE', *, *, #4261, .F. ) ;
#2923 = AXIS2_PLACEMENT_3D ( 'NONE', #985, #3315, #525 ) ;
#2924 = ORIENTED_EDGE ( 'NONE', *, *, #1420, .T. ) ;
#2925 = CARTESIAN_POINT ( 'NONE',  ( -1.950000000000000400, 0.8149999999999995026, -0.4250000000000000444 ) ) ;
#2926 = CYLINDRICAL_SURFACE ( 'NONE', #2720, 0.03309540790667059307 ) ;
#2927 = DIRECTION ( 'NONE',  ( 0.000000000000000000, 0.000000000000000000, 1.000000000000000000 ) ) ;
#2928 = FACE_OUTER_BOUND ( 'NONE', #3656, .T. ) ;
#2929 = ORIENTED_EDGE ( 'NONE', *, *, #1964, .T. ) ;
#2930 = CARTESIAN_POINT ( 'NONE',  ( -2.999999999999999556, 0.2194640910571620529, 0.8450000000000000844 ) ) ;
#2931 = ORIENTED_EDGE ( 'NONE', *, *, #4530, .F. ) ;
#2932 = CARTESIAN_POINT ( 'NONE',  ( 1.804282219532240328, 0.8350826318518271840, 2.452822429843474872 ) ) ;
#2933 = CARTESIAN_POINT ( 'NONE',  ( 2.032604911331567621, 0.8149999999999995026, 2.114999999999999769 ) ) ;
#2934 = ORIENTED_EDGE ( 'NONE', *, *, #3068, .T. ) ;
#2935 = AXIS2_PLACEMENT_3D ( 'NONE', #1577, #350, #3160 ) ;
#2936 = LINE ( 'NONE', #4467, #4619 ) ;
#2937 = EDGE_CURVE ( 'NONE', #3724, #2437, #3866, .T. ) ;
#2938 = PLANE ( 'NONE',  #3203 ) ;
#2939 = LINE ( 'NONE', #3449, #3062 ) ;
#2940 = ORIENTED_EDGE ( 'NONE', *, *, #4414, .F. ) ;
#2941 = ORIENTED_EDGE ( 'NONE', *, *, #2253, .T. ) ;
#2942 = CARTESIAN_POINT ( 'NONE',  ( 1.949999999999999512, 1.034999999999999698, 2.299999999999998046 ) ) ;
#2943 = ORIENTED_EDGE ( 'NONE', *, *, #3740, .T. ) ;
#2944 = CARTESIAN_POINT ( 'NONE',  ( -1.800484260976135120, 0.8149999999999995026, -2.449999999999996625 ) ) ;
#2945 = DIRECTION ( 'NONE',  ( 2.202360597892585206E-16, 0.1391731009600657432, 0.9902680687415703620 ) ) ;
#2946 = FACE_OUTER_BOUND ( 'NONE', #2242, .T. ) ;
#2947 = CARTESIAN_POINT ( 'NONE',  ( 2.406941701005582690, 0.2609347672024824316, 2.114999999999999769 ) ) ;
#2948 = DIRECTION ( 'NONE',  ( -0.06975647374412569102, -0.9975640502598241977, 0.000000000000000000 ) ) ;
#2949 = LINE ( 'NONE', #5180, #4722 ) ;
#2950 = AXIS2_PLACEMENT_3D ( 'NONE', #2326, #2153, #2130 ) ;
#2951 = VERTEX_POINT ( 'NONE', #1041 ) ;
#2952 = ORIENTED_EDGE ( 'NONE', *, *, #370, .T. ) ;
#2953 = ORIENTED_EDGE ( 'NONE', *, *, #3476, .T. ) ;
#2954 = CARTESIAN_POINT ( 'NONE',  ( 2.281855231289845243, 0.8258541484521909615, -1.695000000000000062 ) ) ;
#2955 =( NAMED_UNIT ( * ) PLANE_ANGLE_UNIT ( ) SI_UNIT ( $, .RADIAN. ) );
#2956 = EDGE_CURVE ( 'NONE', #2254, #4000, #393, .T. ) ;
#2957 = CARTESIAN_POINT ( 'NONE',  ( -2.065197525627158193, 0.7876515493654663302, 1.694999999999999840 ) ) ;
#2958 = ORIENTED_EDGE ( 'NONE', *, *, #810, .T. ) ;
#2959 = VERTEX_POINT ( 'NONE', #2968 ) ;
#2960 = PRESENTATION_LAYER_ASSIGNMENT (  '', '', ( #4515 ) ) ;
#2961 = EDGE_LOOP ( 'NONE', ( #3566, #3485, #1379 ) ) ;
#2962 = CARTESIAN_POINT ( 'NONE',  ( 1.949999999999998179, 1.034999999999999698, -2.449999999999997513 ) ) ;
#2963 = FACE_OUTER_BOUND ( 'NONE', #53, .T. ) ;
#2964 = EDGE_CURVE ( 'NONE', #2537, #616, #712, .T. ) ;
#2965 = VERTEX_POINT ( 'NONE', #231 ) ;
#2966 = DIRECTION ( 'NONE',  ( 0.000000000000000000, 0.000000000000000000, -1.000000000000000000 ) ) ;
#2967 = EDGE_LOOP ( 'NONE', ( #4042, #431, #180, #3947 ) ) ;
#2968 = CARTESIAN_POINT ( 'NONE',  ( 1.726147334250474508, 1.570875965144010067, 2.374687544561709274 ) ) ;
#2969 = DIRECTION ( 'NONE',  ( 0.9975640502598243087, -0.06975647374412462243, 0.000000000000000000 ) ) ;
#2970 = VERTEX_POINT ( 'NONE', #2679 ) ;
#2971 = EDGE_CURVE ( 'NONE', #1801, #478, #653, .T. ) ;
#2972 = VECTOR ( 'NONE', #1154, 1000.000000000000000 ) ;
#2973 = PLANE ( 'NONE',  #205 ) ;
#2974 = PLANE ( 'NONE',  #2025 ) ;
#2975 = FACE_OUTER_BOUND ( 'NONE', #442, .T. ) ;
#2976 = ORIENTED_EDGE ( 'NONE', *, *, #1863, .F. ) ;
#2977 = ORIENTED_EDGE ( 'NONE', *, *, #1088, .F. ) ;
#2978 = DIRECTION ( 'NONE',  ( -1.000000000000000000, 0.000000000000000000, 0.000000000000000000 ) ) ;
#2979 = ORIENTED_EDGE ( 'NONE', *, *, #4177, .F. ) ;
#2980 = DIRECTION ( 'NONE',  ( 0.000000000000000000, -1.000000000000000000, 0.000000000000000000 ) ) ;
#2981 = CIRCLE ( 'NONE', #1674, 0.2530954079066702889 ) ;
#2982 = AXIS2_PLACEMENT_3D ( 'NONE', #1395, #2452, #514 ) ;
#2983 = CARTESIAN_POINT ( 'NONE',  ( 2.409250319958275544, 0.2939495563588615523, 0.8450000000000000844 ) ) ;
#2984 = ADVANCED_FACE ( 'NONE', ( #695 ), #3418, .F. ) ;
#2985 = VECTOR ( 'NONE', #1722, 1000.000000000000000 ) ;
#2986 = ORIENTED_EDGE ( 'NONE', *, *, #3143, .T. ) ;
#2987 = EDGE_LOOP ( 'NONE', ( #842, #1876, #4887, #905 ) ) ;
#2988 = UNCERTAINTY_MEASURE_WITH_UNIT (LENGTH_MEASURE( 1.000000000000000082E-05 ), #3906, 'distance_accuracy_value', 'NONE');
#2989 = ORIENTED_EDGE ( 'NONE', *, *, #4441, .F. ) ;
#2990 = LINE ( 'NONE', #3320, #1233 ) ;
#2991 = CARTESIAN_POINT ( 'NONE',  ( -1.949992964849198041, 1.035050057699016035, -2.301452754537958167 ) ) ;
#2992 = AXIS2_PLACEMENT_3D ( 'NONE', #635, #1020, #1442 ) ;
#2993 = FACE_OUTER_BOUND ( 'NONE', #5176, .T. ) ;
#2994 = MANIFOLD_SOLID_BREP ( 'LPattern1[5]', #2053 ) ;
#2995 = EDGE_CURVE ( 'NONE', #1318, #4917, #2457, .T. ) ;
#2996 = ORIENTED_EDGE ( 'NONE', *, *, #810, .F. ) ;
#2997 = ORIENTED_EDGE ( 'NONE', *, *, #1948, .F. ) ;
#2998 = ORIENTED_EDGE ( 'NONE', *, *, #613, .F. ) ;
#2999 = CIRCLE ( 'NONE', #4416, 0.1499999999999999667 ) ;
#3000 = DIRECTION ( 'NONE',  ( -0.000000000000000000, -0.000000000000000000, -1.000000000000000000 ) ) ;
#3001 = LINE ( 'NONE', #5110, #1316 ) ;
#3002 = AXIS2_PLACEMENT_3D ( 'NONE', #4186, #3393, #3809 ) ;
#3003 = VERTEX_POINT ( 'NONE', #4172 ) ;
#3004 = CARTESIAN_POINT ( 'NONE',  ( 2.406941701005582690, 0.2609347672024824316, 0.4250000000000000444 ) ) ;
#3005 = EDGE_LOOP ( 'NONE', ( #3099, #4708, #539, #3237 ) ) ;
#3006 = CARTESIAN_POINT ( 'NONE',  ( -2.406941701005582690, 0.2609347672024824316, -1.695000000000000062 ) ) ;
#3007 = CARTESIAN_POINT ( 'NONE',  ( 2.984653575776291756, 6.428775942946129489E-16, -0.4250000000000000444 ) ) ;
#3008 = CARTESIAN_POINT ( 'NONE',  ( 1.801452754537959056, 0.8149499423009839427, -2.449992964849194266 ) ) ;
#3009 = ORIENTED_EDGE ( 'NONE', *, *, #1973, .T. ) ;
#3010 = AXIS2_PLACEMENT_3D ( 'NONE', #1677, #2091, #4098 ) ;
#3011 = LINE ( 'NONE', #1129, #1172 ) ;
#3012 = DIRECTION ( 'NONE',  ( -0.06975647374412569102, -0.9975640502598241977, 0.000000000000000000 ) ) ;
#3013 = FACE_OUTER_BOUND ( 'NONE', #1675, .T. ) ;
#3014 = ORIENTED_EDGE ( 'NONE', *, *, #4530, .T. ) ;
#3015 = VERTEX_POINT ( 'NONE', #1430 ) ;
#3016 = DIRECTION ( 'NONE',  ( -0.000000000000000000, -0.000000000000000000, -1.000000000000000000 ) ) ;
#3017 = VERTEX_POINT ( 'NONE', #4670 ) ;
#3018 = EDGE_CURVE ( 'NONE', #3392, #3694, #1732, .T. ) ;
#3019 = LINE ( 'NONE', #3590, #4601 ) ;
#3020 = CARTESIAN_POINT ( 'NONE',  ( -1.950000000000000844, 0.8149999999999995026, -2.449999999999996625 ) ) ;
#3021 = ADVANCED_FACE ( 'NONE', ( #799 ), #2213, .T. ) ;
#3022 = AXIS2_PLACEMENT_3D ( 'NONE', #3125, #5129, #707 ) ;
#3023 = DIRECTION ( 'NONE',  ( 1.000000000000000000, 0.000000000000000000, -2.919619327894533816E-15 ) ) ;
#3024 = VERTEX_POINT ( 'NONE', #3041 ) ;
#3025 = ORIENTED_EDGE ( 'NONE', *, *, #4877, .T. ) ;
#3026 = ORIENTED_EDGE ( 'NONE', *, *, #4736, .T. ) ;
#3027 = EDGE_CURVE ( 'NONE', #2965, #1518, #4215, .T. ) ;
#3028 = VECTOR ( 'NONE', #2432, 1000.000000000000000 ) ;
#3029 = CARTESIAN_POINT ( 'NONE',  ( -0.8500000000000007550, 1.600000000000000089, -1.949999999999997291 ) ) ;
#3030 = ADVANCED_FACE ( 'NONE', ( #746 ), #2282, .F. ) ;
#3031 = VECTOR ( 'NONE', #4603, 1000.000000000000000 ) ;
#3032 = CARTESIAN_POINT ( 'NONE',  ( -1.801452754537961276, 0.8149499423009839427, 2.449992964849196042 ) ) ;
#3033 = ORIENTED_EDGE ( 'NONE', *, *, #495, .F. ) ;
#3034 = ORIENTED_EDGE ( 'NONE', *, *, #4969, .T. ) ;
#3035 = ORIENTED_EDGE ( 'NONE', *, *, #1853, .T. ) ;
#3036 = CARTESIAN_POINT ( 'NONE',  ( 1.205000000000001181, 0.2500000000000002220, -1.649999999999999467 ) ) ;
#3037 = LINE ( 'NONE', #4744, #4696 ) ;
#3038 = VERTEX_POINT ( 'NONE', #1359 ) ;
#3039 = DIRECTION ( 'NONE',  ( 0.1378445374916289212, 0.9808148484639890308, 0.1378445374916288935 ) ) ;
#3040 = ORIENTED_EDGE ( 'NONE', *, *, #3853, .T. ) ;
#3041 = CARTESIAN_POINT ( 'NONE',  ( -1.534243157936306723, 1.700000000000000178, 2.226147334250474508 ) ) ;
#3042 = DIRECTION ( 'NONE',  ( 1.000000000000000000, 0.000000000000000000, 0.000000000000000000 ) ) ;
#3043 = CARTESIAN_POINT ( 'NONE',  ( 2.409250319958275544, 0.2939495563588615523, 2.114999999999999769 ) ) ;
#3044 = EDGE_LOOP ( 'NONE', ( #2278, #299, #2165, #3722 ) ) ;
#3045 = LINE ( 'NONE', #3739, #1203 ) ;
#3046 = CIRCLE ( 'NONE', #1450, 0.03309540790667016286 ) ;
#3047 = EDGE_CURVE ( 'NONE', #5112, #1444, #648, .T. ) ;
#3048 = VERTEX_POINT ( 'NONE', #416 ) ;
#3049 = AXIS2_PLACEMENT_3D ( 'NONE', #3695, #4085, #4473 ) ;
#3050 = CARTESIAN_POINT ( 'NONE',  ( 1.726147334250473619, 1.550000000000000266, -2.226147334250473175 ) ) ;
#3051 = VERTEX_POINT ( 'NONE', #2467 ) ;
#3052 = VECTOR ( 'NONE', #150, 1000.000000000000000 ) ;
#3053 = CARTESIAN_POINT ( 'NONE',  ( 2.032604911331567621, 0.7819045920933291871, 0.4250000000000000444 ) ) ;
#3054 = PLANE ( 'NONE',  #1754 ) ;
#3055 = VECTOR ( 'NONE', #4272, 1000.000000000000000 ) ;
#3056 = VERTEX_POINT ( 'NONE', #1257 ) ;
#3057 = VERTEX_POINT ( 'NONE', #392 ) ;
#3058 = AXIS2_PLACEMENT_3D ( 'NONE', #2910, #2360, #62 ) ;
#3059 = CARTESIAN_POINT ( 'NONE',  ( 2.065197525627158637, 0.7876515493654663302, 0.8450000000000000844 ) ) ;
#3060 = ADVANCED_FACE ( 'NONE', ( #2402 ), #3627, .F. ) ;
#3061 = EDGE_CURVE ( 'NONE', #834, #1724, #4224, .T. ) ;
#3062 = VECTOR ( 'NONE', #1012, 1000.000000000000000 ) ;
#3063 = DIRECTION ( 'NONE',  ( -1.000000000000000000, 0.000000000000000000, 0.000000000000000000 ) ) ;
#3064 = ORIENTED_EDGE ( 'NONE', *, *, #990, .T. ) ;
#3065 = ORIENTED_EDGE ( 'NONE', *, *, #374, .T. ) ;
#3066 = CIRCLE ( 'NONE', #4870, 0.03309540790667016286 ) ;
#3067 = AXIS2_PLACEMENT_3D ( 'NONE', #2319, #1139, #4671 ) ;
#3068 = EDGE_CURVE ( 'NONE', #4079, #5097, #718, .T. ) ;
#3069 = DIRECTION ( 'NONE',  ( 1.000000000000000000, 0.000000000000000000, 0.000000000000000000 ) ) ;
#3070 = ADVANCED_FACE ( 'NONE', ( #4206 ), #4891, .F. ) ;
#3071 = DIRECTION ( 'NONE',  ( 0.06975647374412569102, 0.9975640502598241977, 0.000000000000000000 ) ) ;
#3072 = CIRCLE ( 'NONE', #928, 0.1499999999999999667 ) ;
#3073 = EDGE_LOOP ( 'NONE', ( #4641, #1336, #2267, #2882, #1508, #3806, #2129, #107, #4676, #530, #588, #1844 ) ) ;
#3074 = DIRECTION ( 'NONE',  ( -0.000000000000000000, -0.000000000000000000, -1.000000000000000000 ) ) ;
#3075 = CARTESIAN_POINT ( 'NONE',  ( -2.406941701005582690, 0.2609347672024824316, -1.695000000000000062 ) ) ;
#3076 = ORIENTED_EDGE ( 'NONE', *, *, #3313, .T. ) ;
#3077 =( BOUNDED_CURVE ( )  B_SPLINE_CURVE ( 3, ( #1528, #4301, #4812, #2754 ),
 .UNSPECIFIED., .F., .F. ) 
 B_SPLINE_CURVE_WITH_KNOTS ( ( 4, 4 ),
 ( 5.507472325450606832, 7.058898288908556751 ),
 .UNSPECIFIED. ) 
 CURVE ( )  GEOMETRIC_REPRESENTATION_ITEM ( )  RATIONAL_B_SPLINE_CURVE ( ( 1.000000000000000000, 0.8092813118237117687, 0.8092813118237117687, 1.000000000000000000 ) ) 
 REPRESENTATION_ITEM ( '' )  );
#3078 = LINE ( 'NONE', #4227, #4892 ) ;
#3079 = EDGE_CURVE ( 'NONE', #3945, #748, #4198, .T. ) ;
#3080 = CIRCLE ( 'NONE', #2357, 0.2999999999999999334 ) ;
#3081 =( BOUNDED_CURVE ( )  B_SPLINE_CURVE ( 3, ( #2991, #4523, #3402, #2118 ),
 .UNSPECIFIED., .F., .F. ) 
 B_SPLINE_CURVE_WITH_KNOTS ( ( 4, 4 ),
 ( 6.273500125511117353, 6.283185307179586232 ),
 .UNSPECIFIED. ) 
 CURVE ( )  GEOMETRIC_REPRESENTATION_ITEM ( )  RATIONAL_B_SPLINE_CURVE ( ( 1.000000000000000000, 0.9999921831199466427, 0.9999921831199466427, 1.000000000000000000 ) ) 
 REPRESENTATION_ITEM ( '' )  );
#3082 = ORIENTED_EDGE ( 'NONE', *, *, #990, .F. ) ;
#3083 = AXIS2_PLACEMENT_3D ( 'NONE', #4347, #2881, #2056 ) ;
#3084 = ORIENTED_EDGE ( 'NONE', *, *, #3941, .T. ) ;
#3085 = CARTESIAN_POINT ( 'NONE',  ( -2.159999999999999698, 0.2499999999999997224, 2.114999999999999769 ) ) ;
#3086 = VECTOR ( 'NONE', #4006, 1000.000000000000114 ) ;
#3087 = CARTESIAN_POINT ( 'NONE',  ( 2.032604911331567621, 0.7819045920933291871, -0.4250000000000000444 ) ) ;
#3088 = PRESENTATION_STYLE_ASSIGNMENT (( #3895 ) ) ;
#3089 = VECTOR ( 'NONE', #4241, 1000.000000000000000 ) ;
#3090 = EDGE_CURVE ( 'NONE', #4141, #2959, #2356, .T. ) ;
#3091 = CARTESIAN_POINT ( 'NONE',  ( 1.800484260976132678, 1.034999999999999476, -2.449999999999997513 ) ) ;
#3092 = ORIENTED_EDGE ( 'NONE', *, *, #1687, .T. ) ;
#3093 = ORIENTED_EDGE ( 'NONE', *, *, #1778, .F. ) ;
#3094 = EDGE_CURVE ( 'NONE', #2349, #3732, #4127, .T. ) ;
#3095 = SURFACE_SIDE_STYLE ('',( #1404 ) ) ;
#3096 = VECTOR ( 'NONE', #5032, 1000.000000000000114 ) ;
#3097 = VECTOR ( 'NONE', #1969, 1000.000000000000000 ) ;
#3098 = CARTESIAN_POINT ( 'NONE',  ( -2.032604911331567621, 0.7819045920933291871, 2.114999999999999769 ) ) ;
#3099 = ORIENTED_EDGE ( 'NONE', *, *, #3509, .F. ) ;
#3100 = ORIENTED_EDGE ( 'NONE', *, *, #3061, .T. ) ;
#3101 = EDGE_CURVE ( 'NONE', #1587, #3913, #734, .T. ) ;
#3102 = LINE ( 'NONE', #1591, #4880 ) ;
#3103 = ADVANCED_FACE ( 'NONE', ( #2445 ), #1968, .T. ) ;
#3104 = AXIS2_PLACEMENT_3D ( 'NONE', #391, #587, #4133 ) ;
#3105 = DIRECTION ( 'NONE',  ( -0.1378445374916288935, -0.9808148484639890308, 0.1378445374916289490 ) ) ;
#3106 = VECTOR ( 'NONE', #247, 1000.000000000000000 ) ;
#3107 = CARTESIAN_POINT ( 'NONE',  ( -2.281855231289845243, 0.8258541484521909615, 1.694999999999999840 ) ) ;
#3108 = ORIENTED_EDGE ( 'NONE', *, *, #4144, .F. ) ;
#3109 = DIRECTION ( 'NONE',  ( 0.000000000000000000, -0.000000000000000000, -1.000000000000000000 ) ) ;
#3110 = DIRECTION ( 'NONE',  ( 1.000000000000000000, 0.000000000000000000, 0.000000000000000000 ) ) ;
#3111 = ORIENTED_EDGE ( 'NONE', *, *, #1938, .F. ) ;
#3112 = VECTOR ( 'NONE', #1180, 1000.000000000000000 ) ;
#3113 = DIRECTION ( 'NONE',  ( -0.9975640502598243087, -0.06975647374412462243, 0.000000000000000000 ) ) ;
#3114 = EDGE_LOOP ( 'NONE', ( #2775, #4060, #1046, #4226, #1578, #4218, #2943, #2460 ) ) ;
#3115 = CARTESIAN_POINT ( 'NONE',  ( -2.391595276781875334, 0.04147067614532087831, 0.4250000000000000444 ) ) ;
#3116 = ORIENTED_EDGE ( 'NONE', *, *, #3649, .T. ) ;
#3117 = SURFACE_SIDE_STYLE ('',( #1698 ) ) ;
#3118 = LINE ( 'NONE', #4216, #1357 ) ;
#3119 = DIRECTION ( 'NONE',  ( 0.000000000000000000, 0.000000000000000000, 1.000000000000000000 ) ) ;
#3120 = CARTESIAN_POINT ( 'NONE',  ( -2.409250319958275544, 0.2939495563588615523, -1.695000000000000062 ) ) ;
#3121 = EDGE_CURVE ( 'NONE', #3913, #493, #2535, .T. ) ;
#3122 = VECTOR ( 'NONE', #2269, 1000.000000000000000 ) ;
#3123 = FACE_OUTER_BOUND ( 'NONE', #4819, .T. ) ;
#3124 = AXIS2_PLACEMENT_3D ( 'NONE', #2163, #3815, #4193 ) ;
#3125 = CARTESIAN_POINT ( 'NONE',  ( 1.950000000000000400, 1.034999999999999698, 0.8450000000000000844 ) ) ;
#3126 = ORIENTED_EDGE ( 'NONE', *, *, #2635, .F. ) ;
#3127 = EDGE_CURVE ( 'NONE', #198, #1724, #4921, .T. ) ;
#3128 = ORIENTED_EDGE ( 'NONE', *, *, #739, .T. ) ;
#3129 = STYLED_ITEM ( 'NONE', ( #3155 ), #4119 ) ;
#3130 = FACE_OUTER_BOUND ( 'NONE', #4769, .T. ) ;
#3131 = LINE ( 'NONE', #1614, #1523 ) ;
#3132 = CARTESIAN_POINT ( 'NONE',  ( -1.859716958913700147, 0.1726027830097685567, -2.211176748602461828 ) ) ;
#3133 = CLOSED_SHELL ( 'NONE', ( #126, #4786, #3411, #3524, #2659, #3187, #1213, #668, #274, #1748, #4195, #3021, #1240, #949, #4395, #4142, #631, #489, #3454, #5117, #3620, #1987, #4187, #4558, #5022, #4941, #4908, #4346, #2243, #3805, #1861, #800, #2421, #1338, #1068, #1817, #584, #2879, #3533, #3321, #4481, #227, #3569, #2031, #550, #1509, #2587, #1945 ) ) ;
#3134 = ORIENTED_EDGE ( 'NONE', *, *, #1469, .F. ) ;
#3135 = EDGE_CURVE ( 'NONE', #375, #696, #4146, .T. ) ;
#3136 = FACE_OUTER_BOUND ( 'NONE', #2331, .T. ) ;
#3137 = AXIS2_PLACEMENT_3D ( 'NONE', #1086, #1296, #2532 ) ;
#3138 = PLANE ( 'NONE',  #3049 ) ;
#3139 = PLANE ( 'NONE',  #888 ) ;
#3140 = EDGE_LOOP ( 'NONE', ( #2609, #4402, #2847, #5160 ) ) ;
#3141 = DIRECTION ( 'NONE',  ( 0.06975647374412462243, -0.9975640502598243087, 0.000000000000000000 ) ) ;
#3142 = ORIENTED_EDGE ( 'NONE', *, *, #5000, .F. ) ;
#3143 = EDGE_CURVE ( 'NONE', #2304, #74, #2474, .T. ) ;
#3144 = CIRCLE ( 'NONE', #919, 0.2530954079066702889 ) ;
#3145 = CARTESIAN_POINT ( 'NONE',  ( -2.281855231289845243, 0.8258541484521909615, 0.4250000000000000444 ) ) ;
#3146 = CIRCLE ( 'NONE', #2488, 0.2530954079066702889 ) ;
#3147 = CARTESIAN_POINT ( 'NONE',  ( 1.205000000000001181, 0.2500000000000006106, 1.650000000000000355 ) ) ;
#3148 = ORIENTED_EDGE ( 'NONE', *, *, #1235, .F. ) ;
#3149 = VERTEX_POINT ( 'NONE', #724 ) ;
#3150 = SURFACE_STYLE_USAGE ( .BOTH. , #3117 ) ;
#3151 = EDGE_CURVE ( 'NONE', #1504, #5087, #4137, .T. ) ;
#3152 = DIRECTION ( 'NONE',  ( 0.000000000000000000, 0.000000000000000000, 1.000000000000000000 ) ) ;
#3153 = DIRECTION ( 'NONE',  ( 0.000000000000000000, 1.000000000000000000, 0.000000000000000000 ) ) ;
#3154 = EDGE_CURVE ( 'NONE', #4096, #298, #4156, .T. ) ;
#3155 = PRESENTATION_STYLE_ASSIGNMENT (( #4401 ) ) ;
#3156 = DIRECTION ( 'NONE',  ( 0.000000000000000000, 0.000000000000000000, 1.000000000000000000 ) ) ;
#3157 = EDGE_LOOP ( 'NONE', ( #3260, #3982, #358, #2052 ) ) ;
#3158 = VERTEX_POINT ( 'NONE', #2318 ) ;
#3159 = LINE ( 'NONE', #3170, #4911 ) ;
#3160 = DIRECTION ( 'NONE',  ( -0.000000000000000000, 0.000000000000000000, -1.000000000000000000 ) ) ;
#3161 = CARTESIAN_POINT ( 'NONE',  ( -2.391595276781875334, 0.04147067614532114893, -0.4250000000000000444 ) ) ;
#3162 = VECTOR ( 'NONE', #1846, 1000.000000000000000 ) ;
#3163 =( NAMED_UNIT ( * ) SI_UNIT ( $, .STERADIAN. ) SOLID_ANGLE_UNIT ( ) );
#3164 = VERTEX_POINT ( 'NONE', #2793 ) ;
#3165 = ORIENTED_EDGE ( 'NONE', *, *, #4303, .F. ) ;
#3166 = PRESENTATION_STYLE_ASSIGNMENT (( #1405 ) ) ;
#3167 = ORIENTED_EDGE ( 'NONE', *, *, #930, .T. ) ;
#3168 = CARTESIAN_POINT ( 'NONE',  ( 2.999999999999999556, 0.2194640910571620529, -0.4250000000000000444 ) ) ;
#3169 = LINE ( 'NONE', #988, #1460 ) ;
#3170 = CARTESIAN_POINT ( 'NONE',  ( -2.281855231289845243, 0.8258541484521909615, -0.8450000000000000844 ) ) ;
#3171 = CARTESIAN_POINT ( 'NONE',  ( 1.205000000000001181, 0.2500000000000006106, 1.650000000000000355 ) ) ;
#3172 = ORIENTED_EDGE ( 'NONE', *, *, #4200, .F. ) ;
#3173 = DIRECTION ( 'NONE',  ( -0.9848077530122080203, 0.1736481776669306643, 0.000000000000000000 ) ) ;
#3174 = CARTESIAN_POINT ( 'NONE',  ( 2.999999999999999556, 0.2194640910571620529, 1.694999999999999840 ) ) ;
#3175 = VERTEX_POINT ( 'NONE', #2719 ) ;
#3176 = AXIS2_PLACEMENT_3D ( 'NONE', #2346, #2456, #2861 ) ;
#3177 = VECTOR ( 'NONE', #2496, 1000.000000000000000 ) ;
#3178 = CARTESIAN_POINT ( 'NONE',  ( -1.726147334250476506, 0.1500000000000006051, -2.226147334250472287 ) ) ;
#3179 = EDGE_LOOP ( 'NONE', ( #3813, #1384, #1478, #3953 ) ) ;
#3180 = DIRECTION ( 'NONE',  ( -0.000000000000000000, -0.000000000000000000, -1.000000000000000000 ) ) ;
#3181 = ORIENTED_EDGE ( 'NONE', *, *, #2133, .T. ) ;
#3182 = PLANE ( 'NONE',  #1322 ) ;
#3183 = CARTESIAN_POINT ( 'NONE',  ( -2.032604911331567621, 0.8149999999999995026, 0.4250000000000000444 ) ) ;
#3184 = DIRECTION ( 'NONE',  ( -0.9975640502598241977, 0.06975647374412569102, 0.000000000000000000 ) ) ;
#3185 = VECTOR ( 'NONE', #177, 1000.000000000000000 ) ;
#3186 = AXIS2_PLACEMENT_3D ( 'NONE', #3783, #4971, #1780 ) ;
#3187 = ADVANCED_FACE ( 'NONE', ( #772 ), #1136, .T. ) ;
#3188 = ORIENTED_EDGE ( 'NONE', *, *, #1061, .F. ) ;
#3189 = DIRECTION ( 'NONE',  ( 0.000000000000000000, -0.000000000000000000, -1.000000000000000000 ) ) ;
#3190 = CIRCLE ( 'NONE', #5169, 0.2530954079066711770 ) ;
#3191 = VECTOR ( 'NONE', #4389, 1000.000000000000114 ) ;
#3192 = CARTESIAN_POINT ( 'NONE',  ( 2.032604911331567621, 0.8149999999999995026, -0.4250000000000000444 ) ) ;
#3193 = ORIENTED_EDGE ( 'NONE', *, *, #2090, .T. ) ;
#3194 = CARTESIAN_POINT ( 'NONE',  ( 1.804282219532239218, 0.8559585969958369844, -2.304282219532238773 ) ) ;
#3195 = ORIENTED_EDGE ( 'NONE', *, *, #4899, .T. ) ;
#3196 = CARTESIAN_POINT ( 'NONE',  ( -1.949992964849198041, 1.035050057699016035, -2.301452754537958167 ) ) ;
#3197 = ADVANCED_FACE ( 'NONE', ( #4173 ), #1918, .F. ) ;
#3198 = DIRECTION ( 'NONE',  ( -0.000000000000000000, -0.000000000000000000, -1.000000000000000000 ) ) ;
#3199 = EDGE_CURVE ( 'NONE', #2009, #1459, #2491, .T. ) ;
#3200 = LINE ( 'NONE', #488, #4914 ) ;
#3201 = DIRECTION ( 'NONE',  ( 1.000000000000000000, 0.000000000000000000, -0.000000000000000000 ) ) ;
#3202 = ORIENTED_EDGE ( 'NONE', *, *, #4583, .F. ) ;
#3203 = AXIS2_PLACEMENT_3D ( 'NONE', #1763, #1048, #661 ) ;
#3204 = LINE ( 'NONE', #2603, #1428 ) ;
#3205 = DIRECTION ( 'NONE',  ( -0.9975640502598243087, 0.06975647374412462243, 0.000000000000000000 ) ) ;
#3206 = VERTEX_POINT ( 'NONE', #2300 ) ;
#3207 = CIRCLE ( 'NONE', #4496, 0.2530954079066711770 ) ;
#3208 = DIRECTION ( 'NONE',  ( -0.1736481776669290544, -0.9848077530122082424, 0.000000000000000000 ) ) ;
#3209 = EDGE_CURVE ( 'NONE', #3175, #1035, #2501, .T. ) ;
#3210 = ORIENTED_EDGE ( 'NONE', *, *, #2971, .T. ) ;
#3211 = CARTESIAN_POINT ( 'NONE',  ( 2.281855231289845243, 0.8258541484521909615, -1.695000000000000062 ) ) ;
#3212 = CARTESIAN_POINT ( 'NONE',  ( -2.159999999999999698, 0.2499999999999997224, 1.694999999999999840 ) ) ;
#3213 = VECTOR ( 'NONE', #214, 1000.000000000000114 ) ;
#3214 = ORIENTED_EDGE ( 'NONE', *, *, #3574, .F. ) ;
#3215 = CARTESIAN_POINT ( 'NONE',  ( 1.205000000000001181, 0.1500000000000006051, -1.649999999999999467 ) ) ;
#3216 = ORIENTED_EDGE ( 'NONE', *, *, #427, .F. ) ;
#3217 = EDGE_CURVE ( 'NONE', #3227, #1014, #2509, .T. ) ;
#3218 = CARTESIAN_POINT ( 'NONE',  ( -1.800000000000000488, 1.034999999999999698, 2.449999999999998845 ) ) ;
#3219 = EDGE_CURVE ( 'NONE', #2234, #5005, #2517, .T. ) ;
#3220 = LINE ( 'NONE', #444, #3177 ) ;
#3221 = ORIENTED_EDGE ( 'NONE', *, *, #2454, .T. ) ;
#3222 = DIRECTION ( 'NONE',  ( 1.000000000000000000, 0.000000000000000000, 0.000000000000000000 ) ) ;
#3223 = CARTESIAN_POINT ( 'NONE',  ( 2.409250319958275544, 0.2939495563588615523, -0.8450000000000000844 ) ) ;
#3224 = LINE ( 'NONE', #3059, #3096 ) ;
#3225 = LINE ( 'NONE', #879, #4872 ) ;
#3226 = CARTESIAN_POINT ( 'NONE',  ( -2.406941701005582690, 0.2609347672024824316, 0.4250000000000000444 ) ) ;
#3227 = VERTEX_POINT ( 'NONE', #1447 ) ;
#3228 = VECTOR ( 'NONE', #4739, 1000.000000000000114 ) ;
#3229 = CARTESIAN_POINT ( 'NONE',  ( -2.376657705662685416, 0.2882025990867243537, 2.114999999999999769 ) ) ;
#3230 = ADVANCED_FACE ( 'NONE', ( #4271 ), #4099, .T. ) ;
#3231 = ORIENTED_EDGE ( 'NONE', *, *, #5079, .F. ) ;
#3232 = CARTESIAN_POINT ( 'NONE',  ( 2.281855231289845243, 0.8258541484521909615, -0.4250000000000000444 ) ) ;
#3233 = FACE_OUTER_BOUND ( 'NONE', #2504, .T. ) ;
#3234 = DIRECTION ( 'NONE',  ( -0.000000000000000000, -0.000000000000000000, -1.000000000000000000 ) ) ;
#3235 = CARTESIAN_POINT ( 'NONE',  ( -2.999999999999999556, 0.2194640910571620529, -0.8450000000000000844 ) ) ;
#3236 = PRODUCT_DEFINITION ( 'UNKNOWN', '', #1083, #2285 ) ;
#3237 = ORIENTED_EDGE ( 'NONE', *, *, #3564, .T. ) ;
#3238 = ORIENTED_EDGE ( 'NONE', *, *, #5089, .F. ) ;
#3239 = CARTESIAN_POINT ( 'NONE',  ( 2.032604911331567621, 0.7819045920933291871, 0.4250000000000000444 ) ) ;
#3240 = CIRCLE ( 'NONE', #4534, 0.03309540790667016286 ) ;
#3241 = ADVANCED_FACE ( 'NONE', ( #641 ), #3054, .F. ) ;
#3242 = COLOUR_RGB ( '',0.8000000000000000444, 0.8196078431372548767, 0.9333333333333333481 ) ;
#3243 = CARTESIAN_POINT ( 'NONE',  ( -2.409250319958275544, 0.2939495563588615523, 1.694999999999999840 ) ) ;
#3244 = CARTESIAN_POINT ( 'NONE',  ( 2.065197525627158637, 0.7876515493654663302, 0.4250000000000000444 ) ) ;
#3245 = ORIENTED_EDGE ( 'NONE', *, *, #1330, .T. ) ;
#3246 = CARTESIAN_POINT ( 'NONE',  ( 2.065197525627158193, 0.7876515493654663302, -2.115000000000000213 ) ) ;
#3247 = CARTESIAN_POINT ( 'NONE',  ( -1.534243157936306723, 1.700000000000000178, -2.226147334250471843 ) ) ;
#3248 = DIRECTION ( 'NONE',  ( 0.000000000000000000, -0.000000000000000000, -1.000000000000000000 ) ) ;
#3249 = DIRECTION ( 'NONE',  ( 0.000000000000000000, -0.000000000000000000, -1.000000000000000000 ) ) ;
#3250 = ORIENTED_EDGE ( 'NONE', *, *, #16, .T. ) ;
#3251 = VECTOR ( 'NONE', #353, 1000.000000000000000 ) ;
#3252 = DIRECTION ( 'NONE',  ( 0.000000000000000000, 0.000000000000000000, 1.000000000000000000 ) ) ;
#3253 = ORIENTED_EDGE ( 'NONE', *, *, #3346, .T. ) ;
#3254 = EDGE_CURVE ( 'NONE', #441, #993, #4343, .T. ) ;
#3255 = CARTESIAN_POINT ( 'NONE',  ( -2.391595276781875334, 0.04147067614532114893, 0.8450000000000000844 ) ) ;
#3256 = DIRECTION ( 'NONE',  ( -0.1736481776669306643, -0.9848077530122080203, 0.000000000000000000 ) ) ;
#3257 = ORIENTED_EDGE ( 'NONE', *, *, #1874, .T. ) ;
#3258 = CARTESIAN_POINT ( 'NONE',  ( 1.726147334250473619, 1.700000000000000178, -2.208000134611669107 ) ) ;
#3259 = LINE ( 'NONE', #4960, #5132 ) ;
#3260 = ORIENTED_EDGE ( 'NONE', *, *, #685, .F. ) ;
#3261 = EDGE_CURVE ( 'NONE', #1279, #4917, #806, .T. ) ;
#3262 = VERTEX_POINT ( 'NONE', #3770 ) ;
#3263 = AXIS2_PLACEMENT_3D ( 'NONE', #4471, #887, #2494 ) ;
#3264 = CYLINDRICAL_SURFACE ( 'NONE', #605, 0.1499999999999999667 ) ;
#3265 = DIRECTION ( 'NONE',  ( 0.1378445374916289212, 0.9808148484639890308, -0.1378445374916289490 ) ) ;
#3266 = DIRECTION ( 'NONE',  ( -1.000000000000000000, 0.000000000000000000, 0.000000000000000000 ) ) ;
#3267 = EDGE_LOOP ( 'NONE', ( #1067, #5055, #4500, #4482 ) ) ;
#3269 = CARTESIAN_POINT ( 'NONE',  ( 2.032604911331567621, 1.035000000000000364, 0.8450000000000000844 ) ) ;
#3268 = SURFACE_STYLE_FILL_AREA ( #2620 ) ;
#3270 = ADVANCED_FACE ( 'NONE', ( #2550 ), #5057, .T. ) ;
#3271 = EDGE_CURVE ( 'NONE', #5087, #5071, #2543, .T. ) ;
#3272 = CARTESIAN_POINT ( 'NONE',  ( 2.032604911331567621, 0.7819045920933291871, 0.8450000000000000844 ) ) ;
#3273 = ORIENTED_EDGE ( 'NONE', *, *, #2386, .T. ) ;
#3274 = CYLINDRICAL_SURFACE ( 'NONE', #2708, 0.2530954079066702889 ) ;
#3275 = AXIS2_PLACEMENT_3D ( 'NONE', #1491, #846, #3900 ) ;
#3276 = PLANE ( 'NONE',  #1081 ) ;
#3277 = CARTESIAN_POINT ( 'NONE',  ( 1.950000000000000400, 1.034999999999999698, -0.4250000000000000444 ) ) ;
#3278 = ORIENTED_EDGE ( 'NONE', *, *, #4705, .F. ) ;
#3279 = DIRECTION ( 'NONE',  ( 1.000000000000000000, 0.000000000000000000, 0.000000000000000000 ) ) ;
#3280 = CARTESIAN_POINT ( 'NONE',  ( 2.032604911331567621, 0.7819045920933291871, -2.115000000000000213 ) ) ;
#3281 = DIRECTION ( 'NONE',  ( 0.000000000000000000, -0.000000000000000000, -1.000000000000000000 ) ) ;
#3282 = CIRCLE ( 'NONE', #728, 0.1499999999999999667 ) ;
#3283 = CARTESIAN_POINT ( 'NONE',  ( 1.799999999999999600, 1.034999999999999698, 2.299999999999998046 ) ) ;
#3284 = ORIENTED_EDGE ( 'NONE', *, *, #1008, .T. ) ;
#3285 = VECTOR ( 'NONE', #3248, 1000.000000000000000 ) ;
#3286 = EDGE_CURVE ( 'NONE', #577, #1970, #869, .T. ) ;
#3287 = LINE ( 'NONE', #2450, #1667 ) ;
#3288 = PRODUCT_CONTEXT ( 'NONE', #2473, 'mechanical' ) ;
#3289 = ORIENTED_EDGE ( 'NONE', *, *, #2767, .T. ) ;
#3290 = CARTESIAN_POINT ( 'NONE',  ( 1.205000000000001181, 4.336330872555478777, -1.649999999999999467 ) ) ;
#3291 = ORIENTED_EDGE ( 'NONE', *, *, #3127, .T. ) ;
#3292 = CARTESIAN_POINT ( 'NONE',  ( -1.204999999999998961, 4.336330872555478777, -1.650000000000000355 ) ) ;
#3293 = SURFACE_SIDE_STYLE ('',( #4293 ) ) ;
#3294 = LINE ( 'NONE', #3460, #5023 ) ;
#3295 = VECTOR ( 'NONE', #3646, 1000.000000000000000 ) ;
#3296 = ORIENTED_EDGE ( 'NONE', *, *, #4937, .T. ) ;
#3297 = EDGE_CURVE ( 'NONE', #3907, #4800, #4405, .T. ) ;
#3298 =( GEOMETRIC_REPRESENTATION_CONTEXT ( 3 ) GLOBAL_UNCERTAINTY_ASSIGNED_CONTEXT ( ( #2777 ) ) GLOBAL_UNIT_ASSIGNED_CONTEXT ( ( #4220, #1410, #3840 ) ) REPRESENTATION_CONTEXT ( 'NONE', 'WORKASPACE' ) );
#3299 = FACE_OUTER_BOUND ( 'NONE', #2276, .T. ) ;
#3300 = CARTESIAN_POINT ( 'NONE',  ( -2.159999999999999698, 0.2499999999999997224, -1.695000000000000062 ) ) ;
#3301 = VERTEX_POINT ( 'NONE', #702 ) ;
#3302 = CIRCLE ( 'NONE', #1792, 0.1499999999999998557 ) ;
#3303 = CARTESIAN_POINT ( 'NONE',  ( -1.950000000000000400, 1.034999999999999698, 2.114999999999999769 ) ) ;
#3304 = CARTESIAN_POINT ( 'NONE',  ( -1.950000000000000400, 0.8149999999999995026, 1.694999999999999840 ) ) ;
#3305 = FACE_OUTER_BOUND ( 'NONE', #3548, .T. ) ;
#3306 = EDGE_LOOP ( 'NONE', ( #71, #1089, #4683, #4622 ) ) ;
#3307 = ADVANCED_FACE ( 'NONE', ( #973 ), #2111, .F. ) ;
#3308 = UNCERTAINTY_MEASURE_WITH_UNIT (LENGTH_MEASURE( 1.000000000000000082E-05 ), #1053, 'distance_accuracy_value', 'NONE');
#3309 = CARTESIAN_POINT ( 'NONE',  ( 2.984653575776291756, 6.428775942946129489E-16, 0.4250000000000000444 ) ) ;
#3310 = DIRECTION ( 'NONE',  ( -1.000000000000000000, 0.000000000000000000, 0.000000000000000000 ) ) ;
#3311 = ORIENTED_EDGE ( 'NONE', *, *, #3727, .T. ) ;
#3312 = FACE_OUTER_BOUND ( 'NONE', #2742, .T. ) ;
#3313 = EDGE_CURVE ( 'NONE', #2313, #199, #2668, .T. ) ;
#3314 = FACE_OUTER_BOUND ( 'NONE', #3400, .T. ) ;
#3315 = DIRECTION ( 'NONE',  ( -0.000000000000000000, -0.000000000000000000, -1.000000000000000000 ) ) ;
#3316 = DIRECTION ( 'NONE',  ( -0.000000000000000000, -0.000000000000000000, -1.000000000000000000 ) ) ;
#3317 = ORIENTED_EDGE ( 'NONE', *, *, #3127, .F. ) ;
#3318 = DIRECTION ( 'NONE',  ( 1.000000000000000000, 0.000000000000000000, -0.000000000000000000 ) ) ;
#3319 = DIRECTION ( 'NONE',  ( -1.000000000000000000, 0.000000000000000000, 0.000000000000000000 ) ) ;
#3320 = CARTESIAN_POINT ( 'NONE',  ( -1.950000000000000400, 0.8149999999999995026, 2.449999999999998845 ) ) ;
#3321 = ADVANCED_FACE ( 'NONE', ( #2702 ), #2613, .T. ) ;
#3322 = EDGE_LOOP ( 'NONE', ( #953, #99, #3667, #4630, #2057, #4595, #1647, #4726, #1269, #1919, #4440, #3793 ) ) ;
#3323 = AXIS2_PLACEMENT_3D ( 'NONE', #364, #1105, #1531 ) ;
#3324 = EDGE_CURVE ( 'NONE', #5062, #2481, #2563, .T. ) ;
#3325 = LINE ( 'NONE', #3229, #3361 ) ;
#3326 = ORIENTED_EDGE ( 'NONE', *, *, #2806, .F. ) ;
#3327 = DIRECTION ( 'NONE',  ( 0.000000000000000000, -0.000000000000000000, -1.000000000000000000 ) ) ;
#3328 = CARTESIAN_POINT ( 'NONE',  ( -2.999999999999999556, 0.2194640910571620529, 2.114999999999999769 ) ) ;
#3329 = PLANE ( 'NONE',  #850 ) ;
#3330 = ORIENTED_EDGE ( 'NONE', *, *, #3882, .T. ) ;
#3331 = CARTESIAN_POINT ( 'NONE',  ( -2.075840288810945733, 1.158402869125361168, 2.432656857768451086 ) ) ;
#3332 = CYLINDRICAL_SURFACE ( 'NONE', #1143, 0.03309540790667016286 ) ;
#3333 = VECTOR ( 'NONE', #434, 1000.000000000000000 ) ;
#3334 = EDGE_CURVE ( 'NONE', #1455, #4249, #2652, .T. ) ;
#3335 = DIRECTION ( 'NONE',  ( -1.000000000000000000, 0.000000000000000000, 0.000000000000000000 ) ) ;
#3336 = EDGE_LOOP ( 'NONE', ( #1571, #2519, #4307, #3345 ) ) ;
#3337 = COLOUR_RGB ( '',1.000000000000000000, 1.000000000000000000, 1.000000000000000000 ) ;
#3338 = DIRECTION ( 'NONE',  ( 2.655188993842053899E-16, 0.000000000000000000, 1.000000000000000000 ) ) ;
#3339 = ORIENTED_EDGE ( 'NONE', *, *, #1964, .F. ) ;
#3340 = VECTOR ( 'NONE', #617, 1000.000000000000000 ) ;
#3341 = DIRECTION ( 'NONE',  ( -1.000000000000000000, 0.000000000000000000, 0.000000000000000000 ) ) ;
#3342 = CARTESIAN_POINT ( 'NONE',  ( 1.799999999999999600, 1.034999999999999698, 2.449999999999998401 ) ) ;
#3343 = LINE ( 'NONE', #2062, #1563 ) ;
#3344 = CARTESIAN_POINT ( 'NONE',  ( 2.032604911331567621, 0.8149999999999995026, 2.114999999999999769 ) ) ;
#3345 = ORIENTED_EDGE ( 'NONE', *, *, #344, .T. ) ;
#3346 = EDGE_CURVE ( 'NONE', #1425, #3745, #921, .T. ) ;
#3347 = DIRECTION ( 'NONE',  ( 0.9975640502598243087, -0.06975647374412462243, 0.000000000000000000 ) ) ;
#3349 = CARTESIAN_POINT ( 'NONE',  ( -2.406941701005582690, 0.2609347672024824316, -1.695000000000000062 ) ) ;
#3348 = CIRCLE ( 'NONE', #2655, 0.2530954079066702889 ) ;
#3350 = ORIENTED_EDGE ( 'NONE', *, *, #4724, .T. ) ;
#3351 = LINE ( 'NONE', #2177, #3370 ) ;
#3352 = CIRCLE ( 'NONE', #3186, 0.1499999999999999667 ) ;
#3353 = CARTESIAN_POINT ( 'NONE',  ( -1.800000000000000711, 0.8149999999999995026, -2.449999999999996625 ) ) ;
#3354 = ORIENTED_EDGE ( 'NONE', *, *, #344, .F. ) ;
#3355 = DIRECTION ( 'NONE',  ( 0.000000000000000000, 0.000000000000000000, -1.000000000000000000 ) ) ;
#3356 = DIRECTION ( 'NONE',  ( 0.000000000000000000, 0.000000000000000000, 1.000000000000000000 ) ) ;
#3357 = EDGE_CURVE ( 'NONE', #421, #4020, #4336, .T. ) ;
#3358 = VERTEX_POINT ( 'NONE', #3602 ) ;
#3359 = LINE ( 'NONE', #3292, #1594 ) ;
#3360 = AXIS2_PLACEMENT_3D ( 'NONE', #4474, #2006, #3626 ) ;
#3361 = VECTOR ( 'NONE', #1958, 1000.000000000000000 ) ;
#3362 = PRODUCT_DEFINITION_SHAPE ( 'NONE', 'NONE',  #3236 ) ;
#3363 = ORIENTED_EDGE ( 'NONE', *, *, #613, .T. ) ;
#3364 = CARTESIAN_POINT ( 'NONE',  ( -2.065197525627158193, 0.7876515493654663302, -0.4250000000000000444 ) ) ;
#3365 = LINE ( 'NONE', #5141, #3386 ) ;
#3366 = ADVANCED_FACE ( 'NONE', ( #4408 ), #5125, .F. ) ;
#3367 = VERTEX_POINT ( 'NONE', #4028 ) ;
#3368 = CARTESIAN_POINT ( 'NONE',  ( -1.800000000000000488, 1.034999999999999698, 2.299999999999998934 ) ) ;
#3369 = CARTESIAN_POINT ( 'NONE',  ( -1.730177865118744718, 0.3078027521612084483, 2.378718075429979262 ) ) ;
#3370 = VECTOR ( 'NONE', #1324, 1000.000000000000000 ) ;
#3371 = VECTOR ( 'NONE', #2779, 1000.000000000000000 ) ;
#3372 = STYLED_ITEM ( 'NONE', ( #5164 ), #2127 ) ;
#3373 = EDGE_LOOP ( 'NONE', ( #4265, #1411, #1364, #802 ) ) ;
#3374 = DIRECTION ( 'NONE',  ( 0.000000000000000000, -0.000000000000000000, -1.000000000000000000 ) ) ;
#3375 = EDGE_LOOP ( 'NONE', ( #672, #522, #3311, #4049 ) ) ;
#3376 = LINE ( 'NONE', #1350, #5072 ) ;
#3377 = CARTESIAN_POINT ( 'NONE',  ( 1.950000000000000400, 1.034999999999999698, -1.695000000000000062 ) ) ;
#3378 = EDGE_CURVE ( 'NONE', #501, #3367, #4447, .T. ) ;
#3379 = CARTESIAN_POINT ( 'NONE',  ( 1.726147334250475174, 0.3000000000000005440, 2.226147334250474064 ) ) ;
#3380 = VECTOR ( 'NONE', #3520, 1000.000000000000000 ) ;
#3381 = CARTESIAN_POINT ( 'NONE',  ( 1.799999999999999600, 1.034999999999999698, 2.449999999999998401 ) ) ;
#3382 = CARTESIAN_POINT ( 'NONE',  ( 2.065197525627158193, 0.7876515493654663302, 0.8450000000000000844 ) ) ;
#3383 = AXIS2_PLACEMENT_3D ( 'NONE', #2210, #4499, #1006 ) ;
#3384 = ORIENTED_EDGE ( 'NONE', *, *, #4639, .F. ) ;
#3385 = DIRECTION ( 'NONE',  ( -2.224004456380521903E-16, 0.000000000000000000, -1.000000000000000000 ) ) ;
#3387 = CARTESIAN_POINT ( 'NONE',  ( -1.204999999999998961, 0.2500000000000002220, 1.650000000000000355 ) ) ;
#3386 = VECTOR ( 'NONE', #890, 1000.000000000000000 ) ;
#3388 = AXIS2_PLACEMENT_3D ( 'NONE', #2392, #823, #1299 ) ;
#3389 = VERTEX_POINT ( 'NONE', #4377 ) ;
#3390 = CYLINDRICAL_SURFACE ( 'NONE', #545, 0.2999999999999999334 ) ;
#3391 = FILL_AREA_STYLE_COLOUR ( '', #1184 ) ;
#3392 = VERTEX_POINT ( 'NONE', #833 ) ;
#3393 = DIRECTION ( 'NONE',  ( 0.000000000000000000, 0.000000000000000000, 1.000000000000000000 ) ) ;
#3394 = EDGE_CURVE ( 'NONE', #2502, #4457, #4429, .T. ) ;
#3395 = CIRCLE ( 'NONE', #169, 0.03309540790667016286 ) ;
#3396 = EDGE_LOOP ( 'NONE', ( #2677, #3257, #1575, #859 ) ) ;
#3397 = AXIS2_PLACEMENT_3D ( 'NONE', #4256, #2538, #5094 ) ;
#3398 = LINE ( 'NONE', #1773, #5113 ) ;
#3399 = CIRCLE ( 'NONE', #4300, 0.2530954079066702889 ) ;
#3400 = EDGE_LOOP ( 'NONE', ( #2725, #4070, #2576, #1604 ) ) ;
#3401 = ADVANCED_FACE ( 'NONE', ( #4374 ), #4793, .F. ) ;
#3402 = CARTESIAN_POINT ( 'NONE',  ( -1.950000000000000844, 1.034999999999999476, -2.300484260976130901 ) ) ;
#3403 = EDGE_CURVE ( 'NONE', #573, #1459, #2574, .T. ) ;
#3404 = ORIENTED_EDGE ( 'NONE', *, *, #2140, .T. ) ;
#3405 = DIRECTION ( 'NONE',  ( 0.000000000000000000, -1.000000000000000000, 0.000000000000000000 ) ) ;
#3406 = CARTESIAN_POINT ( 'NONE',  ( -0.8500000000000007550, 1.600000000000000089, -1.649999999999997469 ) ) ;
#3407 = AXIS2_PLACEMENT_3D ( 'NONE', #3303, #2098, #2484 ) ;
#3408 = FACE_BOUND ( 'NONE', #1231, .T. ) ;
#3409 = ORIENTED_EDGE ( 'NONE', *, *, #2227, .F. ) ;
#3410 = DIRECTION ( 'NONE',  ( -1.000000000000000000, 0.000000000000000000, 2.655188993842053899E-16 ) ) ;
#3411 = ADVANCED_FACE ( 'NONE', ( #4277 ), #401, .F. ) ;
#3412 = DIRECTION ( 'NONE',  ( 0.000000000000000000, 0.000000000000000000, -1.000000000000000000 ) ) ;
#3413 = ORIENTED_EDGE ( 'NONE', *, *, #1620, .F. ) ;
#3414 = LINE ( 'NONE', #2641, #1681 ) ;
#3415 = MANIFOLD_SOLID_BREP ( 'LPattern1[2]', #469 ) ;
#3416 = EDGE_CURVE ( 'NONE', #2959, #3262, #2660, .T. ) ;
#3417 = CARTESIAN_POINT ( 'NONE',  ( 1.799999999999998268, 1.034999999999999698, -2.449999999999997513 ) ) ;
#3418 = PLANE ( 'NONE',  #1899 ) ;
#3419 = VECTOR ( 'NONE', #3996, 1000.000000000000114 ) ;
#3420 = SURFACE_SIDE_STYLE ('',( #3268 ) ) ;
#3421 = DIRECTION ( 'NONE',  ( 0.1736481776669306643, -0.9848077530122080203, 0.000000000000000000 ) ) ;
#3422 = EDGE_CURVE ( 'NONE', #3512, #1122, #4400, .T. ) ;
#3423 = EDGE_LOOP ( 'NONE', ( #1052, #2134, #1060, #3899 ) ) ;
#3424 = DIRECTION ( 'NONE',  ( -0.1736481776669290544, -0.9848077530122082424, 0.000000000000000000 ) ) ;
#3425 = CARTESIAN_POINT ( 'NONE',  ( -1.909243157936306723, 1.324999999999999956, -2.449999999999997513 ) ) ;
#3426 = VERTEX_POINT ( 'NONE', #1196 ) ;
#3427 =( BOUNDED_CURVE ( )  B_SPLINE_CURVE ( 3, ( #4918, #1730, #4575, #2942 ),
 .UNSPECIFIED., .F., .F. ) 
 B_SPLINE_CURVE_WITH_KNOTS ( ( 4, 4 ),
 ( 6.273500125511116465, 6.283185307179586232 ),
 .UNSPECIFIED. ) 
 CURVE ( )  GEOMETRIC_REPRESENTATION_ITEM ( )  RATIONAL_B_SPLINE_CURVE ( ( 1.000000000000000000, 0.9999921831199466427, 0.9999921831199466427, 1.000000000000000000 ) ) 
 REPRESENTATION_ITEM ( '' )  );
#3428 = VECTOR ( 'NONE', #2015, 1000.000000000000000 ) ;
#3429 = DIRECTION ( 'NONE',  ( -1.000000000000000000, 0.000000000000000000, 0.000000000000000000 ) ) ;
#3430 = ORIENTED_EDGE ( 'NONE', *, *, #517, .F. ) ;
#3431 = CARTESIAN_POINT ( 'NONE',  ( -2.406941701005582690, 0.2609347672024824316, -0.8450000000000000844 ) ) ;
#3432 = DIRECTION ( 'NONE',  ( -2.202360597892585699E-16, -0.1391731009600657432, -0.9902680687415703620 ) ) ;
#3433 = AXIS2_PLACEMENT_3D ( 'NONE', #3698, #1494, #4397 ) ;
#3434 = ORIENTED_EDGE ( 'NONE', *, *, #2400, .F. ) ;
#3435 = LINE ( 'NONE', #2416, #3251 ) ;
#3436 = VECTOR ( 'NONE', #2689, 1000.000000000000000 ) ;
#3437 = ORIENTED_EDGE ( 'NONE', *, *, #4520, .T. ) ;
#3438 = ORIENTED_EDGE ( 'NONE', *, *, #1169, .T. ) ;
#3439 = DIRECTION ( 'NONE',  ( 1.000000000000000000, 0.000000000000000000, 0.000000000000000000 ) ) ;
#3440 = CIRCLE ( 'NONE', #1553, 0.03309540790667016286 ) ;
#3441 = ORIENTED_EDGE ( 'NONE', *, *, #2375, .F. ) ;
#3442 = CARTESIAN_POINT ( 'NONE',  ( -1.950000000000000400, 0.8149999999999995026, 0.8450000000000000844 ) ) ;
#3443 = ORIENTED_EDGE ( 'NONE', *, *, #682, .F. ) ;
#3444 = AXIS2_PLACEMENT_3D ( 'NONE', #2676, #2788, #359 ) ;
#3445 = PLANE ( 'NONE',  #647 ) ;
#3446 = CARTESIAN_POINT ( 'NONE',  ( -1.708000134611674659, 0.2791240348559906881, -2.374687544561707497 ) ) ;
#3447 = EDGE_CURVE ( 'NONE', #2000, #1504, #904, .T. ) ;
#3448 = SURFACE_STYLE_USAGE ( .BOTH. , #3420 ) ;
#3449 = CARTESIAN_POINT ( 'NONE',  ( -1.726147334250476506, 0.1500000000000006051, -2.208000134611668219 ) ) ;
#3450 = EDGE_LOOP ( 'NONE', ( #581, #671, #721, #4021 ) ) ;
#3451 = AXIS2_PLACEMENT_3D ( 'NONE', #2344, #2671, #3924 ) ;
#3452 = DIRECTION ( 'NONE',  ( -0.9975640502598243087, -0.06975647374412462243, 0.000000000000000000 ) ) ;
#3453 = CARTESIAN_POINT ( 'NONE',  ( -1.801452754537962386, 0.8149499423009832766, -2.449992964849193378 ) ) ;
#3454 = ADVANCED_FACE ( 'NONE', ( #2588 ), #1275, .F. ) ;
#3455 = EDGE_LOOP ( 'NONE', ( #3172, #1939, #306, #1865 ) ) ;
#3456 = LINE ( 'NONE', #3479, #1811 ) ;
#3457 = LINE ( 'NONE', #3115, #3380 ) ;
#3458 = CARTESIAN_POINT ( 'NONE',  ( -2.409250319958275544, 0.2939495563588615523, -1.695000000000000062 ) ) ;
#3459 = ORIENTED_EDGE ( 'NONE', *, *, #1525, .F. ) ;
#3460 = CARTESIAN_POINT ( 'NONE',  ( -1.950000000000000400, 1.034999999999999698, 0.8450000000000000844 ) ) ;
#3461 = DIRECTION ( 'NONE',  ( -0.000000000000000000, -0.000000000000000000, -1.000000000000000000 ) ) ;
#3462 = AXIS2_PLACEMENT_3D ( 'NONE', #317, #3356, #3955 ) ;
#3463 = CARTESIAN_POINT ( 'NONE',  ( -2.409250319958275544, 0.2939495563588615523, 0.4250000000000000444 ) ) ;
#3464 = ORIENTED_EDGE ( 'NONE', *, *, #5126, .T. ) ;
#3465 = LINE ( 'NONE', #1625, #5191 ) ;
#3466 = PLANE ( 'NONE',  #4315 ) ;
#3467 = VECTOR ( 'NONE', #1947, 1000.000000000000000 ) ;
#3468 = ORIENTED_EDGE ( 'NONE', *, *, #1886, .F. ) ;
#3469 = EDGE_CURVE ( 'NONE', #1482, #1801, #2683, .T. ) ;
#3470 = CARTESIAN_POINT ( 'NONE',  ( 0.000000000000000000, 0.2500000000000006106, 0.000000000000000000 ) ) ;
#3471 = AXIS2_PLACEMENT_3D ( 'NONE', #723, #1936, #2717 ) ;
#3472 = ORIENTED_EDGE ( 'NONE', *, *, #1644, .F. ) ;
#3473 = DIRECTION ( 'NONE',  ( -0.000000000000000000, 0.000000000000000000, 1.000000000000000000 ) ) ;
#3474 = CYLINDRICAL_SURFACE ( 'NONE', #125, 0.03309540790667059307 ) ;
#3475 = ORIENTED_EDGE ( 'NONE', *, *, #885, .F. ) ;
#3476 = EDGE_CURVE ( 'NONE', #4459, #650, #858, .T. ) ;
#3477 = DIRECTION ( 'NONE',  ( 0.000000000000000000, -0.000000000000000000, -1.000000000000000000 ) ) ;
#3478 = EDGE_CURVE ( 'NONE', #4199, #1051, #968, .T. ) ;
#3479 = CARTESIAN_POINT ( 'NONE',  ( -1.204999999999998961, 0.2500000000000006106, 1.650000000000000355 ) ) ;
#3480 = ORIENTED_EDGE ( 'NONE', *, *, #182, .F. ) ;
#3481 = LINE ( 'NONE', #1153, #1856 ) ;
#3482 = DIRECTION ( 'NONE',  ( -1.000000000000000000, 0.000000000000000000, 0.000000000000000000 ) ) ;
#3483 = FACE_OUTER_BOUND ( 'NONE', #1339, .T. ) ;
#3484 = CARTESIAN_POINT ( 'NONE',  ( 2.391595276781875334, 0.04147067614532114893, 0.8450000000000000844 ) ) ;
#3485 = ORIENTED_EDGE ( 'NONE', *, *, #5069, .F. ) ;
#3486 = ADVANCED_FACE ( 'NONE', ( #2691 ), #2595, .F. ) ;
#3487 = DIRECTION ( 'NONE',  ( -0.1391731009600657432, -0.9902680687415703620, 0.000000000000000000 ) ) ;
#3488 = ORIENTED_EDGE ( 'NONE', *, *, #4155, .T. ) ;
#3489 = LINE ( 'NONE', #2425, #24 ) ;
#3490 = CIRCLE ( 'NONE', #737, 0.03309540790667059307 ) ;
#3491 = MECHANICAL_DESIGN_GEOMETRIC_PRESENTATION_REPRESENTATION (  '', ( #2782 ), #3298 ) ;
#3492 = DIRECTION ( 'NONE',  ( 1.000000000000000000, -0.000000000000000000, -2.224004456380522889E-16 ) ) ;
#3493 = ORIENTED_EDGE ( 'NONE', *, *, #4087, .F. ) ;
#3494 = CARTESIAN_POINT ( 'NONE',  ( 1.950000000000000400, 1.034999999999999698, 2.114999999999999769 ) ) ;
#3495 = ORIENTED_EDGE ( 'NONE', *, *, #1652, .F. ) ;
#3496 = VECTOR ( 'NONE', #4814, 1000.000000000000114 ) ;
#3497 = CARTESIAN_POINT ( 'NONE',  ( 1.799999999999998268, 1.034999999999999698, -2.449999999999997513 ) ) ;
#3498 = LINE ( 'NONE', #3036, #111 ) ;
#3499 =( GEOMETRIC_REPRESENTATION_CONTEXT ( 3 ) GLOBAL_UNCERTAINTY_ASSIGNED_CONTEXT ( ( #4378 ) ) GLOBAL_UNIT_ASSIGNED_CONTEXT ( ( #167, #1367, #201 ) ) REPRESENTATION_CONTEXT ( 'NONE', 'WORKASPACE' ) );
#3500 = ORIENTED_EDGE ( 'NONE', *, *, #4254, .F. ) ;
#3501 = LINE ( 'NONE', #3579, #3631 ) ;
#3502 = DIRECTION ( 'NONE',  ( 0.000000000000000000, 1.000000000000000000, 0.000000000000000000 ) ) ;
#3503 = EDGE_CURVE ( 'NONE', #1518, #5013, #4325, .T. ) ;
#3504 = VERTEX_POINT ( 'NONE', #1711 ) ;
#3505 = VECTOR ( 'NONE', #1232, 1000.000000000000000 ) ;
#3506 = LINE ( 'NONE', #4102, #3538 ) ;
#3507 = ORIENTED_EDGE ( 'NONE', *, *, #1182, .T. ) ;
#3508 = VECTOR ( 'NONE', #687, 1000.000000000000000 ) ;
#3509 = EDGE_CURVE ( 'NONE', #3158, #1258, #983, .T. ) ;
#3510 = SURFACE_STYLE_USAGE ( .BOTH. , #4330 ) ;
#3511 = CARTESIAN_POINT ( 'NONE',  ( 1.205000000000001181, 0.2500000000000006106, -1.649999999999999467 ) ) ;
#3512 = VERTEX_POINT ( 'NONE', #4197 ) ;
#3513 = CARTESIAN_POINT ( 'NONE',  ( 1.949992964849195154, 0.8149499423009829435, -2.301452754537959056 ) ) ;
#3514 = VECTOR ( 'NONE', #874, 1000.000000000000000 ) ;
#3515 = ORIENTED_EDGE ( 'NONE', *, *, #2514, .F. ) ;
#3516 = ORIENTED_EDGE ( 'NONE', *, *, #239, .T. ) ;
#3517 = CARTESIAN_POINT ( 'NONE',  ( 1.801452754537960610, 0.8149499423009832766, 2.449992964849195154 ) ) ;
#3518 = LINE ( 'NONE', #3599, #1866 ) ;
#3519 = AXIS2_PLACEMENT_3D ( 'NONE', #4270, #944, #1798 ) ;
#3520 = DIRECTION ( 'NONE',  ( 0.9975640502598243087, 0.06975647374412446977, -0.000000000000000000 ) ) ;
#3521 = ORIENTED_EDGE ( 'NONE', *, *, #13, .T. ) ;
#3522 = FACE_OUTER_BOUND ( 'NONE', #3005, .T. ) ;
#3523 =( NAMED_UNIT ( * ) SI_UNIT ( $, .STERADIAN. ) SOLID_ANGLE_UNIT ( ) );
#3524 = ADVANCED_FACE ( 'NONE', ( #2623 ), #3873, .F. ) ;
#3525 = CARTESIAN_POINT ( 'NONE',  ( 2.032604911331567621, 0.7819045920933291871, -0.4250000000000000444 ) ) ;
#3526 = EDGE_LOOP ( 'NONE', ( #3468, #4809, #2774, #5189 ) ) ;
#3527 = FACE_OUTER_BOUND ( 'NONE', #644, .T. ) ;
#3528 = EDGE_CURVE ( 'NONE', #4792, #4930, #4357, .T. ) ;
#3529 = FACE_OUTER_BOUND ( 'NONE', #2745, .T. ) ;
#3530 = EDGE_CURVE ( 'NONE', #2527, #714, #1050, .T. ) ;
#3531 = ORIENTED_EDGE ( 'NONE', *, *, #155, .T. ) ;
#3532 = CARTESIAN_POINT ( 'NONE',  ( -2.999999999999999556, 0.2194640910571620529, 2.114999999999999769 ) ) ;
#3533 = ADVANCED_FACE ( 'NONE', ( #4556 ), #1065, .T. ) ;
#3534 = VERTEX_POINT ( 'NONE', #2585 ) ;
#3535 = DIRECTION ( 'NONE',  ( 0.7071067811865475727, -0.7071067811865475727, 0.000000000000000000 ) ) ;
#3536 = FACE_OUTER_BOUND ( 'NONE', #793, .T. ) ;
#3537 = EDGE_CURVE ( 'NONE', #4451, #4738, #2807, .T. ) ;
#3538 = VECTOR ( 'NONE', #2591, 1000.000000000000114 ) ;
#3539 = DIRECTION ( 'NONE',  ( 0.000000000000000000, -1.000000000000000000, 0.000000000000000000 ) ) ;
#3540 = ORIENTED_EDGE ( 'NONE', *, *, #938, .F. ) ;
#3541 = VECTOR ( 'NONE', #3477, 1000.000000000000000 ) ;
#3542 = CARTESIAN_POINT ( 'NONE',  ( 2.032604911331567621, 0.7819045920933291871, 0.8450000000000000844 ) ) ;
#3543 = ORIENTED_EDGE ( 'NONE', *, *, #3478, .F. ) ;
#3544 = DIRECTION ( 'NONE',  ( -0.06975647374412569102, 0.9975640502598241977, 0.000000000000000000 ) ) ;
#3545 = LINE ( 'NONE', #2649, #3496 ) ;
#3546 = DIRECTION ( 'NONE',  ( -2.224004456380520917E-16, 0.000000000000000000, -1.000000000000000000 ) ) ;
#3547 = CIRCLE ( 'NONE', #2557, 0.2999999999999999334 ) ;
#3548 = EDGE_LOOP ( 'NONE', ( #3040, #1760, #3691, #1278 ) ) ;
#3549 = DIRECTION ( 'NONE',  ( -0.000000000000000000, -0.000000000000000000, -1.000000000000000000 ) ) ;
#3550 = AXIS2_PLACEMENT_3D ( 'NONE', #2160, #2225, #2631 ) ;
#3551 = ORIENTED_EDGE ( 'NONE', *, *, #4131, .T. ) ;
#3552 = VECTOR ( 'NONE', #1407, 1000.000000000000114 ) ;
#3553 = FACE_OUTER_BOUND ( 'NONE', #540, .T. ) ;
#3554 = DIRECTION ( 'NONE',  ( 1.000000000000000000, -6.162975822039154730E-33, -2.224004456380521903E-16 ) ) ;
#3555 = ORIENTED_EDGE ( 'NONE', *, *, #3574, .T. ) ;
#3556 = CIRCLE ( 'NONE', #1618, 0.1500000000000000777 ) ;
#3557 =( NAMED_UNIT ( * ) PLANE_ANGLE_UNIT ( ) SI_UNIT ( $, .RADIAN. ) );
#3558 = DIRECTION ( 'NONE',  ( 1.000000000000000000, 0.000000000000000000, 0.000000000000000000 ) ) ;
#3559 = EDGE_CURVE ( 'NONE', #2219, #2237, #2571, .T. ) ;
#3560 = ORIENTED_EDGE ( 'NONE', *, *, #4958, .F. ) ;
#3561 = AXIS2_PLACEMENT_3D ( 'NONE', #2186, #601, #3429 ) ;
#3562 = VECTOR ( 'NONE', #892, 1000.000000000000000 ) ;
#3563 = PLANE ( 'NONE',  #3462 ) ;
#3564 = EDGE_CURVE ( 'NONE', #571, #1258, #2853, .T. ) ;
#3565 = LINE ( 'NONE', #1202, #5193 ) ;
#3566 = ORIENTED_EDGE ( 'NONE', *, *, #2937, .T. ) ;
#3567 = CIRCLE ( 'NONE', #2863, 0.2530954079066711770 ) ;
#3568 = CARTESIAN_POINT ( 'NONE',  ( 2.065197525627158637, 0.7876515493654663302, -1.695000000000000062 ) ) ;
#3569 = ADVANCED_FACE ( 'NONE', ( #2786 ), #2711, .T. ) ;
#3570 = CARTESIAN_POINT ( 'NONE',  ( -2.032604911331567621, 1.035000000000000364, 0.4250000000000000444 ) ) ;
#3571 = ORIENTED_EDGE ( 'NONE', *, *, #3684, .F. ) ;
#3572 = CARTESIAN_POINT ( 'NONE',  ( 1.950000000000000400, 1.034999999999999698, -0.4250000000000000444 ) ) ;
#3573 = VECTOR ( 'NONE', #2391, 1000.000000000000000 ) ;
#3574 = EDGE_CURVE ( 'NONE', #3262, #3694, #2731, .T. ) ;
#3575 = CARTESIAN_POINT ( 'NONE',  ( 2.032604911331567621, 0.7819045920933291871, 0.8450000000000000844 ) ) ;
#3576 = ORIENTED_EDGE ( 'NONE', *, *, #4087, .T. ) ;
#3577 = LINE ( 'NONE', #3215, #149 ) ;
#3578 = AXIS2_PLACEMENT_3D ( 'NONE', #4427, #3689, #1688 ) ;
#3579 = CARTESIAN_POINT ( 'NONE',  ( 1.205000000000001181, 0.2500000000000006106, 1.650000000000000355 ) ) ;
#3580 = ADVANCED_FACE ( 'NONE', ( #1126 ), #1381, .F. ) ;
#3581 = VERTEX_POINT ( 'NONE', #1351 ) ;
#3582 = DIRECTION ( 'NONE',  ( 0.000000000000000000, 0.000000000000000000, 1.000000000000000000 ) ) ;
#3583 = DIRECTION ( 'NONE',  ( 1.000000000000000000, 0.000000000000000000, -0.000000000000000000 ) ) ;
#3584 = DIRECTION ( 'NONE',  ( 0.7036407875340265905, 0.7036407875340265905, 0.09889026361068024851 ) ) ;
#3585 = FACE_OUTER_BOUND ( 'NONE', #1820, .T. ) ;
#3586 = DIRECTION ( 'NONE',  ( 0.000000000000000000, 0.000000000000000000, 1.000000000000000000 ) ) ;
#3587 = VERTEX_POINT ( 'NONE', #2957 ) ;
#3588 = VECTOR ( 'NONE', #2399, 1000.000000000000000 ) ;
#3589 = EDGE_CURVE ( 'NONE', #2219, #841, #1147, .T. ) ;
#3590 = CARTESIAN_POINT ( 'NONE',  ( 1.950000000000000400, 1.034999999999999698, 0.4250000000000000444 ) ) ;
#3591 = CARTESIAN_POINT ( 'NONE',  ( -1.804282219532241882, 0.8350826318518270730, -2.452822429843473095 ) ) ;
#3592 = ORIENTED_EDGE ( 'NONE', *, *, #1449, .T. ) ;
#3593 = CIRCLE ( 'NONE', #532, 0.03309540790667059307 ) ;
#3594 = CARTESIAN_POINT ( 'NONE',  ( -1.204999999999998961, 0.2500000000000006106, -1.650000000000000355 ) ) ;
#3595 = VECTOR ( 'NONE', #2814, 1000.000000000000000 ) ;
#3596 = CARTESIAN_POINT ( 'NONE',  ( 2.391595276781875334, 0.04147067614532114893, -0.8450000000000000844 ) ) ;
#3597 = ORIENTED_EDGE ( 'NONE', *, *, #2813, .T. ) ;
#3598 = LINE ( 'NONE', #4341, #184 ) ;
#3599 = CARTESIAN_POINT ( 'NONE',  ( 2.406941701005582690, 0.2609347672024824316, 2.114999999999999769 ) ) ;
#3600 = MANIFOLD_SOLID_BREP ( 'LPattern1[4]', #656 ) ;
#3601 = EDGE_CURVE ( 'NONE', #252, #5148, #1079, .T. ) ;
#3602 = CARTESIAN_POINT ( 'NONE',  ( -2.376657705662685416, 0.2882025990867243537, -1.695000000000000062 ) ) ;
#3603 = EDGE_CURVE ( 'NONE', #1178, #3512, #1111, .T. ) ;
#3604 = VERTEX_POINT ( 'NONE', #2273 ) ;
#3605 = CIRCLE ( 'NONE', #2208, 0.1499999999999999667 ) ;
#3606 = CARTESIAN_POINT ( 'NONE',  ( -1.909243157936306723, 1.324999999999999956, -2.260702947625067516 ) ) ;
#3607 = LINE ( 'NONE', #1388, #3514 ) ;
#3608 = ORIENTED_EDGE ( 'NONE', *, *, #202, .F. ) ;
#3609 = VECTOR ( 'NONE', #3113, 1000.000000000000114 ) ;
#3610 = CARTESIAN_POINT ( 'NONE',  ( -1.204999999999998961, 0.2500000000000002220, -1.650000000000000355 ) ) ;
#3611 = DIRECTION ( 'NONE',  ( 0.1378445374916288935, 0.9808148484639891418, -0.1378445374916289490 ) ) ;
#3612 = DIRECTION ( 'NONE',  ( 0.000000000000000000, -0.000000000000000000, -1.000000000000000000 ) ) ;
#3613 = ORIENTED_EDGE ( 'NONE', *, *, #1790, .F. ) ;
#3614 = SURFACE_STYLE_USAGE ( .BOTH. , #777 ) ;
#3615 = LINE ( 'NONE', #4202, #65 ) ;
#3616 = AXIS2_PLACEMENT_3D ( 'NONE', #56, #4701, #3071 ) ;
#3617 = ORIENTED_EDGE ( 'NONE', *, *, #2503, .T. ) ;
#3618 = CIRCLE ( 'NONE', #624, 0.03309540790667059307 ) ;
#3619 = AXIS2_PLACEMENT_3D ( 'NONE', #3470, #4656, #4192 ) ;
#3620 = ADVANCED_FACE ( 'NONE', ( #2815 ), #681, .F. ) ;
#3621 = CARTESIAN_POINT ( 'NONE',  ( -2.391595276781875334, 0.04147067614532114893, -1.695000000000000062 ) ) ;
#3622 = ORIENTED_EDGE ( 'NONE', *, *, #864, .T. ) ;
#3623 = CARTESIAN_POINT ( 'NONE',  ( -2.065197525627158193, 0.7876515493654663302, 2.114999999999999769 ) ) ;
#3624 = LINE ( 'NONE', #2771, #3505 ) ;
#3625 = DIRECTION ( 'NONE',  ( 0.9848077530122083534, -0.1736481776669290544, 0.000000000000000000 ) ) ;
#3626 = DIRECTION ( 'NONE',  ( 1.000000000000000000, 0.000000000000000000, 0.000000000000000000 ) ) ;
#3627 = PLANE ( 'NONE',  #1385 ) ;
#3628 = LINE ( 'NONE', #1320, #1894 ) ;
#3629 = DIRECTION ( 'NONE',  ( -0.06975647374412462243, -0.9975640502598243087, 0.000000000000000000 ) ) ;
#3630 = ORIENTED_EDGE ( 'NONE', *, *, #555, .F. ) ;
#3631 = VECTOR ( 'NONE', #4393, 1000.000000000000000 ) ;
#3632 = CARTESIAN_POINT ( 'NONE',  ( -1.949992964849197818, 0.8149499423009832766, -2.301452754537959500 ) ) ;
#3633 = DIRECTION ( 'NONE',  ( -0.000000000000000000, -0.000000000000000000, -1.000000000000000000 ) ) ;
#3634 = CLOSED_SHELL ( 'NONE', ( #1599, #4026, #2500, #1904, #2599, #3864, #1588, #3987, #1767, #3070, #499, #1893, #2257, #3307 ) ) ;
#3635 = CARTESIAN_POINT ( 'NONE',  ( -2.281855231289845243, 0.8258541484521909615, 1.694999999999999840 ) ) ;
#3636 = VERTEX_POINT ( 'NONE', #812 ) ;
#3637 = DIRECTION ( 'NONE',  ( -0.000000000000000000, -0.000000000000000000, -1.000000000000000000 ) ) ;
#3638 = ORIENTED_EDGE ( 'NONE', *, *, #374, .F. ) ;
#3639 = VECTOR ( 'NONE', #1462, 1000.000000000000000 ) ;
#3640 = DIRECTION ( 'NONE',  ( -0.000000000000000000, 0.000000000000000000, 1.000000000000000000 ) ) ;
#3641 = EDGE_CURVE ( 'NONE', #1209, #2234, #4476, .T. ) ;
#3642 = ORIENTED_EDGE ( 'NONE', *, *, #443, .F. ) ;
#3643 = ORIENTED_EDGE ( 'NONE', *, *, #4988, .F. ) ;
#3644 = DIRECTION ( 'NONE',  ( -0.000000000000000000, -0.000000000000000000, -1.000000000000000000 ) ) ;
#3645 = ORIENTED_EDGE ( 'NONE', *, *, #1886, .T. ) ;
#3646 = DIRECTION ( 'NONE',  ( -2.655188993842053899E-16, -6.921741307408244526E-33, -1.000000000000000000 ) ) ;
#3647 = CARTESIAN_POINT ( 'NONE',  ( -2.406941701005582690, 0.2609347672024824316, -0.4250000000000000444 ) ) ;
#3648 = DIRECTION ( 'NONE',  ( 0.9975640502598243087, 0.06975647374412446977, -0.000000000000000000 ) ) ;
#3649 = EDGE_CURVE ( 'NONE', #2713, #1587, #2902, .T. ) ;
#3650 = ORIENTED_EDGE ( 'NONE', *, *, #1555, .F. ) ;
#3651 = CARTESIAN_POINT ( 'NONE',  ( -1.726147334250476506, 0.3000000000000007105, -2.226147334250472287 ) ) ;
#3652 = CARTESIAN_POINT ( 'NONE',  ( 2.032604911331567621, 0.8149999999999995026, -2.115000000000000213 ) ) ;
#3653 = ORIENTED_EDGE ( 'NONE', *, *, #1777, .F. ) ;
#3654 = AXIS2_PLACEMENT_3D ( 'NONE', #2732, #3152, #151 ) ;
#3655 = ADVANCED_FACE ( 'NONE', ( #2798 ), #2033, .F. ) ;
#3656 = EDGE_LOOP ( 'NONE', ( #3971, #4956, #250, #598 ) ) ;
#3657 = LINE ( 'NONE', #1526, #3508 ) ;
#3658 = DIRECTION ( 'NONE',  ( -0.000000000000000000, 0.000000000000000000, 1.000000000000000000 ) ) ;
#3659 = VERTEX_POINT ( 'NONE', #3963 ) ;
#3660 = DIRECTION ( 'NONE',  ( 0.9975640502598241977, 0.06975647374412569102, -0.000000000000000000 ) ) ;
#3661 = ORIENTED_EDGE ( 'NONE', *, *, #4238, .F. ) ;
#3662 = EDGE_CURVE ( 'NONE', #531, #5021, #2912, .T. ) ;
#3663 = CARTESIAN_POINT ( 'NONE',  ( 1.949999999999999512, 0.8150000000000001688, 2.300484260976133122 ) ) ;
#3664 = CARTESIAN_POINT ( 'NONE',  ( -2.391595276781875334, 0.04147067614532114893, 1.694999999999999840 ) ) ;
#3665 = CARTESIAN_POINT ( 'NONE',  ( -2.032604911331567621, 0.7819045920933291871, -2.115000000000000213 ) ) ;
#3666 =( GEOMETRIC_REPRESENTATION_CONTEXT ( 3 ) GLOBAL_UNCERTAINTY_ASSIGNED_CONTEXT ( ( #5157 ) ) GLOBAL_UNIT_ASSIGNED_CONTEXT ( ( #4489, #2955, #1640 ) ) REPRESENTATION_CONTEXT ( 'NONE', 'WORKASPACE' ) );
#3667 = ORIENTED_EDGE ( 'NONE', *, *, #3641, .T. ) ;
#3668 = VECTOR ( 'NONE', #341, 1000.000000000000114 ) ;
#3669 = DIRECTION ( 'NONE',  ( -0.06975647374412569102, 0.9975640502598241977, 0.000000000000000000 ) ) ;
#3670 = ADVANCED_FACE ( 'NONE', ( #2844 ), #4660, .F. ) ;
#3671 = ORIENTED_EDGE ( 'NONE', *, *, #1644, .T. ) ;
#3672 = CARTESIAN_POINT ( 'NONE',  ( 1.799999999999998268, 0.8149999999999995026, -2.449999999999997513 ) ) ;
#3673 = ORIENTED_EDGE ( 'NONE', *, *, #2307, .F. ) ;
#3674 = ORIENTED_EDGE ( 'NONE', *, *, #182, .T. ) ;
#3675 = LINE ( 'NONE', #1071, #1852 ) ;
#3676 = CARTESIAN_POINT ( 'NONE',  ( 1.205000000000001181, 0.000000000000000000, -1.649999999999999467 ) ) ;
#3677 = DIRECTION ( 'NONE',  ( 0.1378445374916288935, -0.9808148484639891418, -0.1378445374916289490 ) ) ;
#3678 = ORIENTED_EDGE ( 'NONE', *, *, #4585, .F. ) ;
#3679 = VERTEX_POINT ( 'NONE', #2744 ) ;
#3680 = CARTESIAN_POINT ( 'NONE',  ( 1.950000000000000400, 0.8149999999999995026, -0.8450000000000000844 ) ) ;
#3681 = EDGE_LOOP ( 'NONE', ( #1158, #152, #643, #4859 ) ) ;
#3682 = VECTOR ( 'NONE', #118, 1000.000000000000114 ) ;
#3683 = CARTESIAN_POINT ( 'NONE',  ( 1.874687544561709496, 0.2791240348559906881, -2.208000134611670440 ) ) ;
#3684 = EDGE_CURVE ( 'NONE', #4940, #531, #1033, .T. ) ;
#3685 = CARTESIAN_POINT ( 'NONE',  ( -1.950000000000000400, 1.034999999999999698, 2.299999999999998934 ) ) ;
#3686 = AXIS2_PLACEMENT_3D ( 'NONE', #487, #4054, #97 ) ;
#3687 = CARTESIAN_POINT ( 'NONE',  ( 2.032604911331567621, 0.7819045920933291871, -1.695000000000000062 ) ) ;
#3688 = ORIENTED_EDGE ( 'NONE', *, *, #3209, .F. ) ;
#3689 = DIRECTION ( 'NONE',  ( -0.1378445374916289212, -0.9808148484639891418, 0.1378445374916289490 ) ) ;
#3690 = VERTEX_POINT ( 'NONE', #1582 ) ;
#3691 = ORIENTED_EDGE ( 'NONE', *, *, #2084, .F. ) ;
#3692 = DIRECTION ( 'NONE',  ( -0.000000000000000000, -0.000000000000000000, 1.000000000000000000 ) ) ;
#3693 = EDGE_CURVE ( 'NONE', #3057, #3999, #4627, .T. ) ;
#3694 = VERTEX_POINT ( 'NONE', #4770 ) ;
#3695 = CARTESIAN_POINT ( 'NONE',  ( 2.032604911331567621, 0.7819045920933291871, 2.114999999999999769 ) ) ;
#3696 = VERTEX_POINT ( 'NONE', #294 ) ;
#3697 = CARTESIAN_POINT ( 'NONE',  ( 2.409250319958275544, 0.2939495563588615523, 1.694999999999999840 ) ) ;
#3698 = CARTESIAN_POINT ( 'NONE',  ( -1.804282219532241882, 0.9940414030041621052, -2.304282219532237885 ) ) ;
#3699 = DIRECTION ( 'NONE',  ( 1.000000000000000000, 0.000000000000000000, -0.000000000000000000 ) ) ;
#3700 = CARTESIAN_POINT ( 'NONE',  ( -2.391595276781875334, 0.04147067614532114893, -2.115000000000000213 ) ) ;
#3701 = ADVANCED_FACE ( 'NONE', ( #1155 ), #323, .F. ) ;
#3702 = ORIENTED_EDGE ( 'NONE', *, *, #1382, .F. ) ;
#3703 = VECTOR ( 'NONE', #3554, 1000.000000000000000 ) ;
#3704 = ORIENTED_EDGE ( 'NONE', *, *, #2578, .F. ) ;
#3705 = APPLICATION_CONTEXT ( 'automotive_design' ) ;
#3706 = EDGE_LOOP ( 'NONE', ( #2867, #1728, #1448, #2624, #1896, #4776, #3540, #4376, #3459, #37, #897, #4498 ) ) ;
#3707 = ORIENTED_EDGE ( 'NONE', *, *, #4949, .T. ) ;
#3708 = LINE ( 'NONE', #941, #342 ) ;
#3709 = DIRECTION ( 'NONE',  ( 0.000000000000000000, 0.000000000000000000, 1.000000000000000000 ) ) ;
#3710 = ORIENTED_EDGE ( 'NONE', *, *, #4077, .F. ) ;
#3711 = ORIENTED_EDGE ( 'NONE', *, *, #3767, .T. ) ;
#3712 = ORIENTED_EDGE ( 'NONE', *, *, #2884, .F. ) ;
#3713 = LINE ( 'NONE', #2889, #3823 ) ;
#3714 = EDGE_CURVE ( 'NONE', #273, #2304, #2741, .T. ) ;
#3715 = CARTESIAN_POINT ( 'NONE',  ( 2.376657705662685416, 0.2882025990867243537, 0.8450000000000000844 ) ) ;
#3716 = AXIS2_PLACEMENT_3D ( 'NONE', #291, #1519, #2704 ) ;
#3717 = CARTESIAN_POINT ( 'NONE',  ( 2.391595276781875334, 0.04147067614532114893, -0.4250000000000000444 ) ) ;
#3718 = DIRECTION ( 'NONE',  ( -0.000000000000000000, 0.000000000000000000, 1.000000000000000000 ) ) ;
#3719 = EDGE_LOOP ( 'NONE', ( #4649, #1059, #3404, #1662 ) ) ;
#3720 = DIRECTION ( 'NONE',  ( 0.9848077530122083534, -0.1736481776669290544, 0.000000000000000000 ) ) ;
#3721 = DIRECTION ( 'NONE',  ( 0.9848077530122080203, 0.1736481776669306643, 0.000000000000000000 ) ) ;
#3722 = ORIENTED_EDGE ( 'NONE', *, *, #3601, .T. ) ;
#3723 = CARTESIAN_POINT ( 'NONE',  ( -1.949992964849197818, 0.8149499423009832766, -2.301452754537959500 ) ) ;
#3724 = VERTEX_POINT ( 'NONE', #715 ) ;
#3725 = VECTOR ( 'NONE', #3424, 1000.000000000000114 ) ;
#3726 = CARTESIAN_POINT ( 'NONE',  ( 1.950000000000000400, 0.8149999999999995026, 0.8450000000000000844 ) ) ;
#3727 = EDGE_CURVE ( 'NONE', #955, #2218, #992, .T. ) ;
#3728 = CARTESIAN_POINT ( 'NONE',  ( 2.406941701005582690, 0.2609347672024824316, -1.695000000000000062 ) ) ;
#3729 = AXIS2_PLACEMENT_3D ( 'NONE', #197, #2154, #1764 ) ;
#3730 = ORIENTED_EDGE ( 'NONE', *, *, #2911, .T. ) ;
#3731 = CARTESIAN_POINT ( 'NONE',  ( -0.8500000000000007550, 1.600000000000000089, -1.949999999999997291 ) ) ;
#3732 = VERTEX_POINT ( 'NONE', #3652 ) ;
#3733 = CARTESIAN_POINT ( 'NONE',  ( -2.065197525627158637, 0.7876515493654663302, 0.8450000000000000844 ) ) ;
#3734 = CARTESIAN_POINT ( 'NONE',  ( -2.032604911331567621, 0.7819045920933291871, 0.8450000000000000844 ) ) ;
#3735 = DIRECTION ( 'NONE',  ( 0.000000000000000000, 0.000000000000000000, 1.000000000000000000 ) ) ;
#3736 = SURFACE_SIDE_STYLE ('',( #1515 ) ) ;
#3737 = ORIENTED_EDGE ( 'NONE', *, *, #1694, .T. ) ;
#3738 = VECTOR ( 'NONE', #5152, 1000.000000000000114 ) ;
#3739 = CARTESIAN_POINT ( 'NONE',  ( -1.950000000000000400, 1.034999999999999698, -0.8450000000000000844 ) ) ;
#3740 = EDGE_CURVE ( 'NONE', #664, #3017, #1403, .T. ) ;
#3741 = ORIENTED_EDGE ( 'NONE', *, *, #2037, .F. ) ;
#3742 = ORIENTED_EDGE ( 'NONE', *, *, #3199, .F. ) ;
#3743 = ADVANCED_FACE ( 'NONE', ( #4611 ), #1800, .F. ) ;
#3744 = DIRECTION ( 'NONE',  ( 0.000000000000000000, 0.000000000000000000, 1.000000000000000000 ) ) ;
#3745 = VERTEX_POINT ( 'NONE', #3760 ) ;
#3746 = FACE_OUTER_BOUND ( 'NONE', #3798, .T. ) ;
#3747 = CARTESIAN_POINT ( 'NONE',  ( 2.159999999999999698, 0.2499999999999997224, -0.8450000000000000844 ) ) ;
#3748 = CARTESIAN_POINT ( 'NONE',  ( -1.950000000000000400, 0.8149999999999995026, -2.115000000000000213 ) ) ;
#3749 = ORIENTED_EDGE ( 'NONE', *, *, #2133, .F. ) ;
#3750 = EDGE_LOOP ( 'NONE', ( #86, #2891, #4757, #1929 ) ) ;
#3751 = EDGE_CURVE ( 'NONE', #3659, #4248, #1134, .T. ) ;
#3752 = EDGE_LOOP ( 'NONE', ( #570, #2922, #3551, #2188 ) ) ;
#3753 = VECTOR ( 'NONE', #2156, 1000.000000000000114 ) ;
#3754 = CARTESIAN_POINT ( 'NONE',  ( -2.999999999999999556, 0.2194640910571620529, -0.4250000000000000444 ) ) ;
#3755 = ADVANCED_FACE ( 'NONE', ( #2721 ), #3830, .F. ) ;
#3756 = CARTESIAN_POINT ( 'NONE',  ( 2.065197525627158193, 0.7876515493654663302, -1.695000000000000062 ) ) ;
#3757 = CARTESIAN_POINT ( 'NONE',  ( 2.999999999999999556, 0.2194640910571620529, -1.695000000000000062 ) ) ;
#3758 = ORIENTED_EDGE ( 'NONE', *, *, #2307, .T. ) ;
#3759 = DIRECTION ( 'NONE',  ( 0.000000000000000000, -0.1391731009600658264, 0.9902680687415703620 ) ) ;
#3760 = CARTESIAN_POINT ( 'NONE',  ( 2.376657705662685416, 0.2882025990867243537, 1.694999999999999840 ) ) ;
#3761 = ORIENTED_EDGE ( 'NONE', *, *, #3219, .F. ) ;
#3762 = EDGE_LOOP ( 'NONE', ( #3704, #1199, #2367, #1249 ) ) ;
#3763 = VECTOR ( 'NONE', #794, 1000.000000000000000 ) ;
#3764 = DIRECTION ( 'NONE',  ( 0.000000000000000000, 0.000000000000000000, -1.000000000000000000 ) ) ;
#3765 = CARTESIAN_POINT ( 'NONE',  ( -1.708000134611673326, 0.1500000000000006051, 2.226147334250474952 ) ) ;
#3766 = AXIS2_PLACEMENT_3D ( 'NONE', #4092, #396, #790 ) ;
#3767 = EDGE_CURVE ( 'NONE', #1956, #3003, #4465, .T. ) ;
#3768 = ORIENTED_EDGE ( 'NONE', *, *, #504, .T. ) ;
#3769 = EDGE_LOOP ( 'NONE', ( #4319, #2206, #4403, #5031 ) ) ;
#3770 = CARTESIAN_POINT ( 'NONE',  ( -1.663367192792296612, 1.570875965144010067, 2.374687544561710162 ) ) ;
#3771 = CARTESIAN_POINT ( 'NONE',  ( -2.984653575776291756, 6.428775942946129489E-16, 0.8450000000000000844 ) ) ;
#3772 = CARTESIAN_POINT ( 'NONE',  ( 2.406941701005582690, 0.2609347672024824316, -0.4250000000000000444 ) ) ;
#3773 = ORIENTED_EDGE ( 'NONE', *, *, #2682, .F. ) ;
#3774 = DIRECTION ( 'NONE',  ( -0.000000000000000000, -0.000000000000000000, -1.000000000000000000 ) ) ;
#3775 = EDGE_CURVE ( 'NONE', #1891, #1975, #1009, .T. ) ;
#3776 = CARTESIAN_POINT ( 'NONE',  ( 2.999999999999999556, 0.2194640910571620529, -2.115000000000000213 ) ) ;
#3777 =( BOUNDED_CURVE ( )  B_SPLINE_CURVE ( 3, ( #1183, #2010, #23, #3632 ),
 .UNSPECIFIED., .F., .F. ) 
 B_SPLINE_CURVE_WITH_KNOTS ( ( 4, 4 ),
 ( 3.141592653589793116, 3.151277835258270876 ),
 .UNSPECIFIED. ) 
 CURVE ( )  GEOMETRIC_REPRESENTATION_ITEM ( )  RATIONAL_B_SPLINE_CURVE ( ( 1.000000000000000000, 0.9999921831199466427, 0.9999921831199466427, 1.000000000000000000 ) ) 
 REPRESENTATION_ITEM ( '' )  );
#3778 = AXIS2_PLACEMENT_3D ( 'NONE', #1186, #3910, #4750 ) ;
#3779 = EDGE_CURVE ( 'NONE', #1474, #3945, #1017, .T. ) ;
#3780 = ORIENTED_EDGE ( 'NONE', *, *, #1819, .F. ) ;
#3781 = VERTEX_POINT ( 'NONE', #4879 ) ;
#3782 =( GEOMETRIC_REPRESENTATION_CONTEXT ( 3 ) GLOBAL_UNCERTAINTY_ASSIGNED_CONTEXT ( ( #1042 ) ) GLOBAL_UNIT_ASSIGNED_CONTEXT ( ( #4413, #4828, #2371 ) ) REPRESENTATION_CONTEXT ( 'NONE', 'WORKASPACE' ) );
#3783 = CARTESIAN_POINT ( 'NONE',  ( 1.726147334250474730, 1.550000000000000266, 2.226147334250473619 ) ) ;
#3784 = DIRECTION ( 'NONE',  ( -1.000000000000000000, 0.000000000000000000, 0.000000000000000000 ) ) ;
#3785 = ORIENTED_EDGE ( 'NONE', *, *, #1307, .F. ) ;
#3786 = LINE ( 'NONE', #2592, #2022 ) ;
#3787 = CARTESIAN_POINT ( 'NONE',  ( 2.065197525627158637, 0.7876515493654663302, -0.8450000000000000844 ) ) ;
#3788 = DIRECTION ( 'NONE',  ( 0.1378445374916289212, -0.9808148484639890308, -0.1378445374916289490 ) ) ;
#3789 = VERTEX_POINT ( 'NONE', #2125 ) ;
#3790 = ORIENTED_EDGE ( 'NONE', *, *, #998, .F. ) ;
#3791 = ADVANCED_FACE ( 'NONE', ( #2748 ), #194, .F. ) ;
#3792 = AXIS2_PLACEMENT_3D ( 'NONE', #1921, #172, #4152 ) ;
#3793 = ORIENTED_EDGE ( 'NONE', *, *, #2838, .T. ) ;
#3794 = VECTOR ( 'NONE', #2364, 1000.000000000000000 ) ;
#3795 = DIRECTION ( 'NONE',  ( 1.000000000000000000, 0.000000000000000000, 0.000000000000000000 ) ) ;
#3796 = PLANE ( 'NONE',  #4834 ) ;
#3797 = FILL_AREA_STYLE_COLOUR ( '', #2383 ) ;
#3798 = EDGE_LOOP ( 'NONE', ( #4807, #4847, #3560, #1297 ) ) ;
#3799 = CARTESIAN_POINT ( 'NONE',  ( 1.949154974055152811, 0.8089873279774171255, -2.387973030627470461 ) ) ;
#3800 = ORIENTED_EDGE ( 'NONE', *, *, #4029, .T. ) ;
#3801 = EDGE_CURVE ( 'NONE', #1021, #5021, #4497, .T. ) ;
#3802 = ORIENTED_EDGE ( 'NONE', *, *, #1499, .T. ) ;
#3803 = LINE ( 'NONE', #4791, #3763 ) ;
#3804 = CARTESIAN_POINT ( 'NONE',  ( -2.281855231289845243, 0.8258541484521909615, 0.4250000000000000444 ) ) ;
#3805 = ADVANCED_FACE ( 'NONE', ( #2760 ), #1256, .T. ) ;
#3806 = ORIENTED_EDGE ( 'NONE', *, *, #1613, .T. ) ;
#3807 = CARTESIAN_POINT ( 'NONE',  ( -2.032604911331567621, 0.8149999999999995026, 2.114999999999999769 ) ) ;
#3808 = VERTEX_POINT ( 'NONE', #46 ) ;
#3809 = DIRECTION ( 'NONE',  ( 1.000000000000000000, 0.000000000000000000, 0.000000000000000000 ) ) ;
#3810 = EDGE_CURVE ( 'NONE', #4982, #3358, #1247, .T. ) ;
#3811 = ORIENTED_EDGE ( 'NONE', *, *, #578, .T. ) ;
#3812 = EDGE_CURVE ( 'NONE', #3164, #713, #1352, .T. ) ;
#3813 = ORIENTED_EDGE ( 'NONE', *, *, #4702, .F. ) ;
#3814 = ORIENTED_EDGE ( 'NONE', *, *, #433, .T. ) ;
#3815 = DIRECTION ( 'NONE',  ( -0.9848077530122083534, -0.1736481776669290544, 0.000000000000000000 ) ) ;
#3816 = DIRECTION ( 'NONE',  ( -0.000000000000000000, -0.000000000000000000, -1.000000000000000000 ) ) ;
#3817 = ORIENTED_EDGE ( 'NONE', *, *, #2227, .T. ) ;
#3818 = VECTOR ( 'NONE', #1356, 1000.000000000000000 ) ;
#3819 = DIRECTION ( 'NONE',  ( 0.000000000000000000, 0.000000000000000000, -1.000000000000000000 ) ) ;
#3820 = EDGE_CURVE ( 'NONE', #993, #573, #4733, .T. ) ;
#3821 = ORIENTED_EDGE ( 'NONE', *, *, #5187, .F. ) ;
#3822 = VECTOR ( 'NONE', #476, 1000.000000000000114 ) ;
#3823 = VECTOR ( 'NONE', #4599, 1000.000000000000114 ) ;
#3824 = DIRECTION ( 'NONE',  ( -0.000000000000000000, -0.000000000000000000, -1.000000000000000000 ) ) ;
#3825 = DIRECTION ( 'NONE',  ( 0.000000000000000000, -0.000000000000000000, -1.000000000000000000 ) ) ;
#3826 = CARTESIAN_POINT ( 'NONE',  ( 1.726147334250474730, 1.550000000000000266, 2.226147334250474064 ) ) ;
#3827 = CARTESIAN_POINT ( 'NONE',  ( -1.838056595621275768, 1.396186562315030910, 2.399238539048957453 ) ) ;
#3828 = VERTEX_POINT ( 'NONE', #2594 ) ;
#3829 = CARTESIAN_POINT ( 'NONE',  ( -1.663367192792296834, 1.570875965144009845, -2.374687544561707497 ) ) ;
#3830 = PLANE ( 'NONE',  #2126 ) ;
#3831 = EDGE_CURVE ( 'NONE', #3358, #2254, #3046, .T. ) ;
#3832 = LINE ( 'NONE', #1007, #1954 ) ;
#3833 = CARTESIAN_POINT ( 'NONE',  ( -1.950000000000000400, 1.034999999999999698, -2.115000000000000213 ) ) ;
#3834 = DIRECTION ( 'NONE',  ( -1.000000000000000000, -0.000000000000000000, 2.224004456380522889E-16 ) ) ;
#3835 = AXIS2_PLACEMENT_3D ( 'NONE', #1500, #335, #3857 ) ;
#3836 = EDGE_LOOP ( 'NONE', ( #4802, #3493, #3035, #3521 ) ) ;
#3837 = DIRECTION ( 'NONE',  ( -1.000000000000000000, 0.000000000000000000, 0.000000000000000000 ) ) ;
#3838 = CARTESIAN_POINT ( 'NONE',  ( -1.204999999999998961, 0.2500000000000006106, -1.650000000000000355 ) ) ;
#3839 = CARTESIAN_POINT ( 'NONE',  ( 2.999999999999999556, 0.2194640910571620529, -0.4250000000000000444 ) ) ;
#3840 =( NAMED_UNIT ( * ) SI_UNIT ( $, .STERADIAN. ) SOLID_ANGLE_UNIT ( ) );
#3841 = EDGE_CURVE ( 'NONE', #1684, #679, #1362, .T. ) ;
#3842 = ADVANCED_FACE ( 'NONE', ( #3013 ), #2453, .F. ) ;
#3843 = ORIENTED_EDGE ( 'NONE', *, *, #4674, .F. ) ;
#3844 = FILL_AREA_STYLE_COLOUR ( '', #4865 ) ;
#3845 = FACE_OUTER_BOUND ( 'NONE', #3423, .T. ) ;
#3846 = CARTESIAN_POINT ( 'NONE',  ( -2.999999999999999556, 0.2194640910571620529, -1.695000000000000062 ) ) ;
#3847 = EDGE_CURVE ( 'NONE', #365, #4451, #1165, .T. ) ;
#3848 = AXIS2_PLACEMENT_3D ( 'NONE', #5166, #4353, #4104 ) ;
#3849 = ORIENTED_EDGE ( 'NONE', *, *, #4261, .T. ) ;
#3850 = LINE ( 'NONE', #4339, #376 ) ;
#3851 = CYLINDRICAL_SURFACE ( 'NONE', #2950, 0.2530954079066702889 ) ;
#3852 = CARTESIAN_POINT ( 'NONE',  ( 1.205000000000001181, 0.2500000000000006106, 1.650000000000000355 ) ) ;
#3853 = EDGE_CURVE ( 'NONE', #3696, #298, #1277, .T. ) ;
#3854 = CARTESIAN_POINT ( 'NONE',  ( -2.406941701005582690, 0.2609347672024824316, 2.114999999999999769 ) ) ;
#3855 = CARTESIAN_POINT ( 'NONE',  ( 2.065197525627158193, 0.7876515493654663302, 2.114999999999999769 ) ) ;
#3856 = ORIENTED_EDGE ( 'NONE', *, *, #427, .T. ) ;
#3857 = DIRECTION ( 'NONE',  ( 0.000000000000000000, 0.000000000000000000, 1.000000000000000000 ) ) ;
#3858 = VECTOR ( 'NONE', #1974, 1000.000000000000000 ) ;
#3859 = VECTOR ( 'NONE', #4756, 1000.000000000000000 ) ;
#3860 = CARTESIAN_POINT ( 'NONE',  ( 1.950000000000000400, 1.034999999999999698, 2.114999999999999769 ) ) ;
#3861 = DIRECTION ( 'NONE',  ( 0.1736481776669306365, 0.9848077530122080203, -0.000000000000000000 ) ) ;
#3862 = ORIENTED_EDGE ( 'NONE', *, *, #5058, .T. ) ;
#3863 = CARTESIAN_POINT ( 'NONE',  ( -2.409250319958275544, 0.2939495563588615523, -0.8450000000000000844 ) ) ;
#3864 = ADVANCED_FACE ( 'NONE', ( #2993 ), #1432, .F. ) ;
#3865 = AXIS2_PLACEMENT_3D ( 'NONE', #3458, #1333, #954 ) ;
#3866 = CIRCLE ( 'NONE', #1112, 0.1499999999999999667 ) ;
#3867 = DIRECTION ( 'NONE',  ( -0.000000000000000000, -0.000000000000000000, -1.000000000000000000 ) ) ;
#3868 = CARTESIAN_POINT ( 'NONE',  ( -2.032604911331567621, 0.7819045920933291871, 0.4250000000000000444 ) ) ;
#3869 = ORIENTED_EDGE ( 'NONE', *, *, #2729, .T. ) ;
#3870 = CARTESIAN_POINT ( 'NONE',  ( 2.409250319958275544, 0.2939495563588615523, 0.8450000000000000844 ) ) ;
#3871 = EDGE_CURVE ( 'NONE', #2237, #696, #569, .T. ) ;
#3872 = ADVANCED_FACE ( 'NONE', ( #4798 ), #1342, .F. ) ;
#3873 = PLANE ( 'NONE',  #4364 ) ;
#3874 = ORIENTED_EDGE ( 'NONE', *, *, #2637, .T. ) ;
#3875 = EDGE_CURVE ( 'NONE', #3636, #2537, #1302, .T. ) ;
#3876 = CARTESIAN_POINT ( 'NONE',  ( 2.376657705662685416, 0.2882025990867243537, 0.8450000000000000844 ) ) ;
#3877 = DIRECTION ( 'NONE',  ( 0.000000000000000000, 0.000000000000000000, 1.000000000000000000 ) ) ;
#3878 = AXIS2_PLACEMENT_3D ( 'NONE', #2123, #2856, #3266 ) ;
#3879 = ORIENTED_EDGE ( 'NONE', *, *, #4920, .T. ) ;
#3880 = DIRECTION ( 'NONE',  ( 0.06975647374412462243, -0.9975640502598243087, 0.000000000000000000 ) ) ;
#3881 = CARTESIAN_POINT ( 'NONE',  ( 2.281855231289845243, 0.8258541484521909615, 2.114999999999999769 ) ) ;
#3882 = EDGE_CURVE ( 'NONE', #4608, #3781, #3001, .T. ) ;
#3883 = ORIENTED_EDGE ( 'NONE', *, *, #4831, .T. ) ;
#3884 = DIRECTION ( 'NONE',  ( 0.06975647374412569102, -0.9975640502598241977, 0.000000000000000000 ) ) ;
#3885 = DIRECTION ( 'NONE',  ( -0.9975640502598243087, -0.06975647374412462243, 0.000000000000000000 ) ) ;
#3886 = ORIENTED_EDGE ( 'NONE', *, *, #4674, .T. ) ;
#3887 = FILL_AREA_STYLE ('',( #4612 ) ) ;
#3888 = AXIS2_PLACEMENT_3D ( 'NONE', #2869, #4815, #57 ) ;
#3889 = SURFACE_SIDE_STYLE ('',( #5111 ) ) ;
#3890 = DIRECTION ( 'NONE',  ( 0.000000000000000000, -0.9902680687415703620, 0.1391731009600657432 ) ) ;
#3891 = FACE_OUTER_BOUND ( 'NONE', #3912, .T. ) ;
#3892 = ORIENTED_EDGE ( 'NONE', *, *, #2069, .T. ) ;
#3893 = ORIENTED_EDGE ( 'NONE', *, *, #706, .T. ) ;
#3894 = EDGE_CURVE ( 'NONE', #1684, #1455, #4772, .T. ) ;
#3895 = SURFACE_STYLE_USAGE ( .BOTH. , #3095 ) ;
#3896 = PRESENTATION_LAYER_ASSIGNMENT (  '', '', ( #1064 ) ) ;
#3897 = DIRECTION ( 'NONE',  ( 0.000000000000000000, -0.000000000000000000, -1.000000000000000000 ) ) ;
#3898 = VERTEX_POINT ( 'NONE', #3174 ) ;
#3899 = ORIENTED_EDGE ( 'NONE', *, *, #4503, .T. ) ;
#3900 = DIRECTION ( 'NONE',  ( 1.000000000000000000, 0.000000000000000000, 0.000000000000000000 ) ) ;
#3901 = EDGE_CURVE ( 'NONE', #1326, #171, #4805, .T. ) ;
#3902 = CARTESIAN_POINT ( 'NONE',  ( -2.281855231289845243, 0.8258541484521909615, -1.695000000000000062 ) ) ;
#3903 = EDGE_CURVE ( 'NONE', #338, #4412, #1294, .T. ) ;
#3904 = DIRECTION ( 'NONE',  ( 0.000000000000000000, 0.000000000000000000, 1.000000000000000000 ) ) ;
#3905 = DIRECTION ( 'NONE',  ( -0.000000000000000000, -0.000000000000000000, -1.000000000000000000 ) ) ;
#3906 =( LENGTH_UNIT ( ) NAMED_UNIT ( * ) SI_UNIT ( .MILLI., .METRE. ) );
#3907 = VERTEX_POINT ( 'NONE', #272 ) ;
#3908 = CARTESIAN_POINT ( 'NONE',  ( 2.032604911331567621, 0.8149999999999995026, -1.695000000000000062 ) ) ;
#3909 = CARTESIAN_POINT ( 'NONE',  ( -1.949992964849197818, 0.8149499423009832766, -2.301452754537959500 ) ) ;
#3910 = DIRECTION ( 'NONE',  ( 0.000000000000000000, -0.000000000000000000, -1.000000000000000000 ) ) ;
#3911 =( BOUNDED_CURVE ( )  B_SPLINE_CURVE ( 3, ( #2490, #1690, #882, #1327 ),
 .UNSPECIFIED., .F., .F. ) 
 B_SPLINE_CURVE_WITH_KNOTS ( ( 4, 4 ),
 ( 0.000000000000000000, 0.009685181668477801931 ),
 .UNSPECIFIED. ) 
 CURVE ( )  GEOMETRIC_REPRESENTATION_ITEM ( )  RATIONAL_B_SPLINE_CURVE ( ( 1.000000000000000000, 0.9999921831199466427, 0.9999921831199466427, 1.000000000000000000 ) ) 
 REPRESENTATION_ITEM ( '' )  );
#3912 = EDGE_LOOP ( 'NONE', ( #2817, #4351, #1426, #2577 ) ) ;
#3913 = VERTEX_POINT ( 'NONE', #4208 ) ;
#3914 = AXIS2_PLACEMENT_3D ( 'NONE', #2523, #3234, #914 ) ;
#3915 = CARTESIAN_POINT ( 'NONE',  ( -2.032604911331567621, 0.7819045920933291871, -1.695000000000000062 ) ) ;
#3916 =( GEOMETRIC_REPRESENTATION_CONTEXT ( 3 ) GLOBAL_UNCERTAINTY_ASSIGNED_CONTEXT ( ( #2845 ) ) GLOBAL_UNIT_ASSIGNED_CONTEXT ( ( #2579, #320, #4289 ) ) REPRESENTATION_CONTEXT ( 'NONE', 'WORKASPACE' ) );
#3917 = LINE ( 'NONE', #1551, #4025 ) ;
#3918 = CARTESIAN_POINT ( 'NONE',  ( 1.949999999999998179, 1.034999999999999698, -2.299999999999997158 ) ) ;
#3919 = CARTESIAN_POINT ( 'NONE',  ( 1.859716958913698814, 0.1726027830097684457, 2.211176748602463604 ) ) ;
#3920 = ORIENTED_EDGE ( 'NONE', *, *, #2849, .T. ) ;
#3921 = AXIS2_PLACEMENT_3D ( 'NONE', #1782, #1308, #1707 ) ;
#3922 = LINE ( 'NONE', #520, #547 ) ;
#3923 = EDGE_CURVE ( 'NONE', #2181, #1529, #2919, .T. ) ;
#3924 = DIRECTION ( 'NONE',  ( -1.000000000000000000, 0.000000000000000000, 0.000000000000000000 ) ) ;
#3925 = ORIENTED_EDGE ( 'NONE', *, *, #636, .T. ) ;
#3926 = ORIENTED_EDGE ( 'NONE', *, *, #3469, .F. ) ;
#3927 = CARTESIAN_POINT ( 'NONE',  ( -1.874687544561711494, 0.2791240348559906326, 2.226147334250474952 ) ) ;
#3928 = AXIS2_PLACEMENT_3D ( 'NONE', #899, #1306, #2117 ) ;
#3929 = EDGE_CURVE ( 'NONE', #4000, #148, #3037, .T. ) ;
#3930 = DIRECTION ( 'NONE',  ( -0.000000000000000000, 0.000000000000000000, 1.000000000000000000 ) ) ;
#3931 = VECTOR ( 'NONE', #4716, 1000.000000000000000 ) ;
#3932 = CARTESIAN_POINT ( 'NONE',  ( -1.950000000000000400, 1.034999999999999698, -1.695000000000000062 ) ) ;
#3933 = ORIENTED_EDGE ( 'NONE', *, *, #4858, .F. ) ;
#3934 = CARTESIAN_POINT ( 'NONE',  ( -1.950000000000000400, 1.034999999999999698, -0.4250000000000000444 ) ) ;
#3935 = UNCERTAINTY_MEASURE_WITH_UNIT (LENGTH_MEASURE( 1.000000000000000082E-05 ), #628, 'distance_accuracy_value', 'NONE');
#3936 = ORIENTED_EDGE ( 'NONE', *, *, #5079, .T. ) ;
#3937 = DIRECTION ( 'NONE',  ( -0.000000000000000000, -0.000000000000000000, -1.000000000000000000 ) ) ;
#3938 = VECTOR ( 'NONE', #1805, 1000.000000000000000 ) ;
#3939 = DIRECTION ( 'NONE',  ( 1.000000000000000000, 0.000000000000000000, 0.000000000000000000 ) ) ;
#3940 = LINE ( 'NONE', #1567, #474 ) ;
#3941 = EDGE_CURVE ( 'NONE', #1587, #3732, #4706, .T. ) ;
#3942 = LINE ( 'NONE', #920, #490 ) ;
#3943 = CARTESIAN_POINT ( 'NONE',  ( 1.801452754537959056, 0.8149499423009839427, -2.449992964849194266 ) ) ;
#3944 = ORIENTED_EDGE ( 'NONE', *, *, #5179, .T. ) ;
#3945 = VERTEX_POINT ( 'NONE', #4305 ) ;
#3946 = AXIS2_PLACEMENT_3D ( 'NONE', #4221, #1026, #4616 ) ;
#3947 = ORIENTED_EDGE ( 'NONE', *, *, #289, .T. ) ;
#3948 = CARTESIAN_POINT ( 'NONE',  ( -2.032604911331567621, 0.8149999999999995026, -0.4250000000000000444 ) ) ;
#3949 = DIRECTION ( 'NONE',  ( -0.000000000000000000, 0.000000000000000000, -1.000000000000000000 ) ) ;
#3950 = VECTOR ( 'NONE', #3885, 1000.000000000000114 ) ;
#3951 = DIRECTION ( 'NONE',  ( 8.850629979473513407E-17, -3.081487911019577365E-33, 1.000000000000000000 ) ) ;
#3952 = VECTOR ( 'NONE', #2209, 1000.000000000000114 ) ;
#3953 = ORIENTED_EDGE ( 'NONE', *, *, #1598, .T. ) ;
#3954 = EDGE_CURVE ( 'NONE', #650, #698, #4782, .T. ) ;
#3955 = DIRECTION ( 'NONE',  ( -1.000000000000000000, 0.000000000000000000, 0.000000000000000000 ) ) ;
#3956 = ORIENTED_EDGE ( 'NONE', *, *, #3018, .T. ) ;
#3957 = ORIENTED_EDGE ( 'NONE', *, *, #2643, .F. ) ;
#3958 = AXIS2_PLACEMENT_3D ( 'NONE', #2042, #4850, #55 ) ;
#3959 = DIRECTION ( 'NONE',  ( 0.000000000000000000, -0.000000000000000000, -1.000000000000000000 ) ) ;
#3960 = VECTOR ( 'NONE', #5016, 1000.000000000000000 ) ;
#3961 = PLANE ( 'NONE',  #3407 ) ;
#3962 = FACE_OUTER_BOUND ( 'NONE', #3073, .T. ) ;
#3963 = CARTESIAN_POINT ( 'NONE',  ( -1.950000000000000400, 0.8149999999999995026, 2.114999999999999769 ) ) ;
#3964 = ORIENTED_EDGE ( 'NONE', *, *, #594, .F. ) ;
#3965 = EDGE_CURVE ( 'NONE', #1651, #1279, #2939, .T. ) ;
#3966 = ORIENTED_EDGE ( 'NONE', *, *, #1230, .T. ) ;
#3967 = VECTOR ( 'NONE', #3834, 1000.000000000000000 ) ;
#3968 = CARTESIAN_POINT ( 'NONE',  ( -1.726147334250476506, 0.2791240348559906326, -2.374687544561707497 ) ) ;
#3969 = FACE_OUTER_BOUND ( 'NONE', #1671, .T. ) ;
#3970 = CARTESIAN_POINT ( 'NONE',  ( 2.406941701005582690, 0.2609347672024824316, -0.4250000000000000444 ) ) ;
#3971 = ORIENTED_EDGE ( 'NONE', *, *, #2901, .T. ) ;
#3972 = ORIENTED_EDGE ( 'NONE', *, *, #2600, .F. ) ;
#3973 = CARTESIAN_POINT ( 'NONE',  ( -2.032604911331567621, 1.035000000000000364, 2.114999999999999769 ) ) ;
#3974 = ORIENTED_EDGE ( 'NONE', *, *, #763, .T. ) ;
#3975 = CARTESIAN_POINT ( 'NONE',  ( 2.391595276781875334, 0.04147067614532114893, -2.115000000000000213 ) ) ;
#3976 = DIRECTION ( 'NONE',  ( -0.9975640502598243087, -0.06975647374412462243, 0.000000000000000000 ) ) ;
#3977 = LINE ( 'NONE', #1108, #3950 ) ;
#3978 = ADVANCED_FACE ( 'NONE', ( #4647 ), #1334, .T. ) ;
#3979 = EDGE_CURVE ( 'NONE', #1122, #1651, #3072, .T. ) ;
#3980 = DIRECTION ( 'NONE',  ( -0.1378445374916289212, 0.9808148484639890308, -0.1378445374916288935 ) ) ;
#3981 = LINE ( 'NONE', #3983, #4030 ) ;
#3982 = ORIENTED_EDGE ( 'NONE', *, *, #864, .F. ) ;
#3983 = CARTESIAN_POINT ( 'NONE',  ( 1.952822429843474872, 0.8350826318518270730, -2.304282219532238773 ) ) ;
#3984 = VERTEX_POINT ( 'NONE', #725 ) ;
#3985 = LINE ( 'NONE', #597, #506 ) ;
#3986 = EDGE_CURVE ( 'NONE', #3781, #3003, #1174, .T. ) ;
#3987 = ADVANCED_FACE ( 'NONE', ( #1207 ), #2651, .F. ) ;
#3988 = FACE_OUTER_BOUND ( 'NONE', #2459, .T. ) ;
#3989 = ORIENTED_EDGE ( 'NONE', *, *, #1156, .T. ) ;
#3990 = CARTESIAN_POINT ( 'NONE',  ( 2.999999999999999556, 0.2194640910571620529, -0.8450000000000000844 ) ) ;
#3991 = CLOSED_SHELL ( 'NONE', ( #3366, #4681, #4308, #2343, #3486, #2763, #2288, #2984, #2388, #1037, #1290, #213, #863, #4992 ) ) ;
#3992 = EDGE_CURVE ( 'NONE', #826, #4787, #3080, .T. ) ;
#3993 = ORIENTED_EDGE ( 'NONE', *, *, #2964, .F. ) ;
#3994 = PLANE ( 'NONE',  #316 ) ;
#3995 = FACE_OUTER_BOUND ( 'NONE', #3322, .T. ) ;
#3996 = DIRECTION ( 'NONE',  ( 0.1378445374916289490, -0.9808148484639890308, 0.1378445374916288657 ) ) ;
#3997 = LINE ( 'NONE', #4789, #2295 ) ;
#3998 = DIRECTION ( 'NONE',  ( 0.1378445374916289212, -0.9808148484639890308, 0.1378445374916288657 ) ) ;
#3999 = VERTEX_POINT ( 'NONE', #2135 ) ;
#4000 = VERTEX_POINT ( 'NONE', #893 ) ;
#4001 = AXIS2_PLACEMENT_3D ( 'NONE', #2947, #3629, #1628 ) ;
#4002 = EDGE_LOOP ( 'NONE', ( #4306, #3231, #2784, #3925 ) ) ;
#4003 = LINE ( 'NONE', #2345, #2301 ) ;
#4004 = AXIS2_PLACEMENT_3D ( 'NONE', #946, #1759, #1285 ) ;
#4005 = DIRECTION ( 'NONE',  ( -0.9975640502598241977, 0.06975647374412569102, 0.000000000000000000 ) ) ;
#4006 = DIRECTION ( 'NONE',  ( -0.9975640502598243087, -0.06975647374412462243, 0.000000000000000000 ) ) ;
#4007 = ORIENTED_EDGE ( 'NONE', *, *, #938, .T. ) ;
#4008 = VERTEX_POINT ( 'NONE', #2834 ) ;
#4009 = DIRECTION ( 'NONE',  ( 0.000000000000000000, -0.000000000000000000, 1.000000000000000000 ) ) ;
#4010 = CARTESIAN_POINT ( 'NONE',  ( -2.032604911331567621, 0.7819045920933291871, -1.695000000000000062 ) ) ;
#4011 = CARTESIAN_POINT ( 'NONE',  ( -0.1449098930730767787, 3.089333264863229900, -2.161282288199228852 ) ) ;
#4012 = EDGE_LOOP ( 'NONE', ( #2874, #5104, #33, #220 ) ) ;
#4013 = CARTESIAN_POINT ( 'NONE',  ( 2.032604911331567621, 0.7819045920933291871, 0.8450000000000000844 ) ) ;
#4014 = EDGE_CURVE ( 'NONE', #1377, #2970, #4714, .T. ) ;
#4015 = VECTOR ( 'NONE', #560, 1000.000000000000000 ) ;
#4016 = AXIS2_PLACEMENT_3D ( 'NONE', #3223, #3640, #3558 ) ;
#4017 = CYLINDRICAL_SURFACE ( 'NONE', #5137, 0.03309540790667016286 ) ;
#4018 = CARTESIAN_POINT ( 'NONE',  ( -2.159999999999999698, 0.2499999999999997224, -2.115000000000000213 ) ) ;
#4019 = ORIENTED_EDGE ( 'NONE', *, *, #4762, .F. ) ;
#4020 = VERTEX_POINT ( 'NONE', #3975 ) ;
#4021 = ORIENTED_EDGE ( 'NONE', *, *, #3199, .T. ) ;
#4022 = CARTESIAN_POINT ( 'NONE',  ( -0.8500000000000007550, 1.600000000000000089, -1.349999999999997424 ) ) ;
#4023 = PLANE ( 'NONE',  #5038 ) ;
#4024 = PLANE ( 'NONE',  #147 ) ;
#4025 = VECTOR ( 'NONE', #1962, 1000.000000000000000 ) ;
#4026 = ADVANCED_FACE ( 'NONE', ( #2928 ), #2081, .F. ) ;
#4027 = EDGE_CURVE ( 'NONE', #4008, #955, #4662, .T. ) ;
#4028 = CARTESIAN_POINT ( 'NONE',  ( 1.950000000000000400, 1.034999999999999698, -2.115000000000000213 ) ) ;
#4029 = EDGE_CURVE ( 'NONE', #4478, #870, #2949, .T. ) ;
#4030 = VECTOR ( 'NONE', #2766, 1000.000000000000114 ) ;
#4031 = ORIENTED_EDGE ( 'NONE', *, *, #2753, .T. ) ;
#4032 = CARTESIAN_POINT ( 'NONE',  ( 1.949154974055154144, 1.041012672022579411, 2.387973030627471349 ) ) ;
#4033 = EDGE_LOOP ( 'NONE', ( #4849, #4728, #3317, #1291 ) ) ;
#4034 = ORIENTED_EDGE ( 'NONE', *, *, #873, .T. ) ;
#4035 = CARTESIAN_POINT ( 'NONE',  ( 2.281855231289845243, 0.8258541484521909615, 0.8450000000000000844 ) ) ;
#4036 = DIRECTION ( 'NONE',  ( 0.000000000000000000, 1.000000000000000000, 0.000000000000000000 ) ) ;
#4037 = ADVANCED_FACE ( 'NONE', ( #4673 ), #1214, .T. ) ;
#4038 = VECTOR ( 'NONE', #4372, 1000.000000000000000 ) ;
#4039 = DIRECTION ( 'NONE',  ( -8.758857983683601053E-15, -1.266183047253567509E-29, 1.000000000000000000 ) ) ;
#4040 = DIRECTION ( 'NONE',  ( 0.000000000000000000, 0.000000000000000000, 1.000000000000000000 ) ) ;
#4041 = VERTEX_POINT ( 'NONE', #3212 ) ;
#4042 = ORIENTED_EDGE ( 'NONE', *, *, #4358, .T. ) ;
#4043 = DIRECTION ( 'NONE',  ( -0.9975640502598243087, 0.06975647374412446977, 0.000000000000000000 ) ) ;
#4044 = LINE ( 'NONE', #982, #454 ) ;
#4045 = CARTESIAN_POINT ( 'NONE',  ( 2.409250319958275544, 0.2939495563588615523, 2.114999999999999769 ) ) ;
#4046 = CIRCLE ( 'NONE', #1510, 0.2999999999999999334 ) ;
#4047 = CARTESIAN_POINT ( 'NONE',  ( 2.406941701005582690, 0.2609347672024824316, -0.8450000000000000844 ) ) ;
#4048 = ORIENTED_EDGE ( 'NONE', *, *, #590, .F. ) ;
#4049 = ORIENTED_EDGE ( 'NONE', *, *, #708, .F. ) ;
#4050 = DIRECTION ( 'NONE',  ( -0.000000000000000000, -0.000000000000000000, -1.000000000000000000 ) ) ;
#4051 = PLANE ( 'NONE',  #3616 ) ;
#4052 = CARTESIAN_POINT ( 'NONE',  ( -1.950000000000000400, 1.034999999999999698, 0.8450000000000000844 ) ) ;
#4053 = EDGE_LOOP ( 'NONE', ( #5167, #1181, #5059, #4259 ) ) ;
#4054 = DIRECTION ( 'NONE',  ( -0.9975640502598241977, 0.06975647374412569102, 0.000000000000000000 ) ) ;
#4055 = FILL_AREA_STYLE ('',( #4367 ) ) ;
#4056 = VECTOR ( 'NONE', #4507, 1000.000000000000000 ) ;
#4057 = LINE ( 'NONE', #2106, #548 ) ;
#4058 = DIRECTION ( 'NONE',  ( -1.000000000000000000, 0.000000000000000000, 0.000000000000000000 ) ) ;
#4059 = EDGE_LOOP ( 'NONE', ( #4557, #5138, #333, #1044, #2839, #183, #3500, #2, #3712, #4409, #2787, #2703 ) ) ;
#4060 = ORIENTED_EDGE ( 'NONE', *, *, #975, .F. ) ;
#4061 = ORIENTED_EDGE ( 'NONE', *, *, #4571, .F. ) ;
#4062 = ADVANCED_FACE ( 'NONE', ( #2963 ), #1267, .F. ) ;
#4063 = CARTESIAN_POINT ( 'NONE',  ( -1.801452754537961276, 0.8149499423009839427, 2.449992964849196042 ) ) ;
#4064 = DIRECTION ( 'NONE',  ( 0.000000000000000000, 0.1391731009600661872, -0.9902680687415701399 ) ) ;
#4065 = AXIS2_PLACEMENT_3D ( 'NONE', #719, #1902, #4297 ) ;
#4066 = CARTESIAN_POINT ( 'NONE',  ( 1.950000000000000400, 1.034999999999999698, -1.695000000000000062 ) ) ;
#4067 = VECTOR ( 'NONE', #1148, 1000.000000000000000 ) ;
#4068 = ORIENTED_EDGE ( 'NONE', *, *, #4702, .T. ) ;
#4069 = CARTESIAN_POINT ( 'NONE',  ( -1.736413294332723734, 1.497829863603582945, -2.384953504643954503 ) ) ;
#4070 = ORIENTED_EDGE ( 'NONE', *, *, #967, .T. ) ;
#4071 = ORIENTED_EDGE ( 'NONE', *, *, #4712, .T. ) ;
#4072 = CARTESIAN_POINT ( 'NONE',  ( 1.799999999999998268, 1.034999999999999698, -2.449999999999997513 ) ) ;
#4073 = VECTOR ( 'NONE', #1465, 1000.000000000000000 ) ;
#4074 = ADVANCED_FACE ( 'NONE', ( #2975 ), #4853, .F. ) ;
#4075 = CARTESIAN_POINT ( 'NONE',  ( 2.032604911331567621, 1.035000000000000364, -1.695000000000000062 ) ) ;
#4076 = DIRECTION ( 'NONE',  ( -1.000000000000000000, 0.000000000000000000, 0.000000000000000000 ) ) ;
#4077 = EDGE_CURVE ( 'NONE', #5051, #4505, #1369, .T. ) ;
#4078 = CARTESIAN_POINT ( 'NONE',  ( 2.032604911331567621, 0.7819045920933291871, -1.695000000000000062 ) ) ;
#4079 = VERTEX_POINT ( 'NONE', #3700 ) ;
#4080 = ORIENTED_EDGE ( 'NONE', *, *, #4329, .F. ) ;
#4081 = CARTESIAN_POINT ( 'NONE',  ( 2.406941701005582690, 0.2609347672024824316, 2.114999999999999769 ) ) ;
#4082 = LINE ( 'NONE', #2212, #618 ) ;
#4083 = DIRECTION ( 'NONE',  ( -0.000000000000000000, -0.000000000000000000, -1.000000000000000000 ) ) ;
#4084 = LINE ( 'NONE', #185, #2251 ) ;
#4085 = DIRECTION ( 'NONE',  ( 0.000000000000000000, 0.000000000000000000, 1.000000000000000000 ) ) ;
#4086 = ORIENTED_EDGE ( 'NONE', *, *, #3929, .F. ) ;
#4087 = EDGE_CURVE ( 'NONE', #3426, #1559, #4978, .T. ) ;
#4088 = ORIENTED_EDGE ( 'NONE', *, *, #3871, .F. ) ;
#4089 = DIRECTION ( 'NONE',  ( 0.1736481776669306365, 0.9848077530122080203, -0.000000000000000000 ) ) ;
#4090 = CARTESIAN_POINT ( 'NONE',  ( 4.950961591932674508E-16, 1.550000000000000266, 2.226147334250474064 ) ) ;
#4091 =( LENGTH_UNIT ( ) NAMED_UNIT ( * ) SI_UNIT ( .MILLI., .METRE. ) );
#4092 = CARTESIAN_POINT ( 'NONE',  ( -2.032604911331567621, 0.7819045920933291871, -0.4250000000000000444 ) ) ;
#4093 = VECTOR ( 'NONE', #553, 1000.000000000000114 ) ;
#4094 = VECTOR ( 'NONE', #4392, 1000.000000000000000 ) ;
#4095 = ORIENTED_EDGE ( 'NONE', *, *, #594, .T. ) ;
#4096 = VERTEX_POINT ( 'NONE', #4118 ) ;
#4097 = EDGE_CURVE ( 'NONE', #922, #5075, #4953, .T. ) ;
#4098 = DIRECTION ( 'NONE',  ( -1.000000000000000000, 0.000000000000000000, -3.599011360947732594E-16 ) ) ;
#4099 = CYLINDRICAL_SURFACE ( 'NONE', #2435, 0.2530954079066711770 ) ;
#4100 = EDGE_LOOP ( 'NONE', ( #2492, #1916, #563, #4508 ) ) ;
#4101 = VERTEX_POINT ( 'NONE', #418 ) ;
#4102 = CARTESIAN_POINT ( 'NONE',  ( 2.406941701005582690, 0.2609347672024824316, -0.4250000000000000444 ) ) ;
#4103 = CIRCLE ( 'NONE', #2516, 0.2530954079066702889 ) ;
#4104 = DIRECTION ( 'NONE',  ( 1.000000000000000000, 0.000000000000000000, 0.000000000000000000 ) ) ;
#4105 = AXIS2_PLACEMENT_3D ( 'NONE', #5042, #509, #2247 ) ;
#4106 = DIRECTION ( 'NONE',  ( -0.9848077530122083534, -0.1736481776669290544, 0.000000000000000000 ) ) ;
#4107 = DIRECTION ( 'NONE',  ( 0.000000000000000000, -0.000000000000000000, -1.000000000000000000 ) ) ;
#4108 = EDGE_LOOP ( 'NONE', ( #3964, #405, #4895, #1485 ) ) ;
#4109 = ORIENTED_EDGE ( 'NONE', *, *, #1938, .T. ) ;
#4110 = DIRECTION ( 'NONE',  ( 0.000000000000000000, 0.000000000000000000, 1.000000000000000000 ) ) ;
#4111 = VECTOR ( 'NONE', #3584, 1000.000000000000000 ) ;
#4112 = MECHANICAL_DESIGN_GEOMETRIC_PRESENTATION_REPRESENTATION (  '', ( #477 ), #3499 ) ;
#4113 = DIRECTION ( 'NONE',  ( -0.000000000000000000, 1.000000000000000000, -0.000000000000000000 ) ) ;
#4114 = ORIENTED_EDGE ( 'NONE', *, *, #831, .T. ) ;
#4115 = ORIENTED_EDGE ( 'NONE', *, *, #798, .T. ) ;
#4116 = DIRECTION ( 'NONE',  ( -1.000000000000000000, 0.000000000000000000, 0.000000000000000000 ) ) ;
#4117 = DIRECTION ( 'NONE',  ( 1.000000000000000000, 0.000000000000000000, -2.224004456380522396E-16 ) ) ;
#4118 = CARTESIAN_POINT ( 'NONE',  ( -2.032604911331567621, 1.035000000000000364, 0.8450000000000000844 ) ) ;
#4119 = MANIFOLD_SOLID_BREP ( 'LPattern1[1]', #1985 ) ;
#4120 = DIRECTION ( 'NONE',  ( 0.000000000000000000, 0.000000000000000000, 1.000000000000000000 ) ) ;
#4121 = EDGE_LOOP ( 'NONE', ( #1717, #913, #3116, #3084 ) ) ;
#4122 = ORIENTED_EDGE ( 'NONE', *, *, #2355, .F. ) ;
#4123 = AXIS2_PLACEMENT_3D ( 'NONE', #2826, #411, #1623 ) ;
#4124 = DIRECTION ( 'NONE',  ( -0.000000000000000000, -0.000000000000000000, -1.000000000000000000 ) ) ;
#4125 = CARTESIAN_POINT ( 'NONE',  ( 1.708000134611671772, 1.570875965144010067, -2.374687544561707941 ) ) ;
#4126 = CARTESIAN_POINT ( 'NONE',  ( -1.950000000000000844, 1.034999999999999698, -2.449999999999996625 ) ) ;
#4127 = CIRCLE ( 'NONE', #435, 0.03309540790667059307 ) ;
#4128 = ORIENTED_EDGE ( 'NONE', *, *, #2013, .T. ) ;
#4129 = CARTESIAN_POINT ( 'NONE',  ( -1.950000000000000400, 1.034999999999999698, 2.114999999999999769 ) ) ;
#4130 = ORIENTED_EDGE ( 'NONE', *, *, #223, .F. ) ;
#4131 = EDGE_CURVE ( 'NONE', #2706, #3227, #3200, .T. ) ;
#4132 = DIRECTION ( 'NONE',  ( -1.000000000000000000, 0.000000000000000000, -3.599011360947732101E-16 ) ) ;
#4133 = DIRECTION ( 'NONE',  ( 1.000000000000000000, 0.000000000000000000, 0.000000000000000000 ) ) ;
#4134 = AXIS2_PLACEMENT_3D ( 'NONE', #4450, #4691, #2610 ) ;
#4135 = DIRECTION ( 'NONE',  ( -1.000000000000000000, 0.000000000000000000, 0.000000000000000000 ) ) ;
#4136 = CARTESIAN_POINT ( 'NONE',  ( 1.801452754537960388, 1.035050057699015813, 2.449992964849195154 ) ) ;
#4137 = LINE ( 'NONE', #4742, #686 ) ;
#4138 = DIRECTION ( 'NONE',  ( 1.000000000000000000, 0.000000000000000000, 0.000000000000000000 ) ) ;
#4139 = DIRECTION ( 'NONE',  ( -0.000000000000000000, -0.000000000000000000, -1.000000000000000000 ) ) ;
#4140 = ORIENTED_EDGE ( 'NONE', *, *, #2400, .T. ) ;
#4141 = VERTEX_POINT ( 'NONE', #1261 ) ;
#4142 = ADVANCED_FACE ( 'NONE', ( #1476 ), #4925, .F. ) ;
#4143 = DIRECTION ( 'NONE',  ( 0.000000000000000000, 1.000000000000000000, 0.000000000000000000 ) ) ;
#4144 = EDGE_CURVE ( 'NONE', #3636, #4838, #4933, .T. ) ;
#4145 = MECHANICAL_DESIGN_GEOMETRIC_PRESENTATION_REPRESENTATION (  '', ( #1064 ), #3666 ) ;
#4146 = LINE ( 'NONE', #750, #4240 ) ;
#4147 = ORIENTED_EDGE ( 'NONE', *, *, #2971, .F. ) ;
#4148 = EDGE_LOOP ( 'NONE', ( #4997, #1521, #3221, #3350 ) ) ;
#4149 = DIRECTION ( 'NONE',  ( 0.000000000000000000, -0.000000000000000000, -1.000000000000000000 ) ) ;
#4150 = CARTESIAN_POINT ( 'NONE',  ( -2.409250319958275544, 0.2939495563588615523, 2.114999999999999769 ) ) ;
#4151 = DIRECTION ( 'NONE',  ( -1.000000000000000000, 0.000000000000000000, 0.000000000000000000 ) ) ;
#4152 = DIRECTION ( 'NONE',  ( 1.000000000000000000, 0.000000000000000000, 0.000000000000000000 ) ) ;
#4153 = LINE ( 'NONE', #3647, #2372 ) ;
#4154 = ADVANCED_FACE ( 'NONE', ( #4893 ), #21, .F. ) ;
#4155 = EDGE_CURVE ( 'NONE', #2672, #1703, #4965, .T. ) ;
#4156 = LINE ( 'NONE', #4335, #703 ) ;
#4157 = ORIENTED_EDGE ( 'NONE', *, *, #1906, .T. ) ;
#4158 = ORIENTED_EDGE ( 'NONE', *, *, #417, .F. ) ;
#4159 = CARTESIAN_POINT ( 'NONE',  ( -0.8500000000000007550, 1.700000000000000178, -1.349999999999997424 ) ) ;
#4160 = DIRECTION ( 'NONE',  ( 0.000000000000000000, -1.000000000000000000, 0.000000000000000000 ) ) ;
#4161 = SURFACE_STYLE_FILL_AREA ( #1282 ) ;
#4162 = CARTESIAN_POINT ( 'NONE',  ( 2.984653575776291756, 6.428775942946129489E-16, 0.8450000000000000844 ) ) ;
#4163 = VECTOR ( 'NONE', #20, 1000.000000000000000 ) ;
#4164 = ORIENTED_EDGE ( 'NONE', *, *, #3875, .T. ) ;
#4165 = ORIENTED_EDGE ( 'NONE', *, *, #1018, .F. ) ;
#4166 = AXIS2_PLACEMENT_3D ( 'NONE', #2202, #541, #1786 ) ;
#4167 = PLANE ( 'NONE',  #4618 ) ;
#4168 = CIRCLE ( 'NONE', #2887, 0.1499999999999998557 ) ;
#4169 = PRODUCT_RELATED_PRODUCT_CATEGORY ( 'part', '', ( #60 ) ) ;
#4170 = CARTESIAN_POINT ( 'NONE',  ( 1.874687544561710606, 0.2791240348559907436, 2.226147334250475396 ) ) ;
#4171 = DIRECTION ( 'NONE',  ( -1.000000000000000000, 0.000000000000000000, 0.000000000000000000 ) ) ;
#4172 = CARTESIAN_POINT ( 'NONE',  ( 2.032604911331567621, 0.8149999999999995026, 1.694999999999999840 ) ) ;
#4173 = FACE_OUTER_BOUND ( 'NONE', #2687, .T. ) ;
#4174 = DIRECTION ( 'NONE',  ( 0.000000000000000000, -0.000000000000000000, -1.000000000000000000 ) ) ;
#4175 = ORIENTED_EDGE ( 'NONE', *, *, #2718, .T. ) ;
#4176 = ORIENTED_EDGE ( 'NONE', *, *, #3740, .F. ) ;
#4177 = EDGE_CURVE ( 'NONE', #2217, #554, #3169, .T. ) ;
#4178 = DIRECTION ( 'NONE',  ( 0.000000000000000000, 1.000000000000000000, 0.000000000000000000 ) ) ;
#4179 = AXIS2_PLACEMENT_3D ( 'NONE', #1237, #4832, #1315 ) ;
#4180 = LINE ( 'NONE', #2449, #2381 ) ;
#4181 = EDGE_CURVE ( 'NONE', #2082, #1241, #1406, .T. ) ;
#4182 = PRESENTATION_STYLE_ASSIGNMENT (( #626 ) ) ;
#4183 = ORIENTED_EDGE ( 'NONE', *, *, #3394, .F. ) ;
#4184 = EDGE_LOOP ( 'NONE', ( #984, #3571, #3730, #4430 ) ) ;
#4185 = CARTESIAN_POINT ( 'NONE',  ( 2.409250319958275544, 0.2939495563588615523, -0.4250000000000000444 ) ) ;
#4186 = CARTESIAN_POINT ( 'NONE',  ( -2.032604911331567621, 0.7819045920933291871, 0.4250000000000000444 ) ) ;
#4187 = ADVANCED_FACE ( 'NONE', ( #3233 ), #1774, .T. ) ;
#4188 = AXIS2_PLACEMENT_3D ( 'NONE', #4045, #15, #1212 ) ;
#4189 = EDGE_CURVE ( 'NONE', #5021, #2446, #3207, .T. ) ;
#4190 = EDGE_LOOP ( 'NONE', ( #3974, #2289, #767, #3814, #173, #2394, #187, #3250, #4210, #3330, #980, #4538 ) ) ;
#4191 = ORIENTED_EDGE ( 'NONE', *, *, #2503, .F. ) ;
#4192 = DIRECTION ( 'NONE',  ( 0.000000000000000000, -0.000000000000000000, -1.000000000000000000 ) ) ;
#4193 = DIRECTION ( 'NONE',  ( -0.1736481776669290544, 0.9848077530122083534, 0.000000000000000000 ) ) ;
#4194 = VECTOR ( 'NONE', #1685, 1000.000000000000000 ) ;
#4195 = ADVANCED_FACE ( 'NONE', ( #1375 ), #956, .T. ) ;
#4196 = CARTESIAN_POINT ( 'NONE',  ( 1.950000000000000400, 0.8149999999999995026, -2.115000000000000213 ) ) ;
#4197 = CARTESIAN_POINT ( 'NONE',  ( -1.874687544561711938, 0.2791240348559907436, -2.226147334250473619 ) ) ;
#4198 = LINE ( 'NONE', #1218, #779 ) ;
#4199 = VERTEX_POINT ( 'NONE', #3839 ) ;
#4200 = EDGE_CURVE ( 'NONE', #4690, #4653, #1433, .T. ) ;
#4201 = ORIENTED_EDGE ( 'NONE', *, *, #3810, .T. ) ;
#4202 = CARTESIAN_POINT ( 'NONE',  ( -1.950000000000000400, 1.034999999999999698, 0.8450000000000000844 ) ) ;
#4203 = PLANE ( 'NONE',  #4105 ) ;
#4204 = DIRECTION ( 'NONE',  ( 1.000000000000000000, 0.000000000000000000, 0.000000000000000000 ) ) ;
#4205 = CARTESIAN_POINT ( 'NONE',  ( -1.950000000000000400, 0.8149999999999995026, 0.4250000000000000444 ) ) ;
#4206 = FACE_OUTER_BOUND ( 'NONE', #579, .T. ) ;
#4207 = CARTESIAN_POINT ( 'NONE',  ( -1.909243157936306723, 1.324999999999999956, -2.260702947625067516 ) ) ;
#4208 = CARTESIAN_POINT ( 'NONE',  ( 1.950000000000000400, 0.8149999999999995026, -1.695000000000000062 ) ) ;
#4209 = ORIENTED_EDGE ( 'NONE', *, *, #2643, .T. ) ;
#4210 = ORIENTED_EDGE ( 'NONE', *, *, #685, .T. ) ;
#4211 = EDGE_CURVE ( 'NONE', #698, #3389, #4943, .T. ) ;
#4212 = CARTESIAN_POINT ( 'NONE',  ( -1.950000000000000844, 1.034999999999999698, -2.299999999999996270 ) ) ;
#4213 = DIRECTION ( 'NONE',  ( 0.000000000000000000, 0.000000000000000000, 1.000000000000000000 ) ) ;
#4214 = LINE ( 'NONE', #5076, #752 ) ;
#4215 = CIRCLE ( 'NONE', #2674, 0.03309540790667059307 ) ;
#4216 = CARTESIAN_POINT ( 'NONE',  ( -1.950000000000000400, 1.034999999999999698, -1.695000000000000062 ) ) ;
#4217 = ORIENTED_EDGE ( 'NONE', *, *, #3775, .F. ) ;
#4218 = ORIENTED_EDGE ( 'NONE', *, *, #1109, .F. ) ;
#4219 = CARTESIAN_POINT ( 'NONE',  ( -0.8500000000000007550, 1.700000000000000178, -1.649999999999997469 ) ) ;
#4220 =( LENGTH_UNIT ( ) NAMED_UNIT ( * ) SI_UNIT ( .MILLI., .METRE. ) );
#4221 = CARTESIAN_POINT ( 'NONE',  ( 2.391595276781875334, 0.04147067614532087831, 2.114999999999999769 ) ) ;
#4222 = CYLINDRICAL_SURFACE ( 'NONE', #1185, 0.2530954079066711770 ) ;
#4223 = EDGE_CURVE ( 'NONE', #679, #4249, #1483, .T. ) ;
#4224 = LINE ( 'NONE', #4011, #4111 ) ;
#4225 = ORIENTED_EDGE ( 'NONE', *, *, #215, .T. ) ;
#4226 = ORIENTED_EDGE ( 'NONE', *, *, #2124, .F. ) ;
#4227 = CARTESIAN_POINT ( 'NONE',  ( -1.950000000000000400, 1.034999999999999698, 2.114999999999999769 ) ) ;
#4228 = LINE ( 'NONE', #3161, #4194 ) ;
#4229 = DIRECTION ( 'NONE',  ( 1.000000000000000000, -0.000000000000000000, -0.000000000000000000 ) ) ;
#4230 = EDGE_CURVE ( 'NONE', #74, #1999, #3146, .T. ) ;
#4231 = VECTOR ( 'NONE', #5045, 1000.000000000000000 ) ;
#4232 = ORIENTED_EDGE ( 'NONE', *, *, #5179, .F. ) ;
#4233 = ORIENTED_EDGE ( 'NONE', *, *, #1973, .F. ) ;
#4234 = DIRECTION ( 'NONE',  ( 1.000000000000000000, 0.000000000000000000, 0.000000000000000000 ) ) ;
#4235 = VECTOR ( 'NONE', #3905, 1000.000000000000000 ) ;
#4236 = ADVANCED_FACE ( 'NONE', ( #3123 ), #4836, .F. ) ;
#4237 = CARTESIAN_POINT ( 'NONE',  ( 1.874687544561709496, 0.2791240348559906326, -2.226147334250473175 ) ) ;
#4238 = EDGE_CURVE ( 'NONE', #298, #264, #1423, .T. ) ;
#4239 = DIRECTION ( 'NONE',  ( 0.9975640502598243087, -0.06975647374412446977, 0.000000000000000000 ) ) ;
#4240 = VECTOR ( 'NONE', #2007, 1000.000000000000000 ) ;
#4241 = DIRECTION ( 'NONE',  ( 0.000000000000000000, 1.000000000000000000, 0.000000000000000000 ) ) ;
#4242 = ORIENTED_EDGE ( 'NONE', *, *, #4404, .T. ) ;
#4243 = ORIENTED_EDGE ( 'NONE', *, *, #3979, .F. ) ;
#4244 = AXIS2_PLACEMENT_3D ( 'NONE', #1585, #1998, #473 ) ;
#4245 = EDGE_CURVE ( 'NONE', #5062, #4141, #4856, .T. ) ;
#4246 = CARTESIAN_POINT ( 'NONE',  ( 1.949992964849195376, 1.035050057699016257, -2.301452754537959944 ) ) ;
#4247 = CARTESIAN_POINT ( 'NONE',  ( 2.999999999999999556, 0.2194640910571620529, 0.4250000000000000444 ) ) ;
#4248 = VERTEX_POINT ( 'NONE', #3304 ) ;
#4249 = VERTEX_POINT ( 'NONE', #4841 ) ;
#4250 = CARTESIAN_POINT ( 'NONE',  ( 1.949999999999998179, 1.034999999999999476, -2.300484260976132234 ) ) ;
#4251 = AXIS2_PLACEMENT_3D ( 'NONE', #1221, #1701, #528 ) ;
#4252 = DIRECTION ( 'NONE',  ( 0.000000000000000000, 1.000000000000000000, 0.000000000000000000 ) ) ;
#4253 = CARTESIAN_POINT ( 'NONE',  ( -2.406941701005582690, 0.2609347672024824316, 0.8450000000000000844 ) ) ;
#4254 = EDGE_CURVE ( 'NONE', #1115, #3164, #1397, .T. ) ;
#4255 = AXIS2_PLACEMENT_3D ( 'NONE', #844, #1655, #2858 ) ;
#4256 = CARTESIAN_POINT ( 'NONE',  ( -0.8500000000000007550, 1.700000000000000178, -1.649999999999997469 ) ) ;
#4257 = VECTOR ( 'NONE', #669, 1000.000000000000114 ) ;
#4258 = EDGE_LOOP ( 'NONE', ( #2589, #4421, #1535, #479 ) ) ;
#4259 = ORIENTED_EDGE ( 'NONE', *, *, #2521, .F. ) ;
#4260 = CARTESIAN_POINT ( 'NONE',  ( 0.000000000000000000, 0.000000000000000000, 0.000000000000000000 ) ) ;
#4261 = EDGE_CURVE ( 'NONE', #2706, #730, #3225, .T. ) ;
#4262 = CARTESIAN_POINT ( 'NONE',  ( 2.999999999999999556, 0.2194640910571620529, -0.4250000000000000444 ) ) ;
#4263 = AXIS2_PLACEMENT_3D ( 'NONE', #1135, #852, #3546 ) ;
#4264 = EDGE_LOOP ( 'NONE', ( #2915, #3430, #4719, #3409 ) ) ;
#4265 = ORIENTED_EDGE ( 'NONE', *, *, #3378, .F. ) ;
#4266 = CARTESIAN_POINT ( 'NONE',  ( 1.949992964849196486, 1.035050057699015813, 2.301452754537959944 ) ) ;
#4267 = CARTESIAN_POINT ( 'NONE',  ( -2.032604911331567621, 0.8149999999999995026, -0.8450000000000000844 ) ) ;
#4268 = EDGE_CURVE ( 'NONE', #2510, #4488, #3131, .T. ) ;
#4269 = DIRECTION ( 'NONE',  ( 0.9975640502598243087, 0.06975647374412462243, 0.000000000000000000 ) ) ;
#4270 = CARTESIAN_POINT ( 'NONE',  ( 2.032604911331567621, 0.7819045920933291871, 1.694999999999999840 ) ) ;
#4271 = FACE_OUTER_BOUND ( 'NONE', #4012, .T. ) ;
#4272 = DIRECTION ( 'NONE',  ( 0.000000000000000000, -0.000000000000000000, -1.000000000000000000 ) ) ;
#4273 = EDGE_CURVE ( 'NONE', #5145, #2304, #4845, .T. ) ;
#4274 = VERTEX_POINT ( 'NONE', #4462 ) ;
#4275 = ORIENTED_EDGE ( 'NONE', *, *, #1516, .T. ) ;
#4276 = FACE_OUTER_BOUND ( 'NONE', #3769, .T. ) ;
#4277 = FACE_OUTER_BOUND ( 'NONE', #2597, .T. ) ;
#4278 = CARTESIAN_POINT ( 'NONE',  ( -1.801452754537961276, 0.8149499423009839427, 2.449992964849196042 ) ) ;
#4279 = EDGE_LOOP ( 'NONE', ( #3972, #623, #1466, #3892 ) ) ;
#4280 = ORIENTED_EDGE ( 'NONE', *, *, #3416, .F. ) ;
#4281 = EDGE_CURVE ( 'NONE', #321, #3534, #5001, .T. ) ;
#4282 = AXIS2_PLACEMENT_3D ( 'NONE', #688, #2868, #3279 ) ;
#4283 = SURFACE_STYLE_USAGE ( .BOTH. , #3889 ) ;
#4284 = CARTESIAN_POINT ( 'NONE',  ( -1.726147334250476506, 0.3000000000000005440, -2.226147334250472287 ) ) ;
#4285 = VECTOR ( 'NONE', #4160, 1000.000000000000000 ) ;
#4286 = VECTOR ( 'NONE', #2334, 1000.000000000000000 ) ;
#4287 = ORIENTED_EDGE ( 'NONE', *, *, #1401, .T. ) ;
#4288 = ORIENTED_EDGE ( 'NONE', *, *, #2489, .F. ) ;
#4289 =( NAMED_UNIT ( * ) SI_UNIT ( $, .STERADIAN. ) SOLID_ANGLE_UNIT ( ) );
#4290 = AXIS2_PLACEMENT_3D ( 'NONE', #3368, #3405, #3819 ) ;
#4291 = DIRECTION ( 'NONE',  ( 0.000000000000000000, 1.000000000000000000, -0.000000000000000000 ) ) ;
#4292 = DIRECTION ( 'NONE',  ( -0.000000000000000000, -0.000000000000000000, -1.000000000000000000 ) ) ;
#4293 = SURFACE_STYLE_FILL_AREA ( #345 ) ;
#4294 = EDGE_LOOP ( 'NONE', ( #3608, #2979, #768, #889 ) ) ;
#4295 = ORIENTED_EDGE ( 'NONE', *, *, #2560, .F. ) ;
#4296 = EDGE_CURVE ( 'NONE', #3003, #4457, #1413, .T. ) ;
#4297 = DIRECTION ( 'NONE',  ( 0.000000000000000000, 0.000000000000000000, 1.000000000000000000 ) ) ;
#4298 = CYLINDRICAL_SURFACE ( 'NONE', #2684, 0.2530954079066702889 ) ;
#4299 = DIRECTION ( 'NONE',  ( 0.000000000000000000, 0.000000000000000000, 1.000000000000000000 ) ) ;
#4300 = AXIS2_PLACEMENT_3D ( 'NONE', #2783, #1244, #840 ) ;
#4301 = CARTESIAN_POINT ( 'NONE',  ( -1.887973030627472459, 1.041012672022580521, 2.449154974055154366 ) ) ;
#4302 = CARTESIAN_POINT ( 'NONE',  ( 1.950000000000000400, 1.034999999999999698, -0.4250000000000000444 ) ) ;
#4303 = EDGE_CURVE ( 'NONE', #1208, #1559, #1453, .T. ) ;
#4304 = VECTOR ( 'NONE', #35, 1000.000000000000114 ) ;
#4305 = CARTESIAN_POINT ( 'NONE',  ( -2.159999999999999698, 0.2499999999999997224, -0.4250000000000000444 ) ) ;
#4306 = ORIENTED_EDGE ( 'NONE', *, *, #1708, .T. ) ;
#4307 = ORIENTED_EDGE ( 'NONE', *, *, #3135, .T. ) ;
#4308 = ADVANCED_FACE ( 'NONE', ( #1470 ), #5007, .T. ) ;
#4309 = VECTOR ( 'NONE', #2791, 1000.000000000000114 ) ;
#4310 = DIRECTION ( 'NONE',  ( 0.1378445374916289490, 0.9808148484639891418, 0.1378445374916288935 ) ) ;
#4311 = VECTOR ( 'NONE', #3951, 1000.000000000000000 ) ;
#4312 = PLANE ( 'NONE',  #1024 ) ;
#4313 = VERTEX_POINT ( 'NONE', #1580 ) ;
#4314 = VERTEX_POINT ( 'NONE', #3232 ) ;
#4315 = AXIS2_PLACEMENT_3D ( 'NONE', #3868, #3156, #5161 ) ;
#4316 = CARTESIAN_POINT ( 'NONE',  ( -1.800000000000000711, 1.034999999999999698, -2.449999999999996625 ) ) ;
#4317 = ADVANCED_FACE ( 'NONE', ( #4927 ), #2380, .F. ) ;
#4318 = PLANE ( 'NONE',  #3022 ) ;
#4319 = ORIENTED_EDGE ( 'NONE', *, *, #4724, .F. ) ;
#4320 = ORIENTED_EDGE ( 'NONE', *, *, #3090, .F. ) ;
#4321 = EDGE_CURVE ( 'NONE', #3690, #1209, #4866, .T. ) ;
#4322 = CARTESIAN_POINT ( 'NONE',  ( -1.204999999999998961, 0.000000000000000000, 1.650000000000000355 ) ) ;
#4323 = SPHERICAL_SURFACE ( 'NONE', #4767, 0.1499999999999999944 ) ;
#4324 = DIRECTION ( 'NONE',  ( 0.000000000000000000, 0.000000000000000000, 1.000000000000000000 ) ) ;
#4325 = LINE ( 'NONE', #3748, #896 ) ;
#4326 = DIRECTION ( 'NONE',  ( 0.000000000000000000, -0.000000000000000000, -1.000000000000000000 ) ) ;
#4327 = ORIENTED_EDGE ( 'NONE', *, *, #223, .T. ) ;
#4328 = ORIENTED_EDGE ( 'NONE', *, *, #4268, .F. ) ;
#4329 = EDGE_CURVE ( 'NONE', #4141, #4977, #5127, .T. ) ;
#4330 = SURFACE_SIDE_STYLE ('',( #25 ) ) ;
#4331 = VECTOR ( 'NONE', #2354, 1000.000000000000114 ) ;
#4332 = EDGE_CURVE ( 'NONE', #713, #2217, #3399, .T. ) ;
#4333 = DIRECTION ( 'NONE',  ( 0.000000000000000000, 0.000000000000000000, 1.000000000000000000 ) ) ;
#4334 = CARTESIAN_POINT ( 'NONE',  ( -1.950000000000000400, 0.8149999999999995026, 0.4250000000000000444 ) ) ;
#4335 = CARTESIAN_POINT ( 'NONE',  ( -2.032604911331567621, 1.035000000000000364, 0.8450000000000000844 ) ) ;
#4336 = LINE ( 'NONE', #2733, #2645 ) ;
#4337 = DIRECTION ( 'NONE',  ( -0.1736481776669306365, 0.9848077530122080203, 0.000000000000000000 ) ) ;
#4338 = ORIENTED_EDGE ( 'NONE', *, *, #1898, .T. ) ;
#4339 = CARTESIAN_POINT ( 'NONE',  ( -1.950000000000000400, 1.034999999999999698, -1.695000000000000062 ) ) ;
#4340 = FACE_OUTER_BOUND ( 'NONE', #1922, .T. ) ;
#4341 = CARTESIAN_POINT ( 'NONE',  ( 1.950000000000000400, 0.8149999999999995026, 0.4250000000000000444 ) ) ;
#4342 = EDGE_CURVE ( 'NONE', #1122, #2237, #5115, .T. ) ;
#4343 = CIRCLE ( 'NONE', #2746, 0.03309540790667016286 ) ;
#4344 = DIRECTION ( 'NONE',  ( -0.000000000000000000, -0.000000000000000000, -1.000000000000000000 ) ) ;
#4345 = EDGE_LOOP ( 'NONE', ( #410, #2419, #4659, #1263 ) ) ;
#4346 = ADVANCED_FACE ( 'NONE', ( #5066 ), #5146, .T. ) ;
#4347 = CARTESIAN_POINT ( 'NONE',  ( -1.726147334250476062, 0.3000000000000005440, 2.226147334250474952 ) ) ;
#4348 = VECTOR ( 'NONE', #4089, 1000.000000000000114 ) ;
#4349 = DIRECTION ( 'NONE',  ( 0.000000000000000000, -0.000000000000000000, -1.000000000000000000 ) ) ;
#4350 = VECTOR ( 'NONE', #2169, 1000.000000000000000 ) ;
#4351 = ORIENTED_EDGE ( 'NONE', *, *, #326, .F. ) ;
#4352 = CARTESIAN_POINT ( 'NONE',  ( -2.391595276781875334, 0.04147067614532087831, 2.114999999999999769 ) ) ;
#4353 = DIRECTION ( 'NONE',  ( 0.000000000000000000, -0.000000000000000000, -1.000000000000000000 ) ) ;
#4354 = FACE_OUTER_BOUND ( 'NONE', #4184, .T. ) ;
#4355 = ADVANCED_FACE ( 'NONE', ( #1657 ), #3474, .F. ) ;
#4356 = DIRECTION ( 'NONE',  ( 0.7071067811865474617, 0.7071067811865474617, 0.000000000000000000 ) ) ;
#4357 = LINE ( 'NONE', #651, #4438 ) ;
#4358 = EDGE_CURVE ( 'NONE', #809, #2045, #3287, .T. ) ;
#4359 = ORIENTED_EDGE ( 'NONE', *, *, #2489, .T. ) ;
#4360 = AXIS2_PLACEMENT_3D ( 'NONE', #1163, #1720, #4076 ) ;
#4361 = CARTESIAN_POINT ( 'NONE',  ( -1.204999999999998961, 4.336330872555478777, 1.650000000000000355 ) ) ;
#4362 = VECTOR ( 'NONE', #2830, 1000.000000000000114 ) ;
#4363 = DIRECTION ( 'NONE',  ( -0.06975647374412462243, -0.9975640502598243087, 0.000000000000000000 ) ) ;
#4364 = AXIS2_PLACEMENT_3D ( 'NONE', #4126, #1746, #903 ) ;
#4365 = CARTESIAN_POINT ( 'NONE',  ( -2.281855231289845243, 0.8258541484521909615, 0.8450000000000000844 ) ) ;
#4366 = CARTESIAN_POINT ( 'NONE',  ( -2.409250319958275544, 0.2939495563588615523, -2.115000000000000213 ) ) ;
#4367 = FILL_AREA_STYLE_COLOUR ( '', #3242 ) ;
#4368 = ORIENTED_EDGE ( 'NONE', *, *, #2183, .T. ) ;
#4369 = DIRECTION ( 'NONE',  ( 1.000000000000000000, 0.000000000000000000, 0.000000000000000000 ) ) ;
#4370 = SURFACE_STYLE_FILL_AREA ( #1709 ) ;
#4371 = CARTESIAN_POINT ( 'NONE',  ( -1.950000000000000400, 0.8149999999999995026, -2.115000000000000213 ) ) ;
#4372 = DIRECTION ( 'NONE',  ( -0.000000000000000000, -1.000000000000000000, -0.000000000000000000 ) ) ;
#4373 = PRESENTATION_LAYER_ASSIGNMENT (  '', '', ( #1827 ) ) ;
#4374 = FACE_OUTER_BOUND ( 'NONE', #704, .T. ) ;
#4375 = DIRECTION ( 'NONE',  ( -1.000000000000000000, 0.000000000000000000, 0.000000000000000000 ) ) ;
#4376 = ORIENTED_EDGE ( 'NONE', *, *, #5058, .F. ) ;
#4377 = CARTESIAN_POINT ( 'NONE',  ( -0.8500000000000007550, 1.700000000000000178, -1.349999999999997424 ) ) ;
#4378 = UNCERTAINTY_MEASURE_WITH_UNIT (LENGTH_MEASURE( 1.000000000000000082E-05 ), #167, 'distance_accuracy_value', 'NONE');
#4379 = FACE_OUTER_BOUND ( 'NONE', #5162, .T. ) ;
#4380 = EDGE_CURVE ( 'NONE', #1965, #4623, #240, .T. ) ;
#4381 = DIRECTION ( 'NONE',  ( -0.9902680687415703620, 0.1391731009600659930, 0.000000000000000000 ) ) ;
#4382 = VECTOR ( 'NONE', #924, 1000.000000000000000 ) ;
#4383 = AXIS2_PLACEMENT_3D ( 'NONE', #3697, #891, #2078 ) ;
#4384 = EDGE_LOOP ( 'NONE', ( #4128, #1990, #1923, #4242 ) ) ;
#4385 = DIRECTION ( 'NONE',  ( -0.1736481776669306365, 0.9848077530122080203, 0.000000000000000000 ) ) ;
#4386 = ADVANCED_FACE ( 'NONE', ( #1638 ), #1603, .F. ) ;
#4387 = DIRECTION ( 'NONE',  ( 0.000000000000000000, -0.000000000000000000, -1.000000000000000000 ) ) ;
#4388 = LINE ( 'NONE', #5177, #4235 ) ;
#4389 = DIRECTION ( 'NONE',  ( 0.1378445374916289490, 0.9808148484639890308, 0.1378445374916288935 ) ) ;
#4390 = DIRECTION ( 'NONE',  ( 0.06975647374412569102, -0.9975640502598241977, 0.000000000000000000 ) ) ;
#4391 = EDGE_LOOP ( 'NONE', ( #3014, #2996, #1157, #1200 ) ) ;
#4392 = DIRECTION ( 'NONE',  ( 0.000000000000000000, -0.000000000000000000, -1.000000000000000000 ) ) ;
#4393 = DIRECTION ( 'NONE',  ( -0.000000000000000000, -1.000000000000000000, -0.000000000000000000 ) ) ;
#4394 = LINE ( 'NONE', #3290, #4285 ) ;
#4395 = ADVANCED_FACE ( 'NONE', ( #3314, #3408 ), #157, .T. ) ;
#4396 = CARTESIAN_POINT ( 'NONE',  ( -2.999999999999999556, 0.2194640910571620529, -1.695000000000000062 ) ) ;
#4397 = DIRECTION ( 'NONE',  ( 0.9902680687415703620, -0.1391731009600659930, 0.000000000000000000 ) ) ;
#4398 =( BOUNDED_CURVE ( )  B_SPLINE_CURVE ( 3, ( #1889, #2265, #3091, #3497 ),
 .UNSPECIFIED., .F., .F. ) 
 B_SPLINE_CURVE_WITH_KNOTS ( ( 4, 4 ),
 ( 6.273500125511116465, 6.283185307179586232 ),
 .UNSPECIFIED. ) 
 CURVE ( )  GEOMETRIC_REPRESENTATION_ITEM ( )  RATIONAL_B_SPLINE_CURVE ( ( 1.000000000000000000, 0.9999921831199466427, 0.9999921831199466427, 1.000000000000000000 ) ) 
 REPRESENTATION_ITEM ( '' )  );
#4399 = CARTESIAN_POINT ( 'NONE',  ( 1.726147334250474730, 1.550000000000000266, 2.226147334250474064 ) ) ;
#4400 = LINE ( 'NONE', #460, #4311 ) ;
#4401 = SURFACE_STYLE_USAGE ( .BOTH. , #3736 ) ;
#4402 = ORIENTED_EDGE ( 'NONE', *, *, #3954, .T. ) ;
#4403 = ORIENTED_EDGE ( 'NONE', *, *, #2626, .T. ) ;
#4404 = EDGE_CURVE ( 'NONE', #649, #3679, #1691, .T. ) ;
#4405 =( BOUNDED_CURVE ( )  B_SPLINE_CURVE ( 3, ( #4316, #4512, #1056, #1699 ),
 .UNSPECIFIED., .F., .F. ) 
 B_SPLINE_CURVE_WITH_KNOTS ( ( 4, 4 ),
 ( 0.000000000000000000, 0.009685181668464652727 ),
 .UNSPECIFIED. ) 
 CURVE ( )  GEOMETRIC_REPRESENTATION_ITEM ( )  RATIONAL_B_SPLINE_CURVE ( ( 1.000000000000000000, 0.9999921831199466427, 0.9999921831199466427, 1.000000000000000000 ) ) 
 REPRESENTATION_ITEM ( '' )  );
#4406 = VECTOR ( 'NONE', #1087, 1000.000000000000000 ) ;
#4407 = CARTESIAN_POINT ( 'NONE',  ( -2.409250319958275544, 0.2939495563588615523, -0.4250000000000000444 ) ) ;
#4408 = FACE_OUTER_BOUND ( 'NONE', #3373, .T. ) ;
#4409 = ORIENTED_EDGE ( 'NONE', *, *, #3537, .F. ) ;
#4410 = DIRECTION ( 'NONE',  ( -0.9848077530122083534, -0.1736481776669290544, 0.000000000000000000 ) ) ;
#4411 = DIRECTION ( 'NONE',  ( 2.655188993842053899E-16, -6.921741307408244526E-33, 1.000000000000000000 ) ) ;
#4412 = VERTEX_POINT ( 'NONE', #1345 ) ;
#4413 =( LENGTH_UNIT ( ) NAMED_UNIT ( * ) SI_UNIT ( .MILLI., .METRE. ) );
#4414 = EDGE_CURVE ( 'NONE', #3038, #2157, #3440, .T. ) ;
#4415 = LINE ( 'NONE', #3787, #2785 ) ;
#4416 = AXIS2_PLACEMENT_3D ( 'NONE', #2872, #4120, #4369 ) ;
#4417 = EDGE_CURVE ( 'NONE', #5062, #2959, #3352, .T. ) ;
#4418 = ADVANCED_FACE ( 'NONE', ( #5107 ), #963, .F. ) ;
#4419 = ORIENTED_EDGE ( 'NONE', *, *, #276, .T. ) ;
#4420 = CARTESIAN_POINT ( 'NONE',  ( 2.281855231289845243, 0.8258541484521909615, 0.4250000000000000444 ) ) ;
#4421 = ORIENTED_EDGE ( 'NONE', *, *, #2626, .F. ) ;
#4422 = DIRECTION ( 'NONE',  ( 0.000000000000000000, 0.000000000000000000, 1.000000000000000000 ) ) ;
#4423 = CYLINDRICAL_SURFACE ( 'NONE', #2185, 0.2530954079066711770 ) ;
#4424 = EDGE_CURVE ( 'NONE', #4488, #2219, #4582, .T. ) ;
#4425 = CARTESIAN_POINT ( 'NONE',  ( -2.984653575776291756, 6.428775942946129489E-16, -0.4250000000000000444 ) ) ;
#4426 = DIRECTION ( 'NONE',  ( 1.000000000000000000, 0.000000000000000000, 8.673617379884037050E-15 ) ) ;
#4427 = CARTESIAN_POINT ( 'NONE',  ( -1.804282219532241438, 0.9940414030041621052, 2.304282219532240550 ) ) ;
#4428 = AXIS2_PLACEMENT_3D ( 'NONE', #3194, #4799, #2305 ) ;
#4429 = LINE ( 'NONE', #1234, #2630 ) ;
#4430 = ORIENTED_EDGE ( 'NONE', *, *, #3801, .T. ) ;
#4431 = ADVANCED_FACE ( 'NONE', ( #1649 ), #1602, .F. ) ;
#4432 = ORIENTED_EDGE ( 'NONE', *, *, #390, .T. ) ;
#4433 = DIRECTION ( 'NONE',  ( -1.000000000000000000, 0.000000000000000000, 0.000000000000000000 ) ) ;
#4434 = LINE ( 'NONE', #1124, #1025 ) ;
#4435 = PLANE ( 'NONE',  #1090 ) ;
#4436 = CARTESIAN_POINT ( 'NONE',  ( -2.065197525627158637, 0.7876515493654663302, 0.4250000000000000444 ) ) ;
#4437 = CARTESIAN_POINT ( 'NONE',  ( -1.204999999999998961, 0.000000000000000000, -1.650000000000000355 ) ) ;
#4438 = VECTOR ( 'NONE', #181, 1000.000000000000114 ) ;
#4439 = DIRECTION ( 'NONE',  ( 0.000000000000000000, 0.000000000000000000, 1.000000000000000000 ) ) ;
#4440 = ORIENTED_EDGE ( 'NONE', *, *, #2365, .T. ) ;
#4441 = EDGE_CURVE ( 'NONE', #3789, #3504, #1715, .T. ) ;
#4442 = DIRECTION ( 'NONE',  ( 0.9902680687415703620, 0.1391731009600657432, -2.629348877075843813E-16 ) ) ;
#4443 = ORIENTED_EDGE ( 'NONE', *, *, #3603, .T. ) ;
#4444 = AXIS2_PLACEMENT_3D ( 'NONE', #373, #4493, #1643 ) ;
#4445 = VECTOR ( 'NONE', #738, 1000.000000000000114 ) ;
#4446 = DIRECTION ( 'NONE',  ( -1.000000000000000000, 0.000000000000000000, 0.000000000000000000 ) ) ;
#4447 = LINE ( 'NONE', #1541, #910 ) ;
#4448 = VERTEX_POINT ( 'NONE', #3596 ) ;
#4449 = CARTESIAN_POINT ( 'NONE',  ( 2.032604911331567621, 0.8149999999999995026, 0.4250000000000000444 ) ) ;
#4450 = CARTESIAN_POINT ( 'NONE',  ( -1.804282219532241438, 0.8559585969958369844, 2.304282219532240550 ) ) ;
#4451 = VERTEX_POINT ( 'NONE', #1151 ) ;
#4452 = EDGE_CURVE ( 'NONE', #1743, #592, #1682, .T. ) ;
#4453 = DIRECTION ( 'NONE',  ( -0.000000000000000000, -0.000000000000000000, -1.000000000000000000 ) ) ;
#4454 = DIRECTION ( 'NONE',  ( -1.000000000000000000, -6.162975822039154730E-33, 2.224004456380521903E-16 ) ) ;
#4455 = CIRCLE ( 'NONE', #2573, 0.1500000000000000777 ) ;
#4456 = CARTESIAN_POINT ( 'NONE',  ( 1.887973030627472015, 1.041012672022579633, 2.449154974055153033 ) ) ;
#4457 = VERTEX_POINT ( 'NONE', #5186 ) ;
#4458 = CARTESIAN_POINT ( 'NONE',  ( 1.950000000000000400, 1.034999999999999698, 0.8450000000000000844 ) ) ;
#4459 = VERTEX_POINT ( 'NONE', #4022 ) ;
#4460 = DIRECTION ( 'NONE',  ( -0.000000000000000000, -0.000000000000000000, -1.000000000000000000 ) ) ;
#4461 = FACE_OUTER_BOUND ( 'NONE', #4059, .T. ) ;
#4462 = CARTESIAN_POINT ( 'NONE',  ( -2.032604911331567621, 0.8149999999999995026, -0.4250000000000000444 ) ) ;
#4463 = DIRECTION ( 'NONE',  ( -0.9975640502598243087, -0.06975647374412446977, 0.000000000000000000 ) ) ;
#4464 = EDGE_CURVE ( 'NONE', #1982, #5013, #5158, .T. ) ;
#4465 = LINE ( 'NONE', #2933, #1001 ) ;
#4466 = ADVANCED_FACE ( 'NONE', ( #1629 ), #4824, .F. ) ;
#4467 = CARTESIAN_POINT ( 'NONE',  ( -1.204999999999998961, 0.000000000000000000, 1.650000000000000355 ) ) ;
#4468 = ORIENTED_EDGE ( 'NONE', *, *, #4273, .F. ) ;
#4469 = CARTESIAN_POINT ( 'NONE',  ( 1.726147334250473619, 1.550000000000000266, -2.226147334250473175 ) ) ;
#4470 = ORIENTED_EDGE ( 'NONE', *, *, #5142, .F. ) ;
#4471 = CARTESIAN_POINT ( 'NONE',  ( -1.726147334250476284, 0.3000000000000005440, 1.527749134550555259E-16 ) ) ;
#4472 = VECTOR ( 'NONE', #4966, 1000.000000000000114 ) ;
#4473 = DIRECTION ( 'NONE',  ( -1.000000000000000000, 0.000000000000000000, 0.000000000000000000 ) ) ;
#4474 = CARTESIAN_POINT ( 'NONE',  ( 2.409250319958275544, 0.2939495563588615523, -0.8450000000000000844 ) ) ;
#4475 = CARTESIAN_POINT ( 'NONE',  ( -2.391595276781875334, 0.04147067614532087831, -0.8450000000000000844 ) ) ;
#4476 = CIRCLE ( 'NONE', #5010, 0.2530954079066711770 ) ;
#4477 = DIRECTION ( 'NONE',  ( 1.000000000000000000, -0.000000000000000000, -0.000000000000000000 ) ) ;
#4478 = VERTEX_POINT ( 'NONE', #1538 ) ;
#4479 = PRESENTATION_LAYER_ASSIGNMENT (  '', '', ( #406 ) ) ;
#4480 = PLANE ( 'NONE',  #3766 ) ;
#4481 = ADVANCED_FACE ( 'NONE', ( #1702 ), #1706, .T. ) ;
#4482 = ORIENTED_EDGE ( 'NONE', *, *, #4441, .T. ) ;
#4483 = PRESENTATION_LAYER_ASSIGNMENT (  '', '', ( #1286 ) ) ;
#4484 = LINE ( 'NONE', #1547, #971 ) ;
#4485 = CARTESIAN_POINT ( 'NONE',  ( -2.032604911331567621, 0.7819045920933291871, -0.4250000000000000444 ) ) ;
#4486 = VECTOR ( 'NONE', #4504, 1000.000000000000000 ) ;
#4487 = DIRECTION ( 'NONE',  ( -0.000000000000000000, 0.000000000000000000, 1.000000000000000000 ) ) ;
#4488 = VERTEX_POINT ( 'NONE', #2294 ) ;
#4489 =( LENGTH_UNIT ( ) NAMED_UNIT ( * ) SI_UNIT ( .MILLI., .METRE. ) );
#4490 = AXIS2_PLACEMENT_3D ( 'NONE', #769, #803, #4381 ) ;
#4491 = EDGE_LOOP ( 'NONE', ( #5128, #158, #2998, #1565 ) ) ;
#4492 = PLANE ( 'NONE',  #2410 ) ;
#4493 = DIRECTION ( 'NONE',  ( 2.224004456380522396E-16, -0.000000000000000000, 1.000000000000000000 ) ) ;
#4494 = EDGE_CURVE ( 'NONE', #1459, #1529, #3457, .T. ) ;
#4495 = LINE ( 'NONE', #2665, #2778 ) ;
#4496 = AXIS2_PLACEMENT_3D ( 'NONE', #168, #2189, #604 ) ;
#4497 = LINE ( 'NONE', #159, #1027 ) ;
#4498 = ORIENTED_EDGE ( 'NONE', *, *, #2901, .F. ) ;
#4499 = DIRECTION ( 'NONE',  ( 0.9848077530122080203, 0.1736481776669306643, 0.000000000000000000 ) ) ;
#4500 = ORIENTED_EDGE ( 'NONE', *, *, #2386, .F. ) ;
#4501 = LINE ( 'NONE', #5060, #4406 ) ;
#4502 = CARTESIAN_POINT ( 'NONE',  ( 1.950000000000000400, 0.8149999999999995026, 1.694999999999999840 ) ) ;
#4503 = EDGE_CURVE ( 'NONE', #4313, #2045, #5100, .T. ) ;
#4504 = DIRECTION ( 'NONE',  ( 0.000000000000000000, -0.000000000000000000, -1.000000000000000000 ) ) ;
#4505 = VERTEX_POINT ( 'NONE', #837 ) ;
#4506 = CARTESIAN_POINT ( 'NONE',  ( -1.950000000000000400, 1.034999999999999698, 2.449999999999998845 ) ) ;
#4507 = DIRECTION ( 'NONE',  ( -0.000000000000000000, -0.000000000000000000, -1.000000000000000000 ) ) ;
#4508 = ORIENTED_EDGE ( 'NONE', *, *, #3751, .T. ) ;
#4509 = LINE ( 'NONE', #3919, #2794 ) ;
#4510 = SURFACE_SIDE_STYLE ('',( #1439 ) ) ;
#4511 = EDGE_CURVE ( 'NONE', #3604, #2544, #5183, .T. ) ;
#4512 = CARTESIAN_POINT ( 'NONE',  ( -1.800484260976134898, 1.034999999999999476, -2.449999999999996625 ) ) ;
#4513 = CARTESIAN_POINT ( 'NONE',  ( -0.8500000000000007550, 1.700000000000000178, -1.649999999999997469 ) ) ;
#4514 = CARTESIAN_POINT ( 'NONE',  ( -1.950000000000000400, 0.8149999999999995026, 0.8450000000000000844 ) ) ;
#4515 = STYLED_ITEM ( 'NONE', ( #694 ), #349 ) ;
#4516 = VERTEX_POINT ( 'NONE', #1650 ) ;
#4517 = DIRECTION ( 'NONE',  ( 0.9975640502598241977, 0.06975647374412569102, -0.000000000000000000 ) ) ;
#4518 = VERTEX_POINT ( 'NONE', #771 ) ;
#4519 = CYLINDRICAL_SURFACE ( 'NONE', #4134, 0.1499999999999998834 ) ;
#4520 = EDGE_CURVE ( 'NONE', #2437, #461, #1726, .T. ) ;
#4521 = VECTOR ( 'NONE', #5035, 1000.000000000000000 ) ;
#4522 = EDGE_LOOP ( 'NONE', ( #3026, #165 ) ) ;
#4523 = CARTESIAN_POINT ( 'NONE',  ( -1.949997654931401980, 1.035016686030104438, -2.300968516274150222 ) ) ;
#4524 = EDGE_CURVE ( 'NONE', #2217, #2713, #1576, .T. ) ;
#4525 = DIRECTION ( 'NONE',  ( 1.000000000000000000, -6.162975822039154730E-33, -2.224004456380522396E-16 ) ) ;
#4526 = ORIENTED_EDGE ( 'NONE', *, *, #3751, .F. ) ;
#4527 = ORIENTED_EDGE ( 'NONE', *, *, #5017, .T. ) ;
#4528 = DIRECTION ( 'NONE',  ( -0.000000000000000000, -0.000000000000000000, -1.000000000000000000 ) ) ;
#4529 = VERTEX_POINT ( 'NONE', #4837 ) ;
#4530 = EDGE_CURVE ( 'NONE', #1999, #217, #3343, .T. ) ;
#4531 = DIRECTION ( 'NONE',  ( -0.000000000000000000, -0.000000000000000000, -1.000000000000000000 ) ) ;
#4532 = FACE_OUTER_BOUND ( 'NONE', #4746, .T. ) ;
#4533 = CARTESIAN_POINT ( 'NONE',  ( -2.409250319958275544, 0.2939495563588615523, -0.4250000000000000444 ) ) ;
#4534 = AXIS2_PLACEMENT_3D ( 'NONE', #3870, #1062, #212 ) ;
#4535 = VECTOR ( 'NONE', #3788, 1000.000000000000114 ) ;
#4536 = ORIENTED_EDGE ( 'NONE', *, *, #2389, .T. ) ;
#4537 = DIRECTION ( 'NONE',  ( 0.06975647374412569102, -0.9975640502598241977, 0.000000000000000000 ) ) ;
#4538 = ORIENTED_EDGE ( 'NONE', *, *, #4296, .T. ) ;
#4539 = LINE ( 'NONE', #935, #989 ) ;
#4540 = AXIS2_PLACEMENT_3D ( 'NONE', #2658, #281, #1084 ) ;
#4541 = CARTESIAN_POINT ( 'NONE',  ( 2.999999999999999556, 0.2194640910571620529, 1.694999999999999840 ) ) ;
#4542 = DIRECTION ( 'NONE',  ( 1.000000000000000000, 0.000000000000000000, 0.000000000000000000 ) ) ;
#4543 = ORIENTED_EDGE ( 'NONE', *, *, #4969, .F. ) ;
#4544 = PLANE ( 'NONE',  #5103 ) ;
#4545 = CARTESIAN_POINT ( 'NONE',  ( -1.726147334250475618, 0.2791240348559907436, 2.374687544561709718 ) ) ;
#4546 = ORIENTED_EDGE ( 'NONE', *, *, #66, .F. ) ;
#4547 = AXIS2_PLACEMENT_3D ( 'NONE', #1980, #760, #1191 ) ;
#4548 = SURFACE_STYLE_FILL_AREA ( #2819 ) ;
#4549 = ADVANCED_FACE ( 'NONE', ( #3305 ), #379, .F. ) ;
#4550 = ORIENTED_EDGE ( 'NONE', *, *, #3812, .T. ) ;
#4551 = DIRECTION ( 'NONE',  ( 0.000000000000000000, -0.000000000000000000, -1.000000000000000000 ) ) ;
#4552 = DIRECTION ( 'NONE',  ( -0.1736481776669306365, 0.9848077530122080203, 0.000000000000000000 ) ) ;
#4553 = ORIENTED_EDGE ( 'NONE', *, *, #2875, .F. ) ;
#4554 = DIRECTION ( 'NONE',  ( 0.000000000000000000, -0.000000000000000000, -1.000000000000000000 ) ) ;
#4555 = VECTOR ( 'NONE', #568, 1000.000000000000000 ) ;
#4556 = FACE_OUTER_BOUND ( 'NONE', #1238, .T. ) ;
#4557 = ORIENTED_EDGE ( 'NONE', *, *, #3121, .F. ) ;
#4558 = ADVANCED_FACE ( 'NONE', ( #1610 ), #5039, .T. ) ;
#4559 = ORIENTED_EDGE ( 'NONE', *, *, #2330, .T. ) ;
#4560 = CARTESIAN_POINT ( 'NONE',  ( 2.281855231289845243, 0.8258541484521909615, -0.8450000000000000844 ) ) ;
#4561 = AXIS2_PLACEMENT_3D ( 'NONE', #3734, #1512, #1885 ) ;
#4562 = CARTESIAN_POINT ( 'NONE',  ( 1.205000000000001181, 0.000000000000000000, 1.650000000000000355 ) ) ;
#4563 = LINE ( 'NONE', #673, #1063 ) ;
#4564 = SURFACE_SIDE_STYLE ('',( #754 ) ) ;
#4565 = PLANE ( 'NONE',  #1421 ) ;
#4566 = DIRECTION ( 'NONE',  ( 0.000000000000000000, -0.000000000000000000, -1.000000000000000000 ) ) ;
#4567 = VECTOR ( 'NONE', #3998, 1000.000000000000114 ) ;
#4568 = ORIENTED_EDGE ( 'NONE', *, *, #305, .F. ) ;
#4569 = CARTESIAN_POINT ( 'NONE',  ( -2.984653575776291756, 6.428775942946129489E-16, -1.695000000000000062 ) ) ;
#4570 = ORIENTED_EDGE ( 'NONE', *, *, #1957, .T. ) ;
#4571 = EDGE_CURVE ( 'NONE', #5005, #4897, #3325, .T. ) ;
#4572 =( BOUNDED_CURVE ( )  B_SPLINE_CURVE ( 3, ( #2848, #222, #327, #2822 ),
 .UNSPECIFIED., .F., .F. ) 
 B_SPLINE_CURVE_WITH_KNOTS ( ( 4, 4 ),
 ( 3.131907471921324237, 3.141592653589793116 ),
 .UNSPECIFIED. ) 
 CURVE ( )  GEOMETRIC_REPRESENTATION_ITEM ( )  RATIONAL_B_SPLINE_CURVE ( ( 1.000000000000000000, 0.9999921831199466427, 0.9999921831199466427, 1.000000000000000000 ) ) 
 REPRESENTATION_ITEM ( '' )  );
#4573 = LINE ( 'NONE', #2925, #4584 ) ;
#4574 = AXIS2_PLACEMENT_3D ( 'NONE', #4667, #1429, #4135 ) ;
#4575 = CARTESIAN_POINT ( 'NONE',  ( 1.949999999999999512, 1.034999999999999476, 2.300484260976132678 ) ) ;
#4576 =( BOUNDED_CURVE ( )  B_SPLINE_CURVE ( 3, ( #2604, #4250, #2333, #1507 ),
 .UNSPECIFIED., .F., .F. ) 
 B_SPLINE_CURVE_WITH_KNOTS ( ( 4, 4 ),
 ( 0.000000000000000000, 0.009685181668477624989 ),
 .UNSPECIFIED. ) 
 CURVE ( )  GEOMETRIC_REPRESENTATION_ITEM ( )  RATIONAL_B_SPLINE_CURVE ( ( 1.000000000000000000, 0.9999921831199466427, 0.9999921831199466427, 1.000000000000000000 ) ) 
 REPRESENTATION_ITEM ( '' )  );
#4577 = VECTOR ( 'NONE', #4292, 1000.000000000000000 ) ;
#4578 = DIRECTION ( 'NONE',  ( 0.000000000000000000, 1.000000000000000000, 0.000000000000000000 ) ) ;
#4579 = VERTEX_POINT ( 'NONE', #3 ) ;
#4580 = DIRECTION ( 'NONE',  ( -1.000000000000000000, 0.000000000000000000, 0.000000000000000000 ) ) ;
#4581 = EDGE_LOOP ( 'NONE', ( #816, #1492, #2296, #3210 ) ) ;
#4582 =( BOUNDED_CURVE ( )  B_SPLINE_CURVE ( 3, ( #612, #996, #1416, #4278 ),
 .UNSPECIFIED., .F., .F. ) 
 B_SPLINE_CURVE_WITH_KNOTS ( ( 4, 4 ),
 ( 3.141592653589793116, 3.151277835258257998 ),
 .UNSPECIFIED. ) 
 CURVE ( )  GEOMETRIC_REPRESENTATION_ITEM ( )  RATIONAL_B_SPLINE_CURVE ( ( 1.000000000000000000, 0.9999921831199466427, 0.9999921831199466427, 1.000000000000000000 ) ) 
 REPRESENTATION_ITEM ( '' )  );
#4583 = EDGE_CURVE ( 'NONE', #1435, #2224, #1596, .T. ) ;
#4584 = VECTOR ( 'NONE', #906, 1000.000000000000000 ) ;
#4585 = EDGE_CURVE ( 'NONE', #5145, #1474, #1586, .T. ) ;
#4586 = COLOUR_RGB ( '',0.8000000000000000444, 0.8196078431372548767, 0.9333333333333333481 ) ;
#4587 = DIRECTION ( 'NONE',  ( -0.000000000000000000, 1.000000000000000000, -0.000000000000000000 ) ) ;
#4588 = ORIENTED_EDGE ( 'NONE', *, *, #3378, .T. ) ;
#4589 = DIRECTION ( 'NONE',  ( 0.000000000000000000, 0.000000000000000000, 1.000000000000000000 ) ) ;
#4590 = ORIENTED_EDGE ( 'NONE', *, *, #4342, .F. ) ;
#4591 = CARTESIAN_POINT ( 'NONE',  ( 2.032604911331567621, 0.7819045920933291871, 2.114999999999999769 ) ) ;
#4592 = FACE_OUTER_BOUND ( 'NONE', #237, .T. ) ;
#4593 = PRESENTATION_STYLE_ASSIGNMENT (( #3614 ) ) ;
#4594 = ADVANCED_FACE ( 'NONE', ( #5082 ), #3994, .F. ) ;
#4595 = ORIENTED_EDGE ( 'NONE', *, *, #1268, .T. ) ;
#4596 = AXIS2_PLACEMENT_3D ( 'NONE', #2628, #1475, #2530 ) ;
#4597 = DIRECTION ( 'NONE',  ( -1.000000000000000000, 0.000000000000000000, 0.000000000000000000 ) ) ;
#4598 = EDGE_LOOP ( 'NONE', ( #266, #2170, #481, #3800, #2518, #4209, #756, #2036, #524, #729, #1971, #2468 ) ) ;
#4599 = DIRECTION ( 'NONE',  ( -0.06975647374412569102, -0.9975640502598241977, 0.000000000000000000 ) ) ;
#4600 = DIRECTION ( 'NONE',  ( 0.000000000000000000, 0.000000000000000000, 1.000000000000000000 ) ) ;
#4601 = VECTOR ( 'NONE', #895, 1000.000000000000000 ) ;
#4602 = DIRECTION ( 'NONE',  ( 1.000000000000000000, 0.000000000000000000, 8.673617379884037050E-15 ) ) ;
#4603 = DIRECTION ( 'NONE',  ( -1.000000000000000000, 0.000000000000000000, 0.000000000000000000 ) ) ;
#4604 = VECTOR ( 'NONE', #10, 1000.000000000000000 ) ;
#4605 = EDGE_CURVE ( 'NONE', #4675, #143, #1749, .T. ) ;
#4606 = ORIENTED_EDGE ( 'NONE', *, *, #3154, .T. ) ;
#4607 = CARTESIAN_POINT ( 'NONE',  ( 1.887973030627471571, 0.8089873279774176806, 2.449154974055153033 ) ) ;
#4608 = VERTEX_POINT ( 'NONE', #2700 ) ;
#4609 = LINE ( 'NONE', #1564, #3028 ) ;
#4610 = DIRECTION ( 'NONE',  ( -0.000000000000000000, 1.000000000000000000, -0.000000000000000000 ) ) ;
#4611 = FACE_OUTER_BOUND ( 'NONE', #4987, .T. ) ;
#4612 = FILL_AREA_STYLE_COLOUR ( '', #1761 ) ;
#4613 = DIRECTION ( 'NONE',  ( 0.000000000000000000, 0.000000000000000000, 1.000000000000000000 ) ) ;
#4614 = ORIENTED_EDGE ( 'NONE', *, *, #4743, .T. ) ;
#4615 = CARTESIAN_POINT ( 'NONE',  ( -0.8500000000000007550, 1.600000000000000089, -1.649999999999997469 ) ) ;
#4616 = DIRECTION ( 'NONE',  ( 0.9975640502598243087, -0.06975647374412446977, 0.000000000000000000 ) ) ;
#4617 = EDGE_LOOP ( 'NONE', ( #4080, #2633, #3384, #4165 ) ) ;
#4618 = AXIS2_PLACEMENT_3D ( 'NONE', #2962, #3410, #3338 ) ;
#4619 = VECTOR ( 'NONE', #2710, 1000.000000000000000 ) ;
#4620 = EDGE_CURVE ( 'NONE', #649, #3048, #1838, .T. ) ;
#4621 = AXIS2_PLACEMENT_3D ( 'NONE', #1458, #3473, #3439 ) ;
#4622 = ORIENTED_EDGE ( 'NONE', *, *, #3478, .T. ) ;
#4623 = VERTEX_POINT ( 'NONE', #4764 ) ;
#4624 = PLANE ( 'NONE',  #3716 ) ;
#4625 = VERTEX_POINT ( 'NONE', #4072 ) ;
#4626 = FACE_OUTER_BOUND ( 'NONE', #3179, .T. ) ;
#4627 = LINE ( 'NONE', #2417, #4577 ) ;
#4628 = AXIS2_PLACEMENT_3D ( 'NONE', #2080, #3173, #4780 ) ;
#4629 = ORIENTED_EDGE ( 'NONE', *, *, #1374, .T. ) ;
#4630 = ORIENTED_EDGE ( 'NONE', *, *, #3219, .T. ) ;
#4631 = CARTESIAN_POINT ( 'NONE',  ( -0.8500000000000007550, 1.600000000000000089, -1.649999999999997469 ) ) ;
#4632 = ORIENTED_EDGE ( 'NONE', *, *, #1182, .F. ) ;
#4633 = CARTESIAN_POINT ( 'NONE',  ( 1.804282219532240328, 0.9940414030041621052, 2.304282219532239662 ) ) ;
#4634 = CARTESIAN_POINT ( 'NONE',  ( -2.032604911331567621, 0.7819045920933291871, -0.4250000000000000444 ) ) ;
#4635 = CIRCLE ( 'NONE', #254, 0.03309540790667059307 ) ;
#4636 =( NAMED_UNIT ( * ) SI_UNIT ( $, .STERADIAN. ) SOLID_ANGLE_UNIT ( ) );
#4637 = DIRECTION ( 'NONE',  ( 0.000000000000000000, 0.000000000000000000, 1.000000000000000000 ) ) ;
#4638 = DIRECTION ( 'NONE',  ( 0.000000000000000000, 0.000000000000000000, 1.000000000000000000 ) ) ;
#4639 = EDGE_CURVE ( 'NONE', #4623, #2959, #102, .T. ) ;
#4640 = ORIENTED_EDGE ( 'NONE', *, *, #1109, .T. ) ;
#4641 = ORIENTED_EDGE ( 'NONE', *, *, #211, .T. ) ;
#4642 =( GEOMETRIC_REPRESENTATION_CONTEXT ( 3 ) GLOBAL_UNCERTAINTY_ASSIGNED_CONTEXT ( ( #2461 ) ) GLOBAL_UNIT_ASSIGNED_CONTEXT ( ( #2855, #4801, #4768 ) ) REPRESENTATION_CONTEXT ( 'NONE', 'WORKASPACE' ) );
#4643 = CARTESIAN_POINT ( 'NONE',  ( 1.949154974055151923, 1.041012672022580521, -2.387973030627470905 ) ) ;
#4644 = ORIENTED_EDGE ( 'NONE', *, *, #3447, .F. ) ;
#4645 = LINE ( 'NONE', #1809, #4655 ) ;
#4646 = CARTESIAN_POINT ( 'NONE',  ( -2.032604911331567621, 0.7819045920933291871, -0.4250000000000000444 ) ) ;
#4647 = FACE_OUTER_BOUND ( 'NONE', #2697, .T. ) ;
#4648 = ORIENTED_EDGE ( 'NONE', *, *, #4014, .T. ) ;
#4649 = ORIENTED_EDGE ( 'NONE', *, *, #2479, .F. ) ;
#4650 = DIRECTION ( 'NONE',  ( -0.000000000000000000, -0.000000000000000000, -1.000000000000000000 ) ) ;
#4651 = DIRECTION ( 'NONE',  ( -1.000000000000000000, 0.000000000000000000, 0.000000000000000000 ) ) ;
#4652 = ADVANCED_FACE ( 'NONE', ( #3585 ), #2740, .F. ) ;
#4653 = VERTEX_POINT ( 'NONE', #4420 ) ;
#4654 = CARTESIAN_POINT ( 'NONE',  ( -2.376657705662685416, 0.2882025990867243537, 0.8450000000000000844 ) ) ;
#4655 = VECTOR ( 'NONE', #2978, 1000.000000000000000 ) ;
#4656 = DIRECTION ( 'NONE',  ( 0.000000000000000000, -1.000000000000000000, 0.000000000000000000 ) ) ;
#4657 = ORIENTED_EDGE ( 'NONE', *, *, #1694, .F. ) ;
#4658 = ORIENTED_EDGE ( 'NONE', *, *, #3841, .T. ) ;
#4659 = ORIENTED_EDGE ( 'NONE', *, *, #4773, .F. ) ;
#4660 = PLANE ( 'NONE',  #745 ) ;
#4661 = LINE ( 'NONE', #3680, #2972 ) ;
#4662 = LINE ( 'NONE', #2795, #1198 ) ;
#4663 = VERTEX_POINT ( 'NONE', #4322 ) ;
#4664 = ORIENTED_EDGE ( 'NONE', *, *, #1022, .F. ) ;
#4665 = ORIENTED_EDGE ( 'NONE', *, *, #464, .T. ) ;
#4666 = DIRECTION ( 'NONE',  ( -1.000000000000000000, -0.000000000000000000, 2.224004456380522396E-16 ) ) ;
#4667 = CARTESIAN_POINT ( 'NONE',  ( -2.032604911331567621, 0.7819045920933291871, 2.114999999999999769 ) ) ;
#4668 = LINE ( 'NONE', #518, #2870 ) ;
#4669 = EDGE_CURVE ( 'NONE', #2395, #104, #42, .T. ) ;
#4670 = CARTESIAN_POINT ( 'NONE',  ( 1.801452754537959056, 0.8149499423009839427, -2.449992964849194266 ) ) ;
#4671 = DIRECTION ( 'NONE',  ( -0.9975640502598243087, -0.06975647374412446977, 0.000000000000000000 ) ) ;
#4672 = AXIS2_PLACEMENT_3D ( 'NONE', #4817, #4517, #3669 ) ;
#4673 = FACE_OUTER_BOUND ( 'NONE', #3455, .T. ) ;
#4674 = EDGE_CURVE ( 'NONE', #1168, #4412, #3565, .T. ) ;
#4675 = VERTEX_POINT ( 'NONE', #3610 ) ;
#4676 = ORIENTED_EDGE ( 'NONE', *, *, #2316, .T. ) ;
#4677 = CARTESIAN_POINT ( 'NONE',  ( 2.409250319958275544, 0.2939495563588615523, -2.115000000000000213 ) ) ;
#4678 = ORIENTED_EDGE ( 'NONE', *, *, #2800, .T. ) ;
#4679 =( BOUNDED_CURVE ( )  B_SPLINE_CURVE ( 3, ( #3672, #4862, #2764, #3943 ),
 .UNSPECIFIED., .F., .F. ) 
 B_SPLINE_CURVE_WITH_KNOTS ( ( 4, 4 ),
 ( 3.141592653589793116, 3.151277835258257998 ),
 .UNSPECIFIED. ) 
 CURVE ( )  GEOMETRIC_REPRESENTATION_ITEM ( )  RATIONAL_B_SPLINE_CURVE ( ( 1.000000000000000000, 0.9999921831199466427, 0.9999921831199466427, 1.000000000000000000 ) ) 
 REPRESENTATION_ITEM ( '' )  );
#4680 = CIRCLE ( 'NONE', #1606, 0.03309540790667059307 ) ;
#4681 = ADVANCED_FACE ( 'NONE', ( #3553 ), #1160, .F. ) ;
#4682 = ORIENTED_EDGE ( 'NONE', *, *, #4029, .F. ) ;
#4683 = ORIENTED_EDGE ( 'NONE', *, *, #4762, .T. ) ;
#4684 = PLANE ( 'NONE',  #4727 ) ;
#4685 = ORIENTED_EDGE ( 'NONE', *, *, #3297, .F. ) ;
#4686 = CARTESIAN_POINT ( 'NONE',  ( -2.999999999999999556, 0.2194640910571620529, -2.115000000000000213 ) ) ;
#4687 = VECTOR ( 'NONE', #1170, 1000.000000000000000 ) ;
#4688 = CARTESIAN_POINT ( 'NONE',  ( 0.000000000000000000, 0.000000000000000000, 0.000000000000000000 ) ) ;
#4689 = EDGE_LOOP ( 'NONE', ( #1137, #3543, #278, #3034 ) ) ;
#4690 = VERTEX_POINT ( 'NONE', #2413 ) ;
#4691 = DIRECTION ( 'NONE',  ( -0.1378445374916289212, 0.9808148484639891418, 0.1378445374916289490 ) ) ;
#4692 = ORIENTED_EDGE ( 'NONE', *, *, #3954, .F. ) ;
#4693 = EDGE_CURVE ( 'NONE', #2749, #4653, #130, .T. ) ;
#4694 = LINE ( 'NONE', #2059, #3052 ) ;
#4695 = AXIS2_PLACEMENT_3D ( 'NONE', #3728, #1331, #3205 ) ;
#4696 = VECTOR ( 'NONE', #3884, 1000.000000000000114 ) ;
#4697 = ORIENTED_EDGE ( 'NONE', *, *, #5092, .F. ) ;
#4698 = EDGE_LOOP ( 'NONE', ( #3443, #3785, #2997, #2048, #1955, #1260, #216, #5154, #3613, #4697, #969, #3434 ) ) ;
#4699 = CARTESIAN_POINT ( 'NONE',  ( -2.376657705662685416, 0.2882025990867243537, 1.694999999999999840 ) ) ;
#4700 = ORIENTED_EDGE ( 'NONE', *, *, #239, .F. ) ;
#4701 = DIRECTION ( 'NONE',  ( -0.9975640502598241977, 0.06975647374412569102, 0.000000000000000000 ) ) ;
#4702 = EDGE_CURVE ( 'NONE', #4412, #2829, #1734, .T. ) ;
#4703 = CARTESIAN_POINT ( 'NONE',  ( -1.909243157936306723, 1.324999999999999956, 2.260702947625070180 ) ) ;
#4704 = UNCERTAINTY_MEASURE_WITH_UNIT (LENGTH_MEASURE( 1.000000000000000082E-05 ), #1173, 'distance_accuracy_value', 'NONE');
#4705 = EDGE_CURVE ( 'NONE', #4516, #2510, #2907, .T. ) ;
#4706 = LINE ( 'NONE', #3908, #3055 ) ;
#4707 = ORIENTED_EDGE ( 'NONE', *, *, #4223, .T. ) ;
#4708 = ORIENTED_EDGE ( 'NONE', *, *, #4743, .F. ) ;
#4709 = ORIENTED_EDGE ( 'NONE', *, *, #1516, .F. ) ;
#4710 = DIRECTION ( 'NONE',  ( -0.9902680687415703620, 0.1391731009600656321, 0.000000000000000000 ) ) ;
#4711 = FACE_OUTER_BOUND ( 'NONE', #4121, .T. ) ;
#4712 = EDGE_CURVE ( 'NONE', #2137, #4041, #119, .T. ) ;
#4713 = CARTESIAN_POINT ( 'NONE',  ( -2.391595276781875334, 0.04147067614532087831, 0.8450000000000000844 ) ) ;
#4714 = LINE ( 'NONE', #2534, #4816 ) ;
#4715 = VERTEX_POINT ( 'NONE', #116 ) ;
#4716 = DIRECTION ( 'NONE',  ( 0.9975640502598243087, 0.06975647374412446977, -0.000000000000000000 ) ) ;
#4717 = ORIENTED_EDGE ( 'NONE', *, *, #3313, .F. ) ;
#4718 = CARTESIAN_POINT ( 'NONE',  ( -2.984653575776291756, 6.428775942946129489E-16, 0.8450000000000000844 ) ) ;
#4719 = ORIENTED_EDGE ( 'NONE', *, *, #417, .T. ) ;
#4720 = PLANE ( 'NONE',  #3397 ) ;
#4721 = LINE ( 'NONE', #39, #1265 ) ;
#4722 = VECTOR ( 'NONE', #855, 1000.000000000000114 ) ;
#4723 = ADVANCED_FACE ( 'NONE', ( #1762 ), #1775, .F. ) ;
#4724 = EDGE_CURVE ( 'NONE', #3051, #4675, #3498, .T. ) ;
#4725 = ORIENTED_EDGE ( 'NONE', *, *, #1620, .T. ) ;
#4726 = ORIENTED_EDGE ( 'NONE', *, *, #1768, .T. ) ;
#4727 = AXIS2_PLACEMENT_3D ( 'NONE', #282, #2661, #606 ) ;
#4728 = ORIENTED_EDGE ( 'NONE', *, *, #739, .F. ) ;
#4729 = CARTESIAN_POINT ( 'NONE',  ( 1.950000000000000400, 0.8149999999999995026, -0.4250000000000000444 ) ) ;
#4730 = CYLINDRICAL_SURFACE ( 'NONE', #4244, 0.2530954079066702889 ) ;
#4731 = CARTESIAN_POINT ( 'NONE',  ( -1.950000000000000400, 1.034999999999999698, 0.8450000000000000844 ) ) ;
#4732 = DIRECTION ( 'NONE',  ( -1.000000000000000000, 0.000000000000000000, 0.000000000000000000 ) ) ;
#4733 = LINE ( 'NONE', #471, #1287 ) ;
#4734 = ORIENTED_EDGE ( 'NONE', *, *, #2718, .F. ) ;
#4735 = ORIENTED_EDGE ( 'NONE', *, *, #4808, .F. ) ;
#4736 = EDGE_CURVE ( 'NONE', #3389, #698, #3547, .T. ) ;
#4737 = PLANE ( 'NONE',  #4065 ) ;
#4738 = VERTEX_POINT ( 'NONE', #1829 ) ;
#4739 = DIRECTION ( 'NONE',  ( -0.1736481776669290544, -0.9848077530122082424, 0.000000000000000000 ) ) ;
#4740 = PLANE ( 'NONE',  #582 ) ;
#4741 = VECTOR ( 'NONE', #2128, 1000.000000000000000 ) ;
#4742 = CARTESIAN_POINT ( 'NONE',  ( 1.949999999999998179, 0.8149999999999995026, -2.449999999999997513 ) ) ;
#4743 = EDGE_CURVE ( 'NONE', #4974, #3158, #1848, .T. ) ;
#4744 = CARTESIAN_POINT ( 'NONE',  ( -2.999999999999999556, 0.2194640910571620529, -1.695000000000000062 ) ) ;
#4745 = VECTOR ( 'NONE', #1246, 1000.000000000000114 ) ;
#4746 = EDGE_LOOP ( 'NONE', ( #3790, #3993, #4827, #2245, #2159, #2411, #257, #2306, #2418, #3126, #3661, #494 ) ) ;
#4747 = ORIENTED_EDGE ( 'NONE', *, *, #4585, .T. ) ;
#4748 = DIRECTION ( 'NONE',  ( -0.000000000000000000, -0.000000000000000000, -1.000000000000000000 ) ) ;
#4749 = ORIENTED_EDGE ( 'NONE', *, *, #263, .T. ) ;
#4750 = DIRECTION ( 'NONE',  ( 1.000000000000000000, 0.000000000000000000, 0.000000000000000000 ) ) ;
#4751 = FACE_OUTER_BOUND ( 'NONE', #2270, .T. ) ;
#4752 = CARTESIAN_POINT ( 'NONE',  ( 1.950000000000000400, 0.8149999999999995026, -0.8450000000000000844 ) ) ;
#4753 = EDGE_CURVE ( 'NONE', #2662, #4990, #5, .T. ) ;
#4754 = VECTOR ( 'NONE', #1834, 1000.000000000000000 ) ;
#4755 = PRESENTATION_LAYER_ASSIGNMENT (  '', '', ( #691 ) ) ;
#4756 = DIRECTION ( 'NONE',  ( -1.000000000000000000, 0.000000000000000000, 0.000000000000000000 ) ) ;
#4757 = ORIENTED_EDGE ( 'NONE', *, *, #645, .T. ) ;
#4758 = ORIENTED_EDGE ( 'NONE', *, *, #2898, .T. ) ;
#4759 = CARTESIAN_POINT ( 'NONE',  ( 2.376657705662685416, 0.2882025990867243537, 2.114999999999999769 ) ) ;
#4760 = ORIENTED_EDGE ( 'NONE', *, *, #1456, .T. ) ;
#4761 = DIRECTION ( 'NONE',  ( -0.000000000000000000, -0.000000000000000000, -1.000000000000000000 ) ) ;
#4762 = EDGE_CURVE ( 'NONE', #679, #4199, #3506, .T. ) ;
#4763 = VECTOR ( 'NONE', #3937, 1000.000000000000000 ) ;
#4764 = CARTESIAN_POINT ( 'NONE',  ( 1.801452754537960388, 1.035050057699015813, 2.449992964849195154 ) ) ;
#4765 = ORIENTED_EDGE ( 'NONE', *, *, #4843, .T. ) ;
#4766 = ORIENTED_EDGE ( 'NONE', *, *, #297, .T. ) ;
#4767 = AXIS2_PLACEMENT_3D ( 'NONE', #3826, #4204, #4600 ) ;
#4768 =( NAMED_UNIT ( * ) SI_UNIT ( $, .STERADIAN. ) SOLID_ANGLE_UNIT ( ) );
#4769 = EDGE_LOOP ( 'NONE', ( #4007, #4874, #4086, #4114 ) ) ;
#4770 = CARTESIAN_POINT ( 'NONE',  ( -1.736413294332722845, 1.497829863603584055, 2.384953504643957167 ) ) ;
#4771 = CYLINDRICAL_SURFACE ( 'NONE', #412, 0.1499999999999999667 ) ;
#4772 = LINE ( 'NONE', #1908, #1187 ) ;
#4773 = EDGE_CURVE ( 'NONE', #148, #1326, #3607, .T. ) ;
#4774 = ORIENTED_EDGE ( 'NONE', *, *, #4230, .F. ) ;
#4775 = CARTESIAN_POINT ( 'NONE',  ( -1.804282219532241882, 0.8559585969958369844, -2.304282219532237885 ) ) ;
#4776 = ORIENTED_EDGE ( 'NONE', *, *, #2827, .F. ) ;
#4777 = EDGE_CURVE ( 'NONE', #650, #4459, #1814, .T. ) ;
#4778 = CARTESIAN_POINT ( 'NONE',  ( -2.999999999999999556, 0.2194640910571620529, 0.4250000000000000444 ) ) ;
#4779 = LINE ( 'NONE', #857, #1211 ) ;
#4780 = DIRECTION ( 'NONE',  ( -0.1736481776669306643, -0.9848077530122080203, 0.000000000000000000 ) ) ;
#4781 = DIRECTION ( 'NONE',  ( 0.000000000000000000, -1.000000000000000000, 0.000000000000000000 ) ) ;
#4782 = LINE ( 'NONE', #629, #3089 ) ;
#4783 = DIRECTION ( 'NONE',  ( 0.000000000000000000, -1.000000000000000000, 0.000000000000000000 ) ) ;
#4784 = ORIENTED_EDGE ( 'NONE', *, *, #1382, .T. ) ;
#4785 = CARTESIAN_POINT ( 'NONE',  ( -1.949154974055155476, 0.8089873279774171255, -2.387973030627470017 ) ) ;
#4786 = ADVANCED_FACE ( 'NONE', ( #3529 ), #4167, .F. ) ;
#4787 = VERTEX_POINT ( 'NONE', #2146 ) ;
#4788 = CARTESIAN_POINT ( 'NONE',  ( 1.726147334250474730, 1.700000000000000178, 2.226147334250473619 ) ) ;
#4789 = CARTESIAN_POINT ( 'NONE',  ( -2.032604911331567621, 0.8149999999999995026, -1.695000000000000062 ) ) ;
#4790 =( GEOMETRIC_REPRESENTATION_CONTEXT ( 3 ) GLOBAL_UNCERTAINTY_ASSIGNED_CONTEXT ( ( #3308 ) ) GLOBAL_UNIT_ASSIGNED_CONTEXT ( ( #1053, #3557, #3523 ) ) REPRESENTATION_CONTEXT ( 'NONE', 'WORKASPACE' ) );
#4791 = CARTESIAN_POINT ( 'NONE',  ( 1.950000000000000400, 1.034999999999999698, -2.115000000000000213 ) ) ;
#4792 = VERTEX_POINT ( 'NONE', #1794 ) ;
#4793 = PLANE ( 'NONE',  #699 ) ;
#4794 = VERTEX_POINT ( 'NONE', #3754 ) ;
#4795 = CARTESIAN_POINT ( 'NONE',  ( 2.032604911331567621, 0.7819045920933291871, 1.694999999999999840 ) ) ;
#4796 = LINE ( 'NONE', #783, #3228 ) ;
#4797 = EDGE_CURVE ( 'NONE', #232, #5051, #140, .T. ) ;
#4798 = FACE_OUTER_BOUND ( 'NONE', #3750, .T. ) ;
#4799 = DIRECTION ( 'NONE',  ( 0.1378445374916288935, 0.9808148484639891418, -0.1378445374916289490 ) ) ;
#4800 = VERTEX_POINT ( 'NONE', #2483 ) ;
#4801 =( NAMED_UNIT ( * ) PLANE_ANGLE_UNIT ( ) SI_UNIT ( $, .RADIAN. ) );
#4802 = ORIENTED_EDGE ( 'NONE', *, *, #1499, .F. ) ;
#4803 = CARTESIAN_POINT ( 'NONE',  ( -1.952822429843477092, 0.8350826318518270730, 2.304282219532240550 ) ) ;
#4804 = FACE_OUTER_BOUND ( 'NONE', #3140, .T. ) ;
#4805 = CIRCLE ( 'NONE', #2291, 0.2530954079066702889 ) ;
#4806 = AXIS2_PLACEMENT_3D ( 'NONE', #2279, #2750, #2003 ) ;
#4807 = ORIENTED_EDGE ( 'NONE', *, *, #4097, .T. ) ;
#4808 = EDGE_CURVE ( 'NONE', #4838, #8, #3615, .T. ) ;
#4809 = ORIENTED_EDGE ( 'NONE', *, *, #3941, .F. ) ;
#4810 = DIRECTION ( 'NONE',  ( -0.06975647374412569102, 0.9975640502598241977, 0.000000000000000000 ) ) ;
#4811 = AXIS2_PLACEMENT_3D ( 'NONE', #1445, #4252, #1813 ) ;
#4812 = CARTESIAN_POINT ( 'NONE',  ( -1.949154974055154144, 1.041012672022580743, 2.387973030627472681 ) ) ;
#4813 = LINE ( 'NONE', #4047, #1495 ) ;
#4814 = DIRECTION ( 'NONE',  ( 0.1736481776669290544, -0.9848077530122082424, 0.000000000000000000 ) ) ;
#4815 = DIRECTION ( 'NONE',  ( 1.000000000000000000, 0.000000000000000000, -0.000000000000000000 ) ) ;
#4816 = VECTOR ( 'NONE', #2871, 1000.000000000000000 ) ;
#4817 = CARTESIAN_POINT ( 'NONE',  ( -2.999999999999999556, 0.2194640910571620529, 2.114999999999999769 ) ) ;
#4818 = ORIENTED_EDGE ( 'NONE', *, *, #2729, .F. ) ;
#4819 = EDGE_LOOP ( 'NONE', ( #678, #1592, #3653, #2297 ) ) ;
#4820 = EDGE_CURVE ( 'NONE', #3015, #2965, #36, .T. ) ;
#4821 = CARTESIAN_POINT ( 'NONE',  ( 2.032604911331567621, 1.035000000000000364, -0.8450000000000000844 ) ) ;
#4822 = VECTOR ( 'NONE', #4551, 1000.000000000000000 ) ;
#4823 = AXIS2_PLACEMENT_3D ( 'NONE', #4284, #4922, #3355 ) ;
#4824 = PLANE ( 'NONE',  #4946 ) ;
#4825 = CARTESIAN_POINT ( 'NONE',  ( -2.406941701005582690, 0.2609347672024824316, 0.8450000000000000844 ) ) ;
#4826 = CARTESIAN_POINT ( 'NONE',  ( 2.984653575776291756, 6.428775942946129489E-16, 1.694999999999999840 ) ) ;
#4827 = ORIENTED_EDGE ( 'NONE', *, *, #1078, .F. ) ;
#4828 =( NAMED_UNIT ( * ) PLANE_ANGLE_UNIT ( ) SI_UNIT ( $, .RADIAN. ) );
#4829 = ADVANCED_FACE ( 'NONE', ( #1804 ), #620, .F. ) ;
#4830 = EDGE_LOOP ( 'NONE', ( #3707, #1011, #3516, #295, #1066, #4527 ) ) ;
#4831 = EDGE_CURVE ( 'NONE', #1435, #232, #1884, .T. ) ;
#4832 = DIRECTION ( 'NONE',  ( 0.9848077530122080203, 0.1736481776669306643, 0.000000000000000000 ) ) ;
#4833 = FACE_OUTER_BOUND ( 'NONE', #609, .T. ) ;
#4834 = AXIS2_PLACEMENT_3D ( 'NONE', #3854, #3880, #4269 ) ;
#4835 = VECTOR ( 'NONE', #290, 1000.000000000000000 ) ;
#4836 = CYLINDRICAL_SURFACE ( 'NONE', #425, 0.03309540790667016286 ) ;
#4837 = CARTESIAN_POINT ( 'NONE',  ( -1.204999999999998961, 0.1500000000000006051, 1.650000000000000355 ) ) ;
#4838 = VERTEX_POINT ( 'NONE', #3442 ) ;
#4839 = DIRECTION ( 'NONE',  ( -0.000000000000000000, 1.000000000000000000, -0.000000000000000000 ) ) ;
#4840 = ORIENTED_EDGE ( 'NONE', *, *, #4705, .T. ) ;
#4841 = CARTESIAN_POINT ( 'NONE',  ( 2.406941701005582690, 0.2609347672024824316, -0.8450000000000000844 ) ) ;
#4842 = CARTESIAN_POINT ( 'NONE',  ( 2.065197525627158193, 0.7876515493654663302, 0.4250000000000000444 ) ) ;
#4843 = EDGE_CURVE ( 'NONE', #4838, #616, #81, .T. ) ;
#4844 = EDGE_CURVE ( 'NONE', #148, #5184, #3628, .T. ) ;
#4845 = LINE ( 'NONE', #4425, #1383 ) ;
#4846 = DIRECTION ( 'NONE',  ( -0.9975640502598243087, 0.06975647374412446977, 0.000000000000000000 ) ) ;
#4847 = ORIENTED_EDGE ( 'NONE', *, *, #121, .F. ) ;
#4848 = PLANE ( 'NONE',  #2803 ) ;
#4849 = ORIENTED_EDGE ( 'NONE', *, *, #76, .T. ) ;
#4850 = DIRECTION ( 'NONE',  ( -0.000000000000000000, 0.000000000000000000, 1.000000000000000000 ) ) ;
#4851 = CARTESIAN_POINT ( 'NONE',  ( 2.281855231289845243, 0.8258541484521909615, -0.4250000000000000444 ) ) ;
#4852 = DIRECTION ( 'NONE',  ( -1.000000000000000000, 0.000000000000000000, 0.000000000000000000 ) ) ;
#4853 = PLANE ( 'NONE',  #4001 ) ;
#4854 = ADVANCED_FACE ( 'NONE', ( #3483 ), #329, .T. ) ;
#4855 = LINE ( 'NONE', #611, #1422 ) ;
#4856 = CIRCLE ( 'NONE', #4360, 0.1499999999999999667 ) ;
#4857 = CARTESIAN_POINT ( 'NONE',  ( 2.032604911331567621, 0.7819045920933291871, -1.695000000000000062 ) ) ;
#4858 = EDGE_CURVE ( 'NONE', #1891, #1435, #3490, .T. ) ;
#4859 = ORIENTED_EDGE ( 'NONE', *, *, #121, .T. ) ;
#4860 = AXIS2_PLACEMENT_3D ( 'NONE', #3651, #4039, #4426 ) ;
#4861 = EDGE_LOOP ( 'NONE', ( #1736, #1028, #1925, #3464 ) ) ;
#4862 = CARTESIAN_POINT ( 'NONE',  ( 1.800484260976132456, 0.8149999999999999467, -2.449999999999997513 ) ) ;
#4863 = FACE_OUTER_BOUND ( 'NONE', #3396, .T. ) ;
#4864 = MANIFOLD_SOLID_BREP ( 'LPattern1[6]', #4936 ) ;
#4865 = COLOUR_RGB ( '',0.8000000000000000444, 0.8196078431372548767, 0.9333333333333333481 ) ;
#4866 = LINE ( 'NONE', #1995, #5173 ) ;
#4867 = ADVANCED_FACE ( 'NONE', ( #113 ), #4737, .F. ) ;
#4868 = ORIENTED_EDGE ( 'NONE', *, *, #480, .T. ) ;
#4869 = ORIENTED_EDGE ( 'NONE', *, *, #2341, .T. ) ;
#4870 = AXIS2_PLACEMENT_3D ( 'NONE', #2508, #4124, #818 ) ;
#4871 = LINE ( 'NONE', #575, #3213 ) ;
#4872 = VECTOR ( 'NONE', #774, 1000.000000000000000 ) ;
#4873 = DIRECTION ( 'NONE',  ( 1.000000000000000000, 0.000000000000000000, 0.000000000000000000 ) ) ;
#4874 = ORIENTED_EDGE ( 'NONE', *, *, #4844, .F. ) ;
#4875 = CARTESIAN_POINT ( 'NONE',  ( -1.950000000000000844, 0.8149999999999995026, -2.299999999999996270 ) ) ;
#4876 = ORIENTED_EDGE ( 'NONE', *, *, #1204, .T. ) ;
#4877 = EDGE_CURVE ( 'NONE', #217, #2384, #1831, .T. ) ;
#4878 = CARTESIAN_POINT ( 'NONE',  ( 2.281855231289845243, 0.8258541484521909615, 2.114999999999999769 ) ) ;
#4879 = CARTESIAN_POINT ( 'NONE',  ( 2.065197525627158193, 0.7876515493654663302, 1.694999999999999840 ) ) ;
#4880 = VECTOR ( 'NONE', #2751, 1000.000000000000000 ) ;
#4881 = AXIS2_PLACEMENT_3D ( 'NONE', #5085, #1506, #1914 ) ;
#4882 = FACE_OUTER_BOUND ( 'NONE', #2802, .T. ) ;
#4883 = VECTOR ( 'NONE', #1409, 1000.000000000000000 ) ;
#4884 = CARTESIAN_POINT ( 'NONE',  ( -1.534243157936306723, 1.700000000000000178, -2.226147334250471843 ) ) ;
#4885 = DIRECTION ( 'NONE',  ( 0.000000000000000000, -0.000000000000000000, -1.000000000000000000 ) ) ;
#4886 = EDGE_LOOP ( 'NONE', ( #1835, #1415, #135, #2261, #1344, #4657, #1149, #4019, #2008, #1305, #3642, #4909 ) ) ;
#4887 = ORIENTED_EDGE ( 'NONE', *, *, #2937, .F. ) ;
#4888 = DIRECTION ( 'NONE',  ( -1.000000000000000000, 0.000000000000000000, 0.000000000000000000 ) ) ;
#4889 = CARTESIAN_POINT ( 'NONE',  ( 1.726147334250473842, 0.1500000000000006051, -2.226147334250473175 ) ) ;
#4890 = CARTESIAN_POINT ( 'NONE',  ( 1.799999999999999600, 1.034999999999999698, 2.449999999999998401 ) ) ;
#4891 = PLANE ( 'NONE',  #4628 ) ;
#4892 = VECTOR ( 'NONE', #4587, 1000.000000000000000 ) ;
#4893 = FACE_OUTER_BOUND ( 'NONE', #4148, .T. ) ;
#4894 = DIRECTION ( 'NONE',  ( -0.1391731009600657432, 0.9902680687415703620, 0.000000000000000000 ) ) ;
#4895 = ORIENTED_EDGE ( 'NONE', *, *, #5187, .T. ) ;
#4896 =( GEOMETRIC_REPRESENTATION_CONTEXT ( 3 ) GLOBAL_UNCERTAINTY_ASSIGNED_CONTEXT ( ( #2988 ) ) GLOBAL_UNIT_ASSIGNED_CONTEXT ( ( #3906, #1010, #4636 ) ) REPRESENTATION_CONTEXT ( 'NONE', 'WORKASPACE' ) );
#4897 = VERTEX_POINT ( 'NONE', #4699 ) ;
#4898 = ADVANCED_FACE ( 'NONE', ( #1926 ), #2351, .F. ) ;
#4899 = EDGE_CURVE ( 'NONE', #2662, #275, #3501, .T. ) ;
#4900 = ORIENTED_EDGE ( 'NONE', *, *, #2637, .F. ) ;
#4901 = DIRECTION ( 'NONE',  ( 0.1736481776669290544, -0.9848077530122082424, 0.000000000000000000 ) ) ;
#4902 = ORIENTED_EDGE ( 'NONE', *, *, #3901, .T. ) ;
#4903 = CYLINDRICAL_SURFACE ( 'NONE', #1729, 0.2999999999999999334 ) ;
#4904 = ORIENTED_EDGE ( 'NONE', *, *, #5061, .T. ) ;
#4905 = LINE ( 'NONE', #4998, #1490 ) ;
#4906 = VECTOR ( 'NONE', #1686, 1000.000000000000000 ) ;
#4907 = DIRECTION ( 'NONE',  ( 0.000000000000000000, 0.000000000000000000, 1.000000000000000000 ) ) ;
#4908 = ADVANCED_FACE ( 'NONE', ( #1877 ), #1897, .T. ) ;
#4909 = ORIENTED_EDGE ( 'NONE', *, *, #2911, .F. ) ;
#4910 = CARTESIAN_POINT ( 'NONE',  ( -2.409250319958275544, 0.2939495563588615523, 0.8450000000000000844 ) ) ;
#4911 = VECTOR ( 'NONE', #3208, 1000.000000000000114 ) ;
#4912 = ORIENTED_EDGE ( 'NONE', *, *, #2350, .F. ) ;
#4913 = CARTESIAN_POINT ( 'NONE',  ( -1.950000000000000400, 0.8149999999999995026, -0.8450000000000000844 ) ) ;
#4914 = VECTOR ( 'NONE', #787, 1000.000000000000114 ) ;
#4915 = CARTESIAN_POINT ( 'NONE',  ( -1.534243157936306723, 1.700000000000000178, 0.000000000000000000 ) ) ;
#4916 = CARTESIAN_POINT ( 'NONE',  ( 1.801452754537960610, 0.8149499423009832766, 2.449992964849195154 ) ) ;
#4917 = VERTEX_POINT ( 'NONE', #3968 ) ;
#4918 = CARTESIAN_POINT ( 'NONE',  ( 1.949992964849196486, 1.035050057699015813, 2.301452754537959944 ) ) ;
#4919 = VECTOR ( 'NONE', #1254, 1000.000000000000000 ) ;
#4920 = EDGE_CURVE ( 'NONE', #143, #4663, #175, .T. ) ;
#4921 =( BOUNDED_CURVE ( )  B_SPLINE_CURVE ( 3, ( #3247, #448, #1177, #5143 ),
 .UNSPECIFIED., .F., .F. ) 
 B_SPLINE_CURVE_WITH_KNOTS ( ( 4, 4 ),
 ( 3.141592653589792672, 4.572762640225144004 ),
 .UNSPECIFIED. ) 
 CURVE ( )  GEOMETRIC_REPRESENTATION_ITEM ( )  RATIONAL_B_SPLINE_CURVE ( ( 1.000000000000000000, 0.8364730534818477503, 0.8364730534818477503, 1.000000000000000000 ) ) 
 REPRESENTATION_ITEM ( '' )  );
#4922 = DIRECTION ( 'NONE',  ( 1.000000000000000000, 0.000000000000000000, 0.000000000000000000 ) ) ;
#4923 = DIRECTION ( 'NONE',  ( 0.000000000000000000, 1.000000000000000000, 0.000000000000000000 ) ) ;
#4924 = ORIENTED_EDGE ( 'NONE', *, *, #3151, .T. ) ;
#4925 = PLANE ( 'NONE',  #1678 ) ;
#4926 = FACE_OUTER_BOUND ( 'NONE', #4258, .T. ) ;
#4927 = FACE_OUTER_BOUND ( 'NONE', #2311, .T. ) ;
#4928 = ORIENTED_EDGE ( 'NONE', *, *, #155, .F. ) ;
#4929 = FACE_OUTER_BOUND ( 'NONE', #1880, .T. ) ;
#4930 = VERTEX_POINT ( 'NONE', #5174 ) ;
#4931 = CARTESIAN_POINT ( 'NONE',  ( -1.204999999999998961, 4.336330872555478777, -1.650000000000000355 ) ) ;
#4932 = CARTESIAN_POINT ( 'NONE',  ( -1.950000000000000400, 1.034999999999999698, -2.115000000000000213 ) ) ;
#4933 = LINE ( 'NONE', #4514, #4985 ) ;
#4934 = CARTESIAN_POINT ( 'NONE',  ( 1.950000000000000400, 1.034999999999999698, 1.694999999999999840 ) ) ;
#4935 = PRESENTATION_LAYER_ASSIGNMENT (  '', '', ( #477 ) ) ;
#4936 = CLOSED_SHELL ( 'NONE', ( #1803, #2138, #407, #4317, #3872, #4074, #2051, #3197, #1847, #4829, #4723, #314, #1676, #3030 ) ) ;
#4937 = EDGE_CURVE ( 'NONE', #544, #3504, #3657, .T. ) ;
#4938 = DIRECTION ( 'NONE',  ( -0.000000000000000000, -0.000000000000000000, -1.000000000000000000 ) ) ;
#4939 = LINE ( 'NONE', #2954, #4822 ) ;
#4940 = VERTEX_POINT ( 'NONE', #387 ) ;
#4941 = ADVANCED_FACE ( 'NONE', ( #9 ), #1808, .T. ) ;
#4942 = EDGE_CURVE ( 'NONE', #4787, #1501, #1869, .T. ) ;
#4943 = CIRCLE ( 'NONE', #861, 0.2999999999999999334 ) ;
#4944 = DIRECTION ( 'NONE',  ( -0.000000000000000000, 1.000000000000000000, -0.000000000000000000 ) ) ;
#4945 = CARTESIAN_POINT ( 'NONE',  ( 1.950000000000000400, 1.034999999999999698, 0.8450000000000000844 ) ) ;
#4946 = AXIS2_PLACEMENT_3D ( 'NONE', #2728, #2657, #5120 ) ;
#4947 = ORIENTED_EDGE ( 'NONE', *, *, #1837, .F. ) ;
#4948 = CARTESIAN_POINT ( 'NONE',  ( 2.159999999999999698, 0.2499999999999997224, -2.115000000000000213 ) ) ;
#4949 = EDGE_CURVE ( 'NONE', #3017, #1318, #3675, .T. ) ;
#4950 = CARTESIAN_POINT ( 'NONE',  ( -1.663367192792296612, 1.570875965144010067, 2.374687544561710162 ) ) ;
#4951 = DIRECTION ( 'NONE',  ( -1.000000000000000000, 0.000000000000000000, 0.000000000000000000 ) ) ;
#4952 = ORIENTED_EDGE ( 'NONE', *, *, #4753, .F. ) ;
#4953 = CIRCLE ( 'NONE', #483, 0.2530954079066711770 ) ;
#4954 = CARTESIAN_POINT ( 'NONE',  ( 2.065197525627158193, 0.7876515493654663302, -0.4250000000000000444 ) ) ;
#4955 = CARTESIAN_POINT ( 'NONE',  ( -2.281855231289845243, 0.8258541484521909615, 0.8450000000000000844 ) ) ;
#4956 = ORIENTED_EDGE ( 'NONE', *, *, #5029, .F. ) ;
#4957 = DIRECTION ( 'NONE',  ( 0.000000000000000000, 0.000000000000000000, 1.000000000000000000 ) ) ;
#4958 = EDGE_CURVE ( 'NONE', #1970, #4982, #3567, .T. ) ;
#4959 = CYLINDRICAL_SURFACE ( 'NONE', #2992, 0.03309540790667059307 ) ;
#4960 = CARTESIAN_POINT ( 'NONE',  ( -2.281855231289845243, 0.8258541484521909615, -2.115000000000000213 ) ) ;
#4961 = EDGE_LOOP ( 'NONE', ( #2976, #4543, #3737, #1636 ) ) ;
#4962 = CARTESIAN_POINT ( 'NONE',  ( -1.950000000000000844, 1.034999999999999698, -2.449999999999996625 ) ) ;
#4963 = AXIS2_PLACEMENT_3D ( 'NONE', #3272, #89, #409 ) ;
#4964 = FILL_AREA_STYLE ('',( #1511 ) ) ;
#4965 = LINE ( 'NONE', #4962, #3106 ) ;
#4966 = DIRECTION ( 'NONE',  ( 0.06975647374412569102, -0.9975640502598241977, 0.000000000000000000 ) ) ;
#4967 = ORIENTED_EDGE ( 'NONE', *, *, #763, .F. ) ;
#4968 = CIRCLE ( 'NONE', #674, 0.2999999999999999334 ) ;
#4969 = EDGE_CURVE ( 'NONE', #1710, #2312, #1920, .T. ) ;
#4970 = ORIENTED_EDGE ( 'NONE', *, *, #2838, .F. ) ;
#4971 = DIRECTION ( 'NONE',  ( 1.000000000000000000, -0.000000000000000000, 1.459809663947262569E-15 ) ) ;
#4972 = CARTESIAN_POINT ( 'NONE',  ( -0.8500000000000007550, 0.7514718625761431792, -1.649999999999997469 ) ) ;
#4973 = VECTOR ( 'NONE', #2818, 1000.000000000000114 ) ;
#4974 = VERTEX_POINT ( 'NONE', #3876 ) ;
#4975 = DIRECTION ( 'NONE',  ( 1.000000000000000000, 0.000000000000000000, 0.000000000000000000 ) ) ;
#4976 = FACE_OUTER_BOUND ( 'NONE', #3306, .T. ) ;
#4977 = VERTEX_POINT ( 'NONE', #4266 ) ;
#4978 = LINE ( 'NONE', #1337, #1532 ) ;
#4979 = DIRECTION ( 'NONE',  ( 0.9902680687415703620, 0.1391731009600659930, 0.000000000000000000 ) ) ;
#4980 = ORIENTED_EDGE ( 'NONE', *, *, #1230, .F. ) ;
#4981 = CARTESIAN_POINT ( 'NONE',  ( -1.204999999999998961, 0.1500000000000006051, -1.650000000000000355 ) ) ;
#4982 = VERTEX_POINT ( 'NONE', #3902 ) ;
#4983 = ADVANCED_FACE ( 'NONE', ( #45 ), #2422, .F. ) ;
#4984 = LINE ( 'NONE', #925, #1648 ) ;
#4985 = VECTOR ( 'NONE', #4477, 1000.000000000000000 ) ;
#4986 = DIRECTION ( 'NONE',  ( 0.000000000000000000, -0.000000000000000000, -1.000000000000000000 ) ) ;
#4987 = EDGE_LOOP ( 'NONE', ( #2986, #179, #3678, #1680 ) ) ;
#4988 = EDGE_CURVE ( 'NONE', #1003, #741, #1766, .T. ) ;
#4989 = DIRECTION ( 'NONE',  ( -0.1736481776669290544, -0.9848077530122082424, 0.000000000000000000 ) ) ;
#4990 = VERTEX_POINT ( 'NONE', #52 ) ;
#4991 = DIRECTION ( 'NONE',  ( -1.000000000000000000, 0.000000000000000000, 0.000000000000000000 ) ) ;
#4992 = ADVANCED_FACE ( 'NONE', ( #1752 ), #4848, .F. ) ;
#4993 = ORIENTED_EDGE ( 'NONE', *, *, #1018, .T. ) ;
#4994 = EDGE_CURVE ( 'NONE', #1975, #2224, #3618, .T. ) ;
#4995 = FACE_BOUND ( 'NONE', #2141, .T. ) ;
#4996 = AXIS2_PLACEMENT_3D ( 'NONE', #29, #311, #731 ) ;
#4997 = ORIENTED_EDGE ( 'NONE', *, *, #4605, .T. ) ;
#4998 = CARTESIAN_POINT ( 'NONE',  ( -2.032604911331567621, 0.8149999999999995026, 2.114999999999999769 ) ) ;
#4999 = FACE_OUTER_BOUND ( 'NONE', #1735, .T. ) ;
#5000 = EDGE_CURVE ( 'NONE', #321, #3724, #38, .T. ) ;
#5001 = LINE ( 'NONE', #2932, #3191 ) ;
#5002 = ORIENTED_EDGE ( 'NONE', *, *, #3447, .T. ) ;
#5003 = DIRECTION ( 'NONE',  ( -0.9975640502598243087, 0.06975647374412446977, 0.000000000000000000 ) ) ;
#5004 = DIRECTION ( 'NONE',  ( 0.000000000000000000, 0.000000000000000000, -1.000000000000000000 ) ) ;
#5005 = VERTEX_POINT ( 'NONE', #2293 ) ;
#5006 = VECTOR ( 'NONE', #3699, 1000.000000000000000 ) ;
#5007 = CYLINDRICAL_SURFACE ( 'NONE', #2663, 0.2530954079066711770 ) ;
#5008 = CARTESIAN_POINT ( 'NONE',  ( -2.065197525627158193, 0.7876515493654663302, -1.695000000000000062 ) ) ;
#5009 = EDGE_LOOP ( 'NONE', ( #5181, #324, #209, #3811 ) ) ;
#5010 = AXIS2_PLACEMENT_3D ( 'NONE', #3098, #5168, #2382 ) ;
#5011 = CARTESIAN_POINT ( 'NONE',  ( 1.949999999999999512, 0.8149999999999995026, 2.299999999999998046 ) ) ;
#5012 = DIRECTION ( 'NONE',  ( -0.9975640502598243087, -0.06975647374412462243, 0.000000000000000000 ) ) ;
#5013 = VERTEX_POINT ( 'NONE', #4371 ) ;
#5014 = FACE_OUTER_BOUND ( 'NONE', #3762, .T. ) ;
#5015 = VECTOR ( 'NONE', #534, 1000.000000000000000 ) ;
#5016 = DIRECTION ( 'NONE',  ( 0.9975640502598243087, 0.06975647374412446977, -0.000000000000000000 ) ) ;
#5017 = EDGE_CURVE ( 'NONE', #228, #3017, #4679, .T. ) ;
#5018 = EDGE_LOOP ( 'NONE', ( #2924, #1223, #1611, #4201, #2476, #1159, #2431, #5108, #4902, #4749, #3507, #4876 ) ) ;
#5019 = CARTESIAN_POINT ( 'NONE',  ( 2.376657705662685416, 0.2882025990867243537, 2.114999999999999769 ) ) ;
#5020 = CARTESIAN_POINT ( 'NONE',  ( 1.950000000000000400, 1.034999999999999698, 2.114999999999999769 ) ) ;
#5021 = VERTEX_POINT ( 'NONE', #4821 ) ;
#5022 = ADVANCED_FACE ( 'NONE', ( #1860 ), #166, .T. ) ;
#5023 = VECTOR ( 'NONE', #701, 1000.000000000000000 ) ;
#5024 = DIRECTION ( 'NONE',  ( 0.000000000000000000, 1.000000000000000000, 0.000000000000000000 ) ) ;
#5025 = CARTESIAN_POINT ( 'NONE',  ( -2.281855231289845243, 0.8258541484521909615, 2.114999999999999769 ) ) ;
#5026 = VECTOR ( 'NONE', #4385, 1000.000000000000114 ) ;
#5027 = ORIENTED_EDGE ( 'NONE', *, *, #3503, .T. ) ;
#5028 = EDGE_CURVE ( 'NONE', #2224, #5051, #3598, .T. ) ;
#5029 = EDGE_CURVE ( 'NONE', #1970, #922, #1744, .T. ) ;
#5030 = CIRCLE ( 'NONE', #241, 0.2530954079066711770 ) ;
#5031 = ORIENTED_EDGE ( 'NONE', *, *, #1874, .F. ) ;
#5032 = DIRECTION ( 'NONE',  ( -0.1736481776669306365, 0.9848077530122080203, 0.000000000000000000 ) ) ;
#5033 = LINE ( 'NONE', #1443, #1569 ) ;
#5034 = ORIENTED_EDGE ( 'NONE', *, *, #76, .F. ) ;
#5035 = DIRECTION ( 'NONE',  ( 0.000000000000000000, -0.000000000000000000, -1.000000000000000000 ) ) ;
#5036 = VERTEX_POINT ( 'NONE', #424 ) ;
#5037 = FACE_OUTER_BOUND ( 'NONE', #322, .T. ) ;
#5038 = AXIS2_PLACEMENT_3D ( 'NONE', #4825, #2439, #2842 ) ;
#5039 = CYLINDRICAL_SURFACE ( 'NONE', #4428, 0.1499999999999998834 ) ;
#5040 = DIRECTION ( 'NONE',  ( 0.000000000000000000, -0.000000000000000000, -1.000000000000000000 ) ) ;
#5041 =( GEOMETRIC_REPRESENTATION_CONTEXT ( 3 ) GLOBAL_UNCERTAINTY_ASSIGNED_CONTEXT ( ( #2092 ) ) GLOBAL_UNIT_ASSIGNED_CONTEXT ( ( #1670, #1414, #1484 ) ) REPRESENTATION_CONTEXT ( 'NONE', 'WORKASPACE' ) );
#5042 = CARTESIAN_POINT ( 'NONE',  ( -1.950000000000000400, 0.8149999999999995026, 2.114999999999999769 ) ) ;
#5043 = ORIENTED_EDGE ( 'NONE', *, *, #726, .F. ) ;
#5044 = DIRECTION ( 'NONE',  ( -0.000000000000000000, -0.000000000000000000, -1.000000000000000000 ) ) ;
#5045 = DIRECTION ( 'NONE',  ( -1.000000000000000000, -6.162975822039154730E-33, 2.224004456380522396E-16 ) ) ;
#5046 = FACE_OUTER_BOUND ( 'NONE', #2071, .T. ) ;
#5047 = ORIENTED_EDGE ( 'NONE', *, *, #3871, .T. ) ;
#5048 = FACE_OUTER_BOUND ( 'NONE', #3681, .T. ) ;
#5049 = VECTOR ( 'NONE', #404, 1000.000000000000000 ) ;
#5050 = PLANE ( 'NONE',  #1769 ) ;
#5051 = VERTEX_POINT ( 'NONE', #829 ) ;
#5052 = DIRECTION ( 'NONE',  ( 0.000000000000000000, 0.000000000000000000, 1.000000000000000000 ) ) ;
#5053 = SPHERICAL_SURFACE ( 'NONE', #3550, 0.1499999999999999944 ) ;
#5054 = CARTESIAN_POINT ( 'NONE',  ( 1.950000000000000400, 1.034999999999999698, 1.694999999999999840 ) ) ;
#5055 = ORIENTED_EDGE ( 'NONE', *, *, #4899, .F. ) ;
#5056 = CYLINDRICAL_SURFACE ( 'NONE', #4290, 0.1499999999999999667 ) ;
#5057 = PLANE ( 'NONE',  #4561 ) ;
#5058 = EDGE_CURVE ( 'NONE', #562, #1943, #75, .T. ) ;
#5059 = ORIENTED_EDGE ( 'NONE', *, *, #2193, .F. ) ;
#5060 = CARTESIAN_POINT ( 'NONE',  ( 2.376657705662685416, 0.2882025990867243537, -1.695000000000000062 ) ) ;
#5061 = EDGE_CURVE ( 'NONE', #3534, #2152, #2836, .T. ) ;
#5062 = VERTEX_POINT ( 'NONE', #4788 ) ;
#5063 = CARTESIAN_POINT ( 'NONE',  ( -1.800000000000000711, 0.8149999999999995026, -2.449999999999996625 ) ) ;
#5064 = ADVANCED_FACE ( 'NONE', ( #3522 ), #1785, .F. ) ;
#5065 = CYLINDRICAL_SURFACE ( 'NONE', #2982, 0.1499999999999999667 ) ;
#5066 = FACE_OUTER_BOUND ( 'NONE', #2358, .T. ) ;
#5067 = ORIENTED_EDGE ( 'NONE', *, *, #3324, .F. ) ;
#5068 = FILL_AREA_STYLE_COLOUR ( '', #4586 ) ;
#5069 = EDGE_CURVE ( 'NONE', #321, #2437, #3556, .T. ) ;
#5070 = LINE ( 'NONE', #4162, #1605 ) ;
#5071 = VERTEX_POINT ( 'NONE', #1977 ) ;
#5072 = VECTOR ( 'NONE', #2584, 1000.000000000000114 ) ;
#5073 = ADVANCED_FACE ( 'NONE', ( #92 ), #1110, .F. ) ;
#5074 = CARTESIAN_POINT ( 'NONE',  ( -2.281855231289845243, 0.8258541484521909615, 2.114999999999999769 ) ) ;
#5075 = VERTEX_POINT ( 'NONE', #1145 ) ;
#5076 = CARTESIAN_POINT ( 'NONE',  ( -1.804282219532241438, 1.014917368148172017, 2.452822429843475760 ) ) ;
#5077 = CARTESIAN_POINT ( 'NONE',  ( -0.8500000000000007550, 1.600000000000000089, -1.649999999999997469 ) ) ;
#5078 = VECTOR ( 'NONE', #1967, 1000.000000000000000 ) ;
#5079 = EDGE_CURVE ( 'NONE', #2234, #663, #105, .T. ) ;
#5080 = ORIENTED_EDGE ( 'NONE', *, *, #2320, .F. ) ;
#5081 = FACE_OUTER_BOUND ( 'NONE', #4033, .T. ) ;
#5082 = FACE_OUTER_BOUND ( 'NONE', #2967, .T. ) ;
#5083 = CARTESIAN_POINT ( 'NONE',  ( -1.887973030627473126, 0.8089873279774169035, -2.449154974055151257 ) ) ;
#5084 = ORIENTED_EDGE ( 'NONE', *, *, #2770, .T. ) ;
#5085 = CARTESIAN_POINT ( 'NONE',  ( 1.726147334250474508, 0.3000000000000005440, -4.583247403651661340E-16 ) ) ;
#5086 = COLOUR_RGB ( '',0.8000000000000000444, 0.8196078431372548767, 0.9333333333333333481 ) ;
#5087 = VERTEX_POINT ( 'NONE', #2325 ) ;
#5088 = VECTOR ( 'NONE', #2969, 1000.000000000000114 ) ;
#5089 = EDGE_CURVE ( 'NONE', #3504, #275, #3577, .T. ) ;
#5090 = DIRECTION ( 'NONE',  ( -0.1378445374916288935, 0.9808148484639890308, 0.1378445374916289490 ) ) ;
#5091 = DIRECTION ( 'NONE',  ( -0.000000000000000000, 1.000000000000000000, -0.000000000000000000 ) ) ;
#5092 = EDGE_CURVE ( 'NONE', #663, #4897, #1888, .T. ) ;
#5093 = ORIENTED_EDGE ( 'NONE', *, *, #263, .F. ) ;
#5094 = DIRECTION ( 'NONE',  ( 0.000000000000000000, -0.000000000000000000, 1.000000000000000000 ) ) ;
#5095 = UNCERTAINTY_MEASURE_WITH_UNIT (LENGTH_MEASURE( 1.000000000000000082E-05 ), #4091, 'distance_accuracy_value', 'NONE');
#5096 = PRESENTATION_STYLE_ASSIGNMENT (( #4283 ) ) ;
#5097 = VERTEX_POINT ( 'NONE', #4018 ) ;
#5098 = DIRECTION ( 'NONE',  ( 1.000000000000000000, 0.000000000000000000, 0.000000000000000000 ) ) ;
#5099 = FACE_OUTER_BOUND ( 'NONE', #4279, .T. ) ;
#5100 = LINE ( 'NONE', #1114, #3467 ) ;
#5101 = ORIENTED_EDGE ( 'NONE', *, *, #3271, .T. ) ;
#5102 = DIRECTION ( 'NONE',  ( 0.000000000000000000, 1.000000000000000000, 0.000000000000000000 ) ) ;
#5103 = AXIS2_PLACEMENT_3D ( 'NONE', #1849, #170, #566 ) ;
#5104 = ORIENTED_EDGE ( 'NONE', *, *, #3801, .F. ) ;
#5105 = ADVANCED_FACE ( 'NONE', ( #455 ), #465, .T. ) ;
#5106 = LINE ( 'NONE', #4196, #3340 ) ;
#5107 = FACE_OUTER_BOUND ( 'NONE', #3719, .T. ) ;
#5108 = ORIENTED_EDGE ( 'NONE', *, *, #4773, .T. ) ;
#5109 = CARTESIAN_POINT ( 'NONE',  ( 1.949999999999998179, 0.8149999999999995026, -2.449999999999997513 ) ) ;
#5110 = CARTESIAN_POINT ( 'NONE',  ( 2.065197525627158637, 0.7876515493654663302, 1.694999999999999840 ) ) ;
#5111 = SURFACE_STYLE_FILL_AREA ( #4964 ) ;
#5112 = VERTEX_POINT ( 'NONE', #2363 ) ;
#5113 = VECTOR ( 'NONE', #58, 1000.000000000000114 ) ;
#5114 = EDGE_CURVE ( 'NONE', #3604, #4940, #3940, .T. ) ;
#5115 = LINE ( 'NONE', #4803, #5133 ) ;
#5116 = DIRECTION ( 'NONE',  ( 0.000000000000000000, 1.000000000000000000, 0.000000000000000000 ) ) ;
#5117 = ADVANCED_FACE ( 'NONE', ( #4882 ), #1946, .T. ) ;
#5118 = EDGE_LOOP ( 'NONE', ( #1656, #4468, #1788, #3674 ) ) ;
#5119 = CARTESIAN_POINT ( 'NONE',  ( -2.281855231289845243, 0.8258541484521909615, 2.114999999999999769 ) ) ;
#5120 = DIRECTION ( 'NONE',  ( 0.9975640502598243087, -0.06975647374412446977, 0.000000000000000000 ) ) ;
#5121 = VERTEX_POINT ( 'NONE', #5063 ) ;
#5122 = AXIS2_PLACEMENT_3D ( 'NONE', #1750, #4528, #4234 ) ;
#5123 = FACE_OUTER_BOUND ( 'NONE', #1549, .T. ) ;
#5124 = CARTESIAN_POINT ( 'NONE',  ( 2.159999999999999698, 0.2499999999999997224, 0.4250000000000000444 ) ) ;
#5125 = PLANE ( 'NONE',  #2816 ) ;
#5126 = EDGE_CURVE ( 'NONE', #3024, #5062, #1505, .T. ) ;
#5127 = LINE ( 'NONE', #122, #3419 ) ;
#5128 = ORIENTED_EDGE ( 'NONE', *, *, #3018, .F. ) ;
#5129 = DIRECTION ( 'NONE',  ( 0.000000000000000000, -1.000000000000000000, -0.000000000000000000 ) ) ;
#5130 = ORIENTED_EDGE ( 'NONE', *, *, #5142, .T. ) ;
#5131 = DIRECTION ( 'NONE',  ( 0.06975647374412446977, 0.9975640502598243087, 0.000000000000000000 ) ) ;
#5132 = VECTOR ( 'NONE', #4989, 1000.000000000000114 ) ;
#5133 = VECTOR ( 'NONE', #513, 1000.000000000000114 ) ;
#5134 = EDGE_CURVE ( 'NONE', #741, #4608, #1441, .T. ) ;
#5135 = ORIENTED_EDGE ( 'NONE', *, *, #3027, .T. ) ;
#5136 =( LENGTH_UNIT ( ) NAMED_UNIT ( * ) SI_UNIT ( .MILLI., .METRE. ) );
#5137 = AXIS2_PLACEMENT_3D ( 'NONE', #2397, #3633, #1144 ) ;
#5138 = ORIENTED_EDGE ( 'NONE', *, *, #3101, .F. ) ;
#5139 =( NAMED_UNIT ( * ) PLANE_ANGLE_UNIT ( ) SI_UNIT ( $, .RADIAN. ) );
#5140 = ORIENTED_EDGE ( 'NONE', *, *, #1652, .T. ) ;
#5141 = CARTESIAN_POINT ( 'NONE',  ( 1.950000000000000400, 0.8149999999999995026, 2.114999999999999769 ) ) ;
#5142 = EDGE_CURVE ( 'NONE', #2605, #3984, #4905, .T. ) ;
#5143 = CARTESIAN_POINT ( 'NONE',  ( -1.663367192792296834, 1.570875965144009845, -2.374687544561707497 ) ) ;
#5144 = CARTESIAN_POINT ( 'NONE',  ( -1.726147334250476062, 0.3000000000000005440, 2.226147334250474952 ) ) ;
#5145 = VERTEX_POINT ( 'NONE', #675 ) ;
#5146 = CYLINDRICAL_SURFACE ( 'NONE', #1373, 0.1499999999999999667 ) ;
#5147 = CARTESIAN_POINT ( 'NONE',  ( -2.065197525627158193, 0.7876515493654663302, -0.8450000000000000844 ) ) ;
#5148 = VERTEX_POINT ( 'NONE', #1892 ) ;
#5149 = DIRECTION ( 'NONE',  ( 0.000000000000000000, 0.000000000000000000, -1.000000000000000000 ) ) ;
#5150 = PLANE ( 'NONE',  #2244 ) ;
#5151 = EDGE_CURVE ( 'NONE', #2970, #4715, #3190, .T. ) ;
#5152 = DIRECTION ( 'NONE',  ( 0.1736481776669306365, 0.9848077530122080203, -0.000000000000000000 ) ) ;
#5153 = EDGE_CURVE ( 'NONE', #3659, #3690, #3078, .T. ) ;
#5154 = ORIENTED_EDGE ( 'NONE', *, *, #215, .F. ) ;
#5155 = VECTOR ( 'NONE', #486, 1000.000000000000000 ) ;
#5156 = DIRECTION ( 'NONE',  ( 1.000000000000000000, 0.000000000000000000, -0.000000000000000000 ) ) ;
#5157 = UNCERTAINTY_MEASURE_WITH_UNIT (LENGTH_MEASURE( 1.000000000000000082E-05 ), #4489, 'distance_accuracy_value', 'NONE');
#5158 = LINE ( 'NONE', #2401, #3436 ) ;
#5159 = ADVANCED_FACE ( 'NONE', ( #4926 ), #2638, .F. ) ;
#5160 = ORIENTED_EDGE ( 'NONE', *, *, #2183, .F. ) ;
#5161 = DIRECTION ( 'NONE',  ( 1.000000000000000000, 0.000000000000000000, -0.000000000000000000 ) ) ;
#5162 = EDGE_LOOP ( 'NONE', ( #44, #4320, #1372 ) ) ;
#5163 = CARTESIAN_POINT ( 'NONE',  ( 1.730177865118743830, 1.542197247838790641, 2.378718075429978818 ) ) ;
#5164 = PRESENTATION_STYLE_ASSIGNMENT (( #3150 ) ) ;
#5165 = EDGE_CURVE ( 'NONE', #4974, #571, #3240, .T. ) ;
#5166 = CARTESIAN_POINT ( 'NONE',  ( 2.032604911331567621, 0.7819045920933291871, 2.114999999999999769 ) ) ;
#5167 = ORIENTED_EDGE ( 'NONE', *, *, #3261, .T. ) ;
#5168 = DIRECTION ( 'NONE',  ( 0.000000000000000000, 0.000000000000000000, 1.000000000000000000 ) ) ;
#5169 = AXIS2_PLACEMENT_3D ( 'NONE', #4485, #2236, #2198 ) ;
#5170 = DIRECTION ( 'NONE',  ( -0.000000000000000000, -0.000000000000000000, -1.000000000000000000 ) ) ;
#5171 = ORIENTED_EDGE ( 'NONE', *, *, #2320, .T. ) ;
#5172 = LINE ( 'NONE', #246, #34 ) ;
#5173 = VECTOR ( 'NONE', #1205, 1000.000000000000000 ) ;
#5174 = CARTESIAN_POINT ( 'NONE',  ( 1.801452754537959722, 1.035050057699015591, -2.449992964849194266 ) ) ;
#5175 = AXIS2_PLACEMENT_3D ( 'NONE', #491, #2796, #825 ) ;
#5176 = EDGE_LOOP ( 'NONE', ( #3862, #1271, #2841, #3531 ) ) ;
#5177 = CARTESIAN_POINT ( 'NONE',  ( -1.950000000000000400, 0.8149999999999995026, -0.4250000000000000444 ) ) ;
#5178 = DIRECTION ( 'NONE',  ( 0.9902680687415703620, 0.1391731009600659930, 0.000000000000000000 ) ) ;
#5179 = EDGE_CURVE ( 'NONE', #714, #1003, #4855, .T. ) ;
#5180 = CARTESIAN_POINT ( 'NONE',  ( -2.281855231289845243, 0.8258541484521909615, 0.8450000000000000844 ) ) ;
#5181 = ORIENTED_EDGE ( 'NONE', *, *, #1255, .T. ) ;
#5182 = FACE_OUTER_BOUND ( 'NONE', #2790, .T. ) ;
#5183 = LINE ( 'NONE', #1924, #3371 ) ;
#5184 = VERTEX_POINT ( 'NONE', #2087 ) ;
#5185 = CARTESIAN_POINT ( 'NONE',  ( 1.799999999999999600, 0.8149999999999995026, 2.449999999999998401 ) ) ;
#5186 = CARTESIAN_POINT ( 'NONE',  ( 1.950000000000000400, 0.8149999999999995026, 1.694999999999999840 ) ) ;
#5187 = EDGE_CURVE ( 'NONE', #3808, #1891, #3224, .T. ) ;
#5188 = DIRECTION ( 'NONE',  ( -0.000000000000000000, -0.000000000000000000, -1.000000000000000000 ) ) ;
#5189 = ORIENTED_EDGE ( 'NONE', *, *, #2707, .T. ) ;
#5190 = AXIS2_PLACEMENT_3D ( 'NONE', #4533, #2524, #4951 ) ;
#5191 = VECTOR ( 'NONE', #1593, 1000.000000000000114 ) ;
#5192 = CARTESIAN_POINT ( 'NONE',  ( -2.999999999999999556, 0.2194640910571620529, 0.4250000000000000444 ) ) ;
#5193 = VECTOR ( 'NONE', #2340, 1000.000000000000000 ) ;
#5194 = ORIENTED_EDGE ( 'NONE', *, *, #517, .T. ) ;
ENDSEC;
END-ISO-10303-21;
